song_id,artist,title,period,genre,dominant_topic,topic_probability
8a8761684117,Bijelo dugme,A i ti me iznevjeri,sfrj,rok,1,0.673
317efec1508f,Bijelo dugme,A koliko si ih imala do sad,sfrj,rok,1,0.32
16d017f74639,Bijelo dugme,Aiaio radi radio,sfrj,rok,8,0.401
ea8eb32c239c,Bijelo dugme,"Ako možeš, zaboravi",sfrj,rok,5,0.357
8ab4d43481e7,Bijelo dugme,Ala je glupo zaboravit’ njen broj,sfrj,rok,7,0.588
6bd5fd93895c,Bijelo dugme,"Bekrija si, cijelo selo viče, e pa jesam šta se koga tiče",sfrj,rok,8,0.421
5f15709ac335,Bijelo dugme,"Bila mama Kukunka, bio tata Taranta",sfrj,rok,2,0.533
088f80624f2f,Bijelo dugme,Bitanga i princeza,sfrj,rok,2,0.31
e0df5af2939e,Bijelo dugme,Blues za moju bivšu dragu,sfrj,rok,0,0.579
2dbff97763bc,Bijelo dugme,Bosanac,sfrj,rok,1,0.399
677a100b6685,Bijelo dugme,Ćiribiribela,sfrj,rok,0,0.515
af6b897f08b7,Bijelo dugme,Čudesno jutro u krevetu gospođe Petrović,sfrj,rok,0,0.458
d48ee0086b78,Bijelo dugme,Da mi je znati koji joj je vrag,sfrj,rok,6,0.329
9159c3fbe10c,Bijelo dugme,Da sam pekar,sfrj,rok,0,0.541
9e4c77fc06e1,Bijelo dugme,Da te bogdo ne volim,sfrj,rok,1,0.323
501125fdcb28,Bijelo dugme,Dede bona sjeti se de tako ti svega,sfrj,rok,0,0.718
4bcbc1d55f67,Bijelo dugme,Došao sam da ti kažem da odlazim,sfrj,rok,0,0.284
5a70aac9e253,Bijelo dugme,Doživjeti stotu,sfrj,rok,1,0.401
b847e4d3b492,Bijelo dugme,Drugovi i drugarice,sfrj,rok,5,0.391
46ba38a80d6b,Bijelo dugme,"Đurđevdan, a ja nisam s onom koju volim",sfrj,rok,8,0.539
3f33cf7e4040,Bijelo dugme,Eto! Baš hoću!,sfrj,rok,3,0.325
74cd7cec479f,Bijelo dugme,"Evo noći, evo ludila",sfrj,rok,0,0.309
3672fd297465,Bijelo dugme,"Evo, zakleću se",sfrj,rok,5,0.522
7207cf7e17ba,Bijelo dugme,Glavni junak jedne knjige,sfrj,rok,1,0.33
6af9a1e3ccf2,Bijelo dugme,Goodbye America,sfrj,rok,1,0.322
b4070d6ee2bf,Bijelo dugme,"Ha, ha, ha",sfrj,rok,2,0.893
5a63e05e18e2,Bijelo dugme,Hej Slaveni,sfrj,rok,0,0.89
1f146048a240,Bijelo dugme,Hoću da budeš najsvjetlija (prijevod “Kosovske”),sfrj,rok,5,0.258
037ad4c3f9e8,Bijelo dugme,Hop cup,sfrj,rok,6,0.721
cfbd5bfa7a6d,Bijelo dugme,"Hotel, motel",sfrj,rok,0,0.722
dbd57088f681,Bijelo dugme,I kad sve prođe pjevaću i tad,sfrj,rok,1,0.428
43ded39cbfc6,Bijelo dugme,Ima neka tajna veza,sfrj,rok,0,0.581
b51cb3ff773b,Bijelo dugme,"Ipak, poželim neko pismo",sfrj,rok,0,0.296
a48a0d2e7a53,Bijelo dugme,Izgledala je malo čudno u kaputu žutom krojenom bez veze,sfrj,rok,6,0.274
5d7e82bf247f,Bijelo dugme,Jer kad ostariš,sfrj,rok,8,0.279
3063d24baa30,Bijelo dugme,Kad bi bio bijelo dugme,sfrj,rok,6,0.372
00ee267d4bec,Bijelo dugme,Kad zaboraviš Juli,sfrj,rok,0,0.379
a8a91fc7db0f,Bijelo dugme,Kosovska,sfrj,rok,2,0.61
42bf7511e533,Bijelo dugme,Kosovska (hoću da budeš najsvjetlija) (prijevod),sfrj,rok,5,0.258
122f9cd1ab91,Bijelo dugme,"Laku noć, svirači (with Željko Bebek)",sfrj,rok,2,0.318
5c231c0ff6b3,Bijelo dugme,Lijepa naša,sfrj,rok,0,0.431
ef4251889d38,Bijelo dugme,Lipe cvatu (sve je isto k’o i lani),sfrj,rok,3,0.29
554325d7974d,Bijelo dugme,Loše vino,sfrj,rok,2,0.426
002af0b7524f,Bijelo dugme,Meni se ne spava,sfrj,rok,8,0.442
700d8d50c55b,Bijelo dugme,Milicija trenira strogoću,sfrj,rok,1,0.761
0028c74d6419,Bijelo dugme,Milovan,sfrj,rok,8,0.313
5cf3b8cb1a9a,Bijelo dugme,Mogla je biti prosta priča,sfrj,rok,6,0.476
6eaf3bc90549,Bijelo dugme,"Mramor, kamen i željezo",sfrj,rok,8,0.524
31788e890c55,Bijelo dugme,Na zadnjem sjedištu moga auta,sfrj,rok,7,0.559
238ade43625b,Bijelo dugme,Nakon svih ovih godina,sfrj,rok,3,0.418
bc75de0c2e75,Bijelo dugme,Napile se ulice,sfrj,rok,0,0.623
ff40ac837eb8,Bijelo dugme,Ne dese se takve stvari pravom muškarcu,sfrj,rok,5,0.324
74aa098a7701,Bijelo dugme,Ne gledaj me tako i ne ljubi me više,sfrj,rok,0,0.239
696002500a79,Bijelo dugme,Ne spavaj mala moja muzika dok svira,sfrj,rok,7,0.279
9e08b0cee496,Bijelo dugme,Neću to na brzaka,sfrj,rok,0,0.377
46825b4c569b,Bijelo dugme,Ništa mudro,sfrj,rok,0,0.315
8b928db29d4d,Bijelo dugme,Noćas je k’o lubenica pun mjesec iznad Bosne,sfrj,rok,8,0.552
f5e64461df96,Bijelo dugme,Odlikaši,sfrj,rok,7,0.637
bf2826b6943a,Bijelo dugme,Oprosti mi što te volim,sfrj,rok,8,0.536
1c6ba84650df,Bijelo dugme,Ovaj ples dame biraju,sfrj,rok,6,0.251
34cafca4d273,Bijelo dugme,Ove ću noći naći blues,sfrj,rok,0,0.53
f4e492853d0a,Bijelo dugme,Padaju zvijezde,sfrj,rok,8,0.471
e054ccd6bed4,Bijelo dugme,Patim evo deset dana,sfrj,rok,1,0.369
ac4b119140a4,Bijelo dugme,Pediculis pubis,sfrj,rok,9,0.261
bc0e870da7e9,Bijelo dugme,Pjesma mom mlađem bratu (iz Niša u proljeće `78),sfrj,rok,7,0.364
3cb98a2c2a76,Bijelo dugme,Pjesma za malu pticu,sfrj,rok,0,0.472
d8b72653d9a0,Bijelo dugme,Pljuni i zapjevaj moja Jugoslavijo,sfrj,rok,0,0.454
1c8f8578fff1,Bijelo dugme,Polubauk polukruži poluevropom,sfrj,rok,3,0.523
dbb16cedadec,Bijelo dugme,Požurite konji moji,sfrj,rok,0,0.649
edea4770e26d,Bijelo dugme,Pravim budalu od sebe,sfrj,rok,8,0.432
ee749bfa002b,Bijelo dugme,Pristao sam bi’ću sve što hoće,sfrj,rok,0,0.404
dd09446cf5f5,Bijelo dugme,Ružica si bila,sfrj,rok,0,0.688
731cea7a8e2c,Bijelo dugme,Sanjao sam noćas da te nemam,sfrj,rok,0,0.435
27d4cb995b32,Bijelo dugme,Selma,sfrj,rok,8,0.358
42473d74ebbd,Bijelo dugme,Slatko li je curu ljubit tajno,sfrj,rok,8,0.285
c25f4d205e64,Bijelo dugme,Šta bi dao da si na mom mjestu,sfrj,rok,7,0.398
8bffedae1c14,Bijelo dugme,Šta je tu je,sfrj,rok,9,0.444
edc1c5b76d78,Bijelo dugme,"Sve će to, o mila moja, prekriti ruzmarin snjegovi i šaš",sfrj,rok,0,0.436
950dc7ed4c3d,Bijelo dugme,Sve ću da ti dam samo da zaigram,sfrj,rok,2,0.337
562403f0ccd6,Bijelo dugme,Sve ove godine,sfrj,rok,0,0.461
8c7e30fdaa9a,Bijelo dugme,Svi marš na ples,sfrj,rok,2,0.721
0297bd61f893,Bijelo dugme,"Tako ti je mala moja, kad ljubi Bosanac",sfrj,rok,9,0.375
fc404e31058f,Bijelo dugme,"Te noći kad umrem, kad odem, kad me ne bude",sfrj,rok,5,0.396
9d05048213ec,Bijelo dugme,Top,sfrj,rok,7,0.631
36f0ae024c5c,Bijelo dugme,Tramvaj kreće (kako biti heroj u ova šugava vremena),sfrj,rok,0,0.365
c8006c54eb24,Bijelo dugme,U subotu mala,sfrj,rok,6,0.391
18e48aab5ddd,Bijelo dugme,U vrijeme otkazanih letova,sfrj,rok,0,0.394
faf74110e8a3,Bijelo dugme,Za Esmu,sfrj,rok,0,0.626
b413a3806ac1,Bijelo dugme,Zamisli,sfrj,rok,7,0.321
1c624119579a,Bijelo dugme,Zar ne vidiš da pravim budalu od sebe,sfrj,rok,8,0.51
9978f89e92b5,Bijelo dugme,Zašto me ne podnosi tvoj tata,sfrj,rok,9,0.329
d100f237388a,Bijelo dugme,Zažmiri i broj,sfrj,rok,7,0.484
2ea7a2b4a9f3,Bijelo dugme,Žuta ruža,sfrj,rok,0,0.951
e67867955e59,Divlje jagode,Autostop,sfrj,rok,7,0.412
0b954bde6b3e,Divlje jagode,Bit će bolje,sfrj,rok,7,0.572
173ff15280b8,Divlje jagode,Bubi,sfrj,rok,6,0.576
45d2c006237b,Divlje jagode,Čarobnjaci,sfrj,rok,4,0.378
29eafa56c885,Divlje jagode,Čekam da sunce zađe,sfrj,rok,0,0.745
0c719893bdc4,Divlje jagode,Ciganka,sfrj,rok,8,0.489
6b9fbe546b8a,Divlje jagode,"Cmokni me, srce",sfrj,rok,6,0.258
ce422823ab48,Divlje jagode,Da li si ikada mene voljela,sfrj,rok,0,0.278
53041eb32d22,Divlje jagode,Davno ljeto ’89,sfrj,rok,0,0.598
282313fa5419,Divlje jagode,Dinamit,sfrj,rok,7,0.474
e10de0d16406,Divlje jagode,Divljakuša,sfrj,rok,0,0.607
dbe917636f06,Divlje jagode,Divlje jagode,sfrj,rok,0,0.968
0a0ce4ff2e82,Divlje jagode,Divlji zapad,sfrj,rok,0,0.369
267076457888,Divlje jagode,"Dobro došla, ljubavi",sfrj,rok,3,0.471
17513bd457dc,Divlje jagode,Dodirni me,sfrj,rok,6,0.331
8203ba855e8c,Divlje jagode,"Dodirni me, skloni bol",sfrj,rok,0,0.422
ce22ffe94fb2,Divlje jagode,Đavolji grad,sfrj,rok,0,0.488
93ceba1efd0c,Divlje jagode,Hopa cupa,sfrj,rok,7,0.426
66a2a9430f0a,Divlje jagode,Jedina moja,sfrj,rok,0,0.685
ae9d64129c12,Divlje jagode,Kako si topla i mila,sfrj,rok,0,0.372
93781680ffc5,Divlje jagode,Kap po kap,sfrj,rok,0,0.413
485361a7e750,Divlje jagode,Konji,sfrj,rok,0,0.623
471ba134fb18,Divlje jagode,Krivo je more,sfrj,rok,0,0.5
2a3539eb1003,Divlje jagode,Labude kad rata ne bude,sfrj,rok,0,0.456
9109df8f7948,Divlje jagode,Lejla,sfrj,rok,7,0.417
8b5c905162f8,Divlje jagode,Let na drugi svijet,sfrj,rok,0,0.7
7eb40522708d,Divlje jagode,Ljubav može sve,sfrj,rok,5,0.357
698b36f66ccf,Divlje jagode,London,sfrj,rok,0,0.408
ed4894bea0e9,Divlje jagode,Marija,sfrj,rok,0,0.496
46fda59dbe0a,Divlje jagode,"Meni je lijepo, ja volim slijepo",sfrj,rok,8,0.342
a3cc72658cec,Divlje jagode,Metalni radnici,sfrj,rok,8,0.388
c39529a13b2f,Divlje jagode,Moj dilbere,sfrj,rok,0,0.762
9095c837b331,Divlje jagode,Moja si,sfrj,rok,0,0.439
41741245b7bf,Divlje jagode,Mojoj ljubavi,sfrj,rok,0,0.881
c868829e2a41,Divlje jagode,Morison,sfrj,rok,5,0.463
6f9054935795,Divlje jagode,Motori,sfrj,rok,8,0.393
023a16e392fb,Divlje jagode,Mrak za dvoje,sfrj,rok,7,0.427
e45f248f5021,Divlje jagode,Nasmiješi se,sfrj,rok,0,0.423
57ec5403fb66,Divlje jagode,Nazovi me,sfrj,rok,7,0.289
d24ac152fea3,Divlje jagode,Ne brini sestro,sfrj,rok,3,0.26
7c71ef62ea87,Divlje jagode,Ne želiš kraj,sfrj,rok,3,0.287
45911bc4109b,Divlje jagode,Obuci se,sfrj,rok,3,0.434
c296eed502c4,Divlje jagode,"Osjećam, gola si ispod haljine",sfrj,rok,0,0.33
45191887f65c,Divlje jagode,Pepeljuga,sfrj,rok,6,0.348
0345037e608d,Divlje jagode,Piši mi,sfrj,rok,9,0.444
9d1ea62365b4,Divlje jagode,Potraži put,sfrj,rok,0,0.66
fad76ba2709a,Divlje jagode,Sama si,sfrj,rok,0,0.372
340340a6587d,Divlje jagode,Samo tren,sfrj,rok,8,0.421
a80588114bb3,Divlje jagode,Šampioni,sfrj,rok,7,0.483
ee3182045d8c,Divlje jagode,"Sarajevo, ti i ja",sfrj,rok,0,0.5
c3ab771d5e4a,Divlje jagode,Šejla,sfrj,rok,0,0.897
38a8a18efd07,Divlje jagode,Sjećanja,sfrj,rok,0,0.629
d3bad12e53c5,Divlje jagode,Šta je to u tebi,sfrj,rok,7,0.223
d514bc7656a7,Divlje jagode,Sto vijekova,sfrj,rok,0,0.503
f9f04766fcb2,Divlje jagode,Sve iz inata,sfrj,rok,7,0.244
5d3247802935,Divlje jagode,Svi nisu kao ja,sfrj,rok,7,0.354
4d793bb9c42f,Divlje jagode,Ti si moj san,sfrj,rok,0,0.556
36ffea9af25e,Divlje jagode,To je sve,sfrj,rok,1,0.45
abc1071de594,Divlje jagode,Vatra,sfrj,rok,0,0.424
382342dbd578,Divlje jagode,Vodarica,sfrj,rok,0,0.553
608031da0cc8,Divlje jagode,Zagrizi rock ‘n’ roll,sfrj,rok,3,0.529
8c8d584953be,Divlje jagode,Zauvijek tvoj,sfrj,rok,0,0.413
9ed73ae68d23,Divlje jagode,Zbog tebe draga,sfrj,rok,0,0.61
9294ba8da159,Divlje jagode,Želim da te imam,sfrj,rok,1,0.373
dc23305ae439,Divlje jagode,Zvijezda sjevera,sfrj,rok,8,0.659
cbcb13f84e17,Parni valjak,A gdje je ljubav?,sfrj,rok,4,0.351
82c702c7ca97,Parni valjak,A ja bih sa vragom sklopio savez,sfrj,rok,0,0.382
ee316b83558d,Parni valjak,Ajde igraj,sfrj,rok,2,0.469
f290eb3b4bc9,Parni valjak,Ako želim,sfrj,rok,9,0.507
6a6a2481459d,Parni valjak,Anđeli se dosađuju,sfrj,rok,0,0.32
806ca3640e55,Parni valjak,Anja,sfrj,rok,6,0.446
fe186e7a4291,Parni valjak,Autoput,sfrj,rok,7,0.25
3b259356a348,Parni valjak,Bijeg,sfrj,rok,0,0.712
4aa5b25ee170,Parni valjak,Bolja vremena,sfrj,rok,1,0.505
6b24ee234624,Parni valjak,Čitaj mi sa usana,sfrj,rok,0,0.354
98725f1bc83d,Parni valjak,Crni dani,sfrj,rok,0,0.478
6432c61059e0,Parni valjak,Depra,sfrj,rok,1,0.35
1bc21e468601,Parni valjak,Direktan put za nebo,sfrj,rok,0,0.438
596b0cf42597,Parni valjak,Dixie za pravog gazdu,sfrj,rok,3,0.237
0433cffc527d,Parni valjak,Dođi,sfrj,rok,0,0.788
5b1f19640542,Parni valjak,Dok je tebe,sfrj,rok,0,0.366
7eb572c4883d,Parni valjak,Dosta,sfrj,rok,0,0.689
752994aef345,Parni valjak,Gledam je dok spava,sfrj,rok,1,0.297
e2d26773a2ba,Parni valjak,Godine prolaze,sfrj,rok,0,0.366
81cdf6583b92,Parni valjak,Hvala ti,sfrj,rok,5,0.307
59e460957fa0,Parni valjak,Ima dana,sfrj,rok,0,0.572
e76603b21d4d,Parni valjak,Ivana,sfrj,rok,0,0.382
b9f0a7862718,Parni valjak,Ja još čekam,sfrj,rok,7,0.297
60c276fb051e,Parni valjak,Jesen u meni,sfrj,rok,0,0.465
b8490fd05d3b,Parni valjak,Kada kola krenu nizbrdo,sfrj,rok,0,0.292
e73417eff4b6,Parni valjak,Kada me dotakne,sfrj,rok,0,0.636
91a5435ac866,Parni valjak,Kao prije,sfrj,rok,0,0.396
5cdd63e41916,Parni valjak,Kao ti,sfrj,rok,0,0.434
5bab4dc32dcb,Parni valjak,Kaži ja,sfrj,rok,7,0.281
923b2ef8d224,Parni valjak,Kemija,sfrj,rok,5,0.221
c434f232102e,Parni valjak,Ljubavna,sfrj,rok,0,0.391
ff6bd236513d,Parni valjak,Lutka za bal,sfrj,rok,0,0.293
2d38275899bb,Parni valjak,Lutrija,sfrj,rok,3,0.473
da697148eb1d,Parni valjak,Ma ‘ajde (gledaj stvari mojim očima),sfrj,rok,7,0.322
3dcbe624785d,Parni valjak,Mala laž,sfrj,rok,1,0.32
b5edfc269a1b,Parni valjak,Mijenjam se,sfrj,rok,7,0.63
92ed75aac9de,Parni valjak,Mir na jastuku,sfrj,rok,5,0.44
f68854663c78,Parni valjak,Moja je pjesma lagana,sfrj,rok,0,0.447
178d8ef60f8c,Parni valjak,Moje dnevne paranoje,sfrj,rok,7,0.325
48699d58c852,Parni valjak,Molitva,sfrj,rok,0,0.405
15ac8e53eab6,Parni valjak,Ne zovi,sfrj,rok,1,0.365
68b6f348f700,Parni valjak,Neda,sfrj,rok,3,0.455
3b15460afc7e,Parni valjak,Nemirno more,sfrj,rok,3,0.326
80530c38b080,Parni valjak,Oba lica ljubavi,sfrj,rok,5,0.552
c431e5d8f6b6,Parni valjak,Ona je tako prokleto mlada,sfrj,rok,7,0.375
f5b339aac81a,Parni valjak,Ostavljam trag,sfrj,rok,7,0.434
e080cd9e833a,Parni valjak,Otok,sfrj,rok,0,0.365
32f9342fda33,Parni valjak,Pariz,sfrj,rok,0,0.436
6bdb98d49a02,Parni valjak,Povratak ratnika,sfrj,rok,8,0.371
32c59897781d,Parni valjak,Prokleta nedjelja,sfrj,rok,0,0.49
25d5b4d8ae7c,Parni valjak,Pusti nek’ traje,sfrj,rok,0,0.533
094e76e5ecf9,Parni valjak,Romansa (sada bih drugačije),sfrj,rok,8,0.479
9ac078ac2b29,Parni valjak,Sai-Baba blues,sfrj,rok,7,0.312
16192b3cb20c,Parni valjak,Samo san,sfrj,rok,0,0.496
c0e082d7ff80,Parni valjak,Samo sjećanja,sfrj,rok,7,0.614
6ea4f0ab7f59,Parni valjak,Sanjam,sfrj,rok,3,0.333
299f4a9acd9e,Parni valjak,Sedamsto milja od kuće,sfrj,rok,0,0.367
d07681bbd833,Parni valjak,Sjaj u očima,sfrj,rok,7,0.309
2dcfb612954c,Parni valjak,Sjećanja,sfrj,rok,0,0.629
9633faa01565,Parni valjak,Staška,sfrj,rok,1,0.411
dc21bd08790a,Parni valjak,Stranica dnevnika,sfrj,rok,0,0.345
1dc0f5440e6f,Parni valjak,Suzama se vatre ne gase,sfrj,rok,0,0.25
5b64929a4ed0,Parni valjak,Sve još miriše na nju,sfrj,rok,0,0.367
e90e2223fb0a,Parni valjak,To nije političan song,sfrj,rok,5,0.28
0ad712e604f7,Parni valjak,Tvoji koraci,sfrj,rok,0,0.352
21237575911b,Parni valjak,U ljubav vjerujem,sfrj,rok,7,0.21
282092b61d3d,Parni valjak,U prolazu,sfrj,rok,9,0.379
92b04a93236b,Parni valjak,Uhvati ritam,sfrj,rok,0,0.419
f4896b909a95,Parni valjak,Večeras trebam društvo,sfrj,rok,0,0.318
4efc9f735d2c,Parni valjak,Vrijeme ljubavi,sfrj,rok,1,0.285
d2abcf5e925f,Parni valjak,Za ljubav treba imat dušu,sfrj,rok,0,0.702
48418301485a,Parni valjak,Zagreb ima isti pozivni,sfrj,rok,0,0.581
bba2b971e3ea,Parni valjak,Zapjevaj,sfrj,rok,0,0.421
8ba197c744ae,Parni valjak,Zapleši sa mnom ove noći,sfrj,rok,0,0.421
4d63bc36731b,Parni valjak,Zastave,sfrj,rok,0,0.466
ed5918c413c2,Parni valjak,Zvijezda sjevera,sfrj,rok,8,0.659
80d9f54b2dbc,Prljavo kazalište,449 (Četiri četiri devet – Svaki put kad odlaziš),sfrj,rok,0,0.444
d94b34ed4c74,Prljavo kazalište,A ti idi,sfrj,rok,0,0.517
cca0ed853d8d,Prljavo kazalište,Ako odlučiš,sfrj,rok,3,0.736
148229aca5ea,Prljavo kazalište,Ako tražiš nekoga,sfrj,rok,0,0.396
7b7b5e4df746,Prljavo kazalište,Anarhist,sfrj,rok,0,0.381
269675e7663b,Prljavo kazalište,Beznadežni slučaj,sfrj,rok,1,0.594
da5a45a4a6a9,Prljavo kazalište,Bježi ptico od mene,sfrj,rok,8,0.612
5b40a04786f4,Prljavo kazalište,Brane srušit ću sve,sfrj,rok,5,0.448
d718b469e9db,Prljavo kazalište,Budala malena,sfrj,rok,1,0.365
e812d631b142,Prljavo kazalište,Buntovnik bez razloga,sfrj,rok,2,0.598
040e4fd6261d,Prljavo kazalište,Crno-bijeli svijet,sfrj,rok,0,0.43
9864727abf3f,Prljavo kazalište,Dan za danom,sfrj,rok,7,0.638
69f983a7253e,Prljavo kazalište,Devedeseta,sfrj,rok,3,0.423
acdeca52fd83,Prljavo kazalište,Djevojka od milijun dolara,sfrj,rok,2,0.455
b5dd8bee788a,Prljavo kazalište,Dobar vjetar u leđa,sfrj,rok,1,0.302
c8f037904760,Prljavo kazalište,"Dobro jutro, šezdeset osmaši",sfrj,rok,7,0.381
5b62d244edf9,Prljavo kazalište,"Dođi sada, Gospode",sfrj,rok,0,0.364
b9038d1aaa59,Prljavo kazalište,Drugovima ja ne vjerujem,sfrj,rok,6,0.681
cf7252f9f953,Prljavo kazalište,Evo putujem,sfrj,rok,0,0.568
928f3e52783f,Prljavo kazalište,Groblje slonova,sfrj,rok,6,0.479
fad47335f8f8,Prljavo kazalište,Heroj ulice,sfrj,rok,1,0.503
af3917f69d4b,Prljavo kazalište,Iz nekih starih razloga,sfrj,rok,0,0.411
7e641510daeb,Prljavo kazalište,Kad si mlad,sfrj,rok,1,0.362
1170a8be6ec6,Prljavo kazalište,Kao ja da poludiš,sfrj,rok,0,0.288
46af8ad0a1a3,Prljavo kazalište,Kiše jesenje,sfrj,rok,2,0.361
7cbec0712d2f,Prljavo kazalište,Korak od sna,sfrj,rok,5,0.247
0c9cfd17238e,Prljavo kazalište,Korak po korak,sfrj,rok,5,0.711
f67a5d90ecd9,Prljavo kazalište,"Laku noć, tebi, Zagrebe",sfrj,rok,9,0.28
33e4a54b417c,Prljavo kazalište,Ljubav je,sfrj,rok,0,0.379
416da7279200,Prljavo kazalište,Lupi petama,sfrj,rok,0,0.871
d0b29f64357d,Prljavo kazalište,Ma kog me boga za tebe pitaju,sfrj,rok,8,0.432
4b53d31166fe,Prljavo kazalište,Marina,sfrj,rok,8,0.681
2b7f630854e1,Prljavo kazalište,Mi pijemo,sfrj,rok,0,0.438
10d09f6cd9c5,Prljavo kazalište,Mi plešemo,sfrj,rok,0,0.414
1ddfaef448ee,Prljavo kazalište,Mi smo svijeta dva,sfrj,rok,0,0.431
fd368e5bfdd5,Prljavo kazalište,Moj bijeli labude,sfrj,rok,0,0.561
b02536f91ddc,Prljavo kazalište,Moj dom je Hrvatska,sfrj,rok,0,0.551
a74a850bf51e,Prljavo kazalište,Mojoj majci (ružo hrvatska),sfrj,rok,0,0.696
9831a258dbd7,Prljavo kazalište,Na Badnje veče,sfrj,rok,0,0.324
759ac435ca17,Prljavo kazalište,Na živce ide mi,sfrj,rok,6,0.401
9a54b0088250,Prljavo kazalište,Ne bih te zatajio,sfrj,rok,8,0.457
25d2301a8e21,Prljavo kazalište,Ne zovi mama doktora,sfrj,rok,1,0.365
93220b479a8b,Prljavo kazalište,Nebo zvjezdano,sfrj,rok,0,0.243
0a6acdfdb698,Prljavo kazalište,Neki dječaci,sfrj,rok,2,0.292
5b2231ca4e41,Prljavo kazalište,Nemoj mislit da se izvlačim,sfrj,rok,0,0.34
4671fab125d5,Prljavo kazalište,Nisam bio za tebe,sfrj,rok,7,0.449
bebca7a397ed,Prljavo kazalište,Nisam ja od pamuka,sfrj,rok,0,0.697
a0bf7a1fa12e,Prljavo kazalište,Nove cipele,sfrj,rok,7,0.353
c11fd8c29409,Prljavo kazalište,Od sveg zla,sfrj,rok,0,0.303
63aafc9f83d7,Prljavo kazalište,Ona nema vremena,sfrj,rok,0,0.379
866d31505f4d,Prljavo kazalište,Oprostio mi Bog,sfrj,rok,0,0.411
ac570b8ec180,Prljavo kazalište,Pet dana ratujem,sfrj,rok,1,0.431
6bb756a089d4,Prljavo kazalište,Pisma ljubavna,sfrj,rok,0,0.458
ef5915963a37,Prljavo kazalište,Pod sretnom zvijezdom mi smo rođeni,sfrj,rok,0,0.263
2cfe20b18d22,Prljavo kazalište,Previše suza u mom pivu,sfrj,rok,0,0.453
e1853687ebca,Prljavo kazalište,Prisluškuju nas susjedi,sfrj,rok,1,0.648
2914f3273c7e,Prljavo kazalište,Ptico malena,sfrj,rok,8,0.345
d0d004fea1b8,Prljavo kazalište,Radio dubrava,sfrj,rok,1,0.592
a07b846377b6,Prljavo kazalište,S vremena na vrijeme,sfrj,rok,0,0.384
90039c401364,Prljavo kazalište,Sam,sfrj,rok,0,0.673
0158b9bb8b0b,Prljavo kazalište,Sanja,sfrj,rok,0,0.566
8818828d9d00,Prljavo kazalište,Široke ulice,sfrj,rok,5,0.364
a9945ecec623,Prljavo kazalište,Skočit ću,sfrj,rok,4,0.384
6c4c158c61c3,Prljavo kazalište,Slaži mi,sfrj,rok,6,0.411
089e80362e1f,Prljavo kazalište,Smeđi šećeru,sfrj,rok,9,0.376
95d86b55fbc8,Prljavo kazalište,Sretan Božić,sfrj,rok,5,0.384
be4bb86dd973,Prljavo kazalište,Šteta što je kurva,sfrj,rok,2,0.571
46285b1dfca2,Prljavo kazalište,Stoljeće il’ dva,sfrj,rok,1,0.589
df061119a040,Prljavo kazalište,Strah od letenja,sfrj,rok,6,0.355
1cb419f914f2,Prljavo kazalište,Sve je lako kad si mlad,sfrj,rok,8,0.465
ded6b592f18c,Prljavo kazalište,Tamo imam prijatelje,sfrj,rok,2,0.304
efab85ee31ef,Prljavo kazalište,Tu noć kad si se udavala,sfrj,rok,0,0.47
f497bc428727,Prljavo kazalište,Uzalud vam trud svirači,sfrj,rok,0,0.315
aab65dfd28b2,Prljavo kazalište,Vlakovi,sfrj,rok,6,0.421
10626f0ee730,Prljavo kazalište,Vrijeme (sporo prolazi),sfrj,rok,2,0.322
4d4947fae9ad,Prljavo kazalište,Zaustavite zemlju,sfrj,rok,5,0.521
88c4dab446fb,Prljavo kazalište,"Zbogom dame, zbogom prijatelji",sfrj,rok,0,0.661
b24e3bc5cb4e,YU Grupa,Blok,sfrj,rok,7,0.427
31f47f8ce554,YU Grupa,"Bože, spasi me",sfrj,rok,5,0.446
08ceb416da2c,YU Grupa,Crni leptir,sfrj,rok,8,0.53
f095df11fddc,YU Grupa,Čudna šuma,sfrj,rok,2,0.328
67a304d9fd7b,YU Grupa,Dunave,sfrj,rok,0,0.696
15f7d3539fc2,YU Grupa,Dunavom još šibaju vetrovi,sfrj,rok,0,0.38
7f2f464bdc4f,YU Grupa,Duša peva,sfrj,rok,0,0.531
d4eba4c901d4,YU Grupa,Galebov let,sfrj,rok,0,0.531
d218253ae6ff,YU Grupa,Gledaj samo pravo,sfrj,rok,0,0.435
f245da6f452e,YU Grupa,"Hej, da me vidiš",sfrj,rok,7,0.277
319019e780f0,YU Grupa,Ima samo jedna stvar,sfrj,rok,0,0.563
63e37847c4fd,YU Grupa,Kosovski božuri,sfrj,rok,8,0.472
bd36b78313b1,YU Grupa,"Moravo, mi smo uz Tita",sfrj,rok,7,0.581
6f4f1dd9e768,YU Grupa,More,sfrj,rok,0,0.623
5830faa4bf81,YU Grupa,Mornar,sfrj,rok,1,0.275
b57657c921ec,YU Grupa,Ne zovi,sfrj,rok,1,0.416
ad433350109a,YU Grupa,Nona,sfrj,rok,4,0.444
63150b3440a1,YU Grupa,Od zlata jabuka,sfrj,rok,0,0.396
82e08c597a30,YU Grupa,Odlazim,sfrj,rok,0,0.353
11032db4c15f,YU Grupa,Opasno,sfrj,rok,0,0.753
c4bc0dc6d8e1,YU Grupa,Osveta,sfrj,rok,5,0.525
7dc172fc1abe,YU Grupa,Poslednja pesma,sfrj,rok,7,0.565
09fe62545c09,YU Grupa,Pustinja,sfrj,rok,6,0.384
8b5d45baa460,YU Grupa,Reka,sfrj,rok,0,0.535
045f042302e3,YU Grupa,Ruža vetrova,sfrj,rok,0,0.637
1d65adfa7ae5,YU Grupa,Sama,sfrj,rok,0,0.95
fa9efee3c80c,YU Grupa,Sosana,sfrj,rok,8,0.769
f237ba8fc2e4,YU Grupa,U tami disko kluba,sfrj,rok,7,0.375
fe533f65a706,YU Grupa,Ulica kestena,sfrj,rok,0,0.502
9a0eeb9c1ae8,YU Grupa,Vreme ljubav ubija,sfrj,rok,0,0.464
c306fc0037ce,YU Grupa,Zaboravi,sfrj,rok,1,0.363
5a8fbc50a1f9,YU Grupa,Zar je ljubav to,sfrj,rok,8,0.447
1de26ebe8ef2,YU Grupa,Zašto ljubav navodi na strah,sfrj,rok,1,0.43
992bed73df40,Smak,Idi,sfrj,rok,4,0.421
1925e14508bd,Smak,Ljudi nije fer,sfrj,rok,7,0.31
b7f060382581,Leb i sol,Autoput,sfrj,rok,0,0.376
c1fa50c218e2,Leb i sol,Beli mrak,sfrj,rok,0,0.593
83b27d3cc479,Leb i sol,Bonus,sfrj,rok,5,0.373
dc435bfef195,Leb i sol,Čekam kišu,sfrj,rok,0,0.61
d7d190da9009,Leb i sol,Čudo za tri dana,sfrj,rok,0,0.353
ddf911c69ae6,Leb i sol,Čukni vo drvo,sfrj,rok,8,0.535
5cd306e285e7,Leb i sol,Čuvam noć od budnih,sfrj,rok,7,0.332
9eb9e010cfc4,Leb i sol,Femme fatale,sfrj,rok,0,0.499
4bcb9629d4e9,Leb i sol,Hvala na svemu,sfrj,rok,7,0.468
800cc5e78726,Leb i sol,Igraj,sfrj,rok,2,0.386
350b53ded556,Leb i sol,Ima jedno nešto,sfrj,rok,1,0.407
6fa5f4b30df6,Leb i sol,Istok-zapad (Telepatski),sfrj,rok,0,0.477
58b37f9f0eda,Leb i sol,Ja nisam tvoj,sfrj,rok,3,0.381
94cd1644a75a,Leb i sol,"Jovano, Jovanke",sfrj,rok,4,0.308
5a976bbe4ecc,Leb i sol,Kalabalak,sfrj,rok,0,0.275
2556a137ae56,Leb i sol,Kao kakao,sfrj,rok,9,0.344
cd67b8b32716,Leb i sol,Kontakt je skup,sfrj,rok,9,0.583
5630fef3b181,Leb i sol,Kriza tridesetih,sfrj,rok,4,0.293
a311d26326f9,Leb i sol,Laku noć,sfrj,rok,7,0.331
ec6501e3f02e,Leb i sol,Lenja pesma,sfrj,rok,0,0.396
6a0c0d181cfb,Leb i sol,Let u mestu,sfrj,rok,0,0.492
a4930dc55185,Leb i sol,Malo sutra,sfrj,rok,4,0.255
d5b30a859fc0,Leb i sol,Mamurni ljudi,sfrj,rok,0,0.697
299f4e52fa5c,Leb i sol,Njena sena,sfrj,rok,0,0.431
7aa65728e228,Leb i sol,Nosim tvoj žig,sfrj,rok,0,0.367
de6f4a1dc2a2,Leb i sol,Otrov i med,sfrj,rok,3,0.308
80b543e7ff71,Leb i sol,Pazi da paziš,sfrj,rok,9,0.784
d2a2ca8c236a,Leb i sol,Putujemo,sfrj,rok,0,0.527
084dfbbeed2e,Leb i sol,Romansa,sfrj,rok,0,0.605
6dfd60b3a90c,Leb i sol,Samarkand,sfrj,rok,0,0.456
031481f1273d,Leb i sol,Sivo je,sfrj,rok,8,0.425
1b5077956a34,Leb i sol,Skopje,sfrj,rok,0,0.374
892d681b6289,Leb i sol,Sumorno proleće,sfrj,rok,0,0.417
fa438f4def18,Leb i sol,Tako blizu,sfrj,rok,6,0.247
ed2bd2e2d172,Leb i sol,Talasna dužina,sfrj,rok,7,0.335
241bb02f3e13,Leb i sol,Trač,sfrj,rok,9,0.23
2e727103ef0e,Leb i sol,U tome je stvar,sfrj,rok,0,0.462
60c9326061fc,Leb i sol,"Uči me majko, karaj me",sfrj,rok,5,0.86
deaf0d47e1ae,Leb i sol,Ženama,sfrj,rok,0,0.298
a61ffc2cfdc0,Leb i sol,Živa rana,sfrj,rok,7,0.359
299c64b8585e,Galija,Čuvam ti mesto pored prozora,sfrj,rok,0,0.851
091e46a8f11a,Galija,Da li si sanjala,sfrj,rok,0,0.486
98afbc3cb31b,Galija,Da me nisi,sfrj,rok,3,0.389
dd52911fae64,Galija,Digni ruku,sfrj,rok,6,0.563
854cba4f3611,Galija,Dodirni me,sfrj,rok,0,0.48
32f5b5d8929d,Galija,Još uvek sanjam,sfrj,rok,5,0.547
32a52ec03116,Galija,Kaća,sfrj,rok,0,0.374
17e6eaad923f,Galija,Kad me pogledaš,sfrj,rok,3,0.407
27ae44a80d76,Galija,Kao boja tvoga oka,sfrj,rok,8,0.308
6a55583391f5,Galija,Kotor,sfrj,rok,0,0.427
f8b451a0ba15,Galija,Mi znamo sudbu,sfrj,rok,0,0.545
b22342f36837,Galija,Možda sam lud,sfrj,rok,7,0.611
1d691b972070,Galija,Na Drini ćuprija,sfrj,rok,0,0.401
ce9c4a310f1d,Galija,Na tvojim usnama,sfrj,rok,8,0.619
430b4f14dd15,Galija,Ne mogu da tebe ne poželim,sfrj,rok,0,0.248
182f03870625,Galija,Ne tugujem ja,sfrj,rok,0,0.413
fd8ab92aa257,Galija,Noć,sfrj,rok,0,0.636
836329794f56,Galija,Ona je moja,sfrj,rok,7,0.315
932ba37a9bd0,Galija,Poljubi me,sfrj,rok,8,0.348
1443f9ceb4cb,Galija,Pravoslavlje,sfrj,rok,2,0.335
3ebe4f7c9af0,Galija,Seti se maja,sfrj,rok,5,0.351
a7cecfc71281,Galija,Skadarska,sfrj,rok,0,0.333
09148d4253a6,Galija,Ta burna pijana noć,sfrj,rok,0,0.397
3c408b972b95,Galija,Ti možeš sve,sfrj,rok,9,0.319
12d022217750,Galija,Trube,sfrj,rok,0,0.517
75c23aa921ba,Idoli,Čokolada,sfrj,novi_talas,0,0.931
b66664686e31,Idoli,Devojko mala,sfrj,novi_talas,0,0.576
3e37367dca97,Idoli,Malena,sfrj,novi_talas,1,0.427
2a503ec10fd1,Idoli,Maljčiki,sfrj,novi_talas,0,0.774
2f265b7bb948,Idoli,Retko te viđam sa devojkama,sfrj,novi_talas,0,0.398
a64d03ae50da,Električni orgazam,A ti me opet zoveš,sfrj,novi_talas,7,0.52
e775002d0d5e,Električni orgazam,A um bum,sfrj,novi_talas,3,0.374
0977c6af159b,Električni orgazam,Afrika,sfrj,novi_talas,6,0.482
e9aed1de2336,Električni orgazam,Bejbe gde si ti,sfrj,novi_talas,7,0.512
8827167eefe6,Električni orgazam,Bejbe ti nisi tu,sfrj,novi_talas,7,0.471
6880eb3f548a,Električni orgazam,Da ili ne,sfrj,novi_talas,5,0.266
77cca59dcc0e,Električni orgazam,Da si tako jaka,sfrj,novi_talas,1,0.52
532c17046ba7,Električni orgazam,Daj mi sklonište,sfrj,novi_talas,9,0.638
04eb2e7684ab,Električni orgazam,Dajem ljubav,sfrj,novi_talas,0,0.604
0e7357ae728e,Električni orgazam,Danas je dan,sfrj,novi_talas,3,0.559
f11aacb1d99f,Električni orgazam,Danas nisam sasvim svoj,sfrj,novi_talas,3,0.395
7d6e0a06eb03,Električni orgazam,Debela devojka,sfrj,novi_talas,9,0.507
a88ef7ede998,Električni orgazam,Devojke,sfrj,novi_talas,9,0.323
b29a263cd923,Električni orgazam,Dokolica,sfrj,novi_talas,0,0.689
ea1447357865,Električni orgazam,Električni orgazam,sfrj,novi_talas,7,0.464
33e469e97219,Električni orgazam,Evo sada vidiš da može,sfrj,novi_talas,3,0.6
b900c06aa603,Električni orgazam,Fleke,sfrj,novi_talas,8,0.338
6f90d8f1f883,Električni orgazam,Fras u šupi,sfrj,novi_talas,0,0.266
5e30acb1ab7f,Električni orgazam,Gde da nađem takvu devojku,sfrj,novi_talas,1,0.522
f81c4f9943a8,Električni orgazam,Glave,sfrj,novi_talas,7,0.925
c4c33aa08b8f,Električni orgazam,Hajde reci sada ti,sfrj,novi_talas,3,0.402
945c9e8df15a,Električni orgazam,"Hajde, bejbe (daj da vidim sad)",sfrj,novi_talas,9,0.603
b7cf24f3eda8,Električni orgazam,"Hajde, hajde, devojko",sfrj,novi_talas,9,0.742
20b6fb251ccb,Električni orgazam,Halucinacije,sfrj,novi_talas,7,0.677
6080a2a250d2,Električni orgazam,"Hej, ti",sfrj,novi_talas,7,0.578
d087eeda8583,Električni orgazam,Hodam sad kao zombi,sfrj,novi_talas,5,0.492
789455d37401,Električni orgazam,Hteo bih da znam,sfrj,novi_talas,7,0.455
4c06e25ba105,Električni orgazam,I nikog nema da nas probudi,sfrj,novi_talas,5,0.532
25a413b3a48e,Električni orgazam,Igra rock’n’roll cela Jugoslavija,sfrj,novi_talas,9,0.537
dc81e80281bb,Električni orgazam,Infekcija,sfrj,novi_talas,0,0.845
e4686757c380,Električni orgazam,Istina nema kraj,sfrj,novi_talas,7,0.472
38af22c76c43,Električni orgazam,Ja nisam znao neke stvari,sfrj,novi_talas,7,0.373
7612c7bc773a,Električni orgazam,Ja sam sasvim normalan,sfrj,novi_talas,7,0.611
01f60784c752,Električni orgazam,Ja sam težak kao konj,sfrj,novi_talas,0,0.279
12751be00168,Električni orgazam,Jak kao kamen,sfrj,novi_talas,7,0.43
0b145c6bd65e,Električni orgazam,Kad si sam,sfrj,novi_talas,7,0.335
9e4d1250b62b,Električni orgazam,Kad sve devojke budu moje,sfrj,novi_talas,9,0.752
50dacbdec894,Električni orgazam,Kakav je to svet,sfrj,novi_talas,7,0.443
d73fa4c2af26,Električni orgazam,Kako bubanj kaže,sfrj,novi_talas,1,0.784
2de4d2e6f652,Električni orgazam,Kapetan esid,sfrj,novi_talas,6,0.71
906e610cb40b,Električni orgazam,Kažu mi da te vratim mami,sfrj,novi_talas,1,0.324
d444aea69a51,Električni orgazam,Klinci traže zabavu,sfrj,novi_talas,0,0.307
858461ae2028,Električni orgazam,Ko se sada seća svega,sfrj,novi_talas,0,0.421
05dbcf715d85,Električni orgazam,Konobar,sfrj,novi_talas,7,0.672
a2cf94df30f9,Električni orgazam,Krokodili dolaze,sfrj,novi_talas,3,0.532
0f2d2d302230,Električni orgazam,"Lui, Lui",sfrj,novi_talas,7,0.466
2547aaf7e8a6,Električni orgazam,Magična ruka,sfrj,novi_talas,0,0.762
684b2adb90c7,Električni orgazam,Mentalno,sfrj,novi_talas,1,0.441
bf6bbdc95fef,Električni orgazam,Metadonska terapija,sfrj,novi_talas,7,0.527
04c13ada1328,Električni orgazam,Mislim da sam lud,sfrj,novi_talas,9,0.524
1cbf63f0f596,Električni orgazam,Moj je život paranoja,sfrj,novi_talas,7,0.417
59590d203f27,Električni orgazam,Ne postojim,sfrj,novi_talas,7,0.437
d18caffbb078,Električni orgazam,Nebo,sfrj,novi_talas,4,0.481
ff1ba0ce7b49,Električni orgazam,Nebo broji korake,sfrj,novi_talas,9,0.378
6374183eae8c,Električni orgazam,Neka sada vide svi,sfrj,novi_talas,8,0.378
677b100ed7dd,Električni orgazam,Neka vetar nosi,sfrj,novi_talas,5,0.345
dd2ef3c1bf2b,Električni orgazam,Nezgodno,sfrj,novi_talas,0,0.316
3a0ca66f9b07,Električni orgazam,Nikog više ne čekam,sfrj,novi_talas,3,0.413
5f6666b75fba,Električni orgazam,Odelo,sfrj,novi_talas,8,0.493
b9a819f06d38,Električni orgazam,Ona šeta psa,sfrj,novi_talas,3,0.309
ec091545cd9a,Električni orgazam,Ona uvek želi sve,sfrj,novi_talas,3,0.398
c9cc41a7042d,Električni orgazam,Oslobodi se (u krugu svetlosti),sfrj,novi_talas,5,0.347
57cdd326accf,Električni orgazam,Ovde je podzemlje,sfrj,novi_talas,8,0.594
686ac349f2a1,Električni orgazam,Pet je šest,sfrj,novi_talas,0,0.627
3f3c1a8c5477,Električni orgazam,Pobuna,sfrj,novi_talas,2,0.375
310a8d9dfb42,Električni orgazam,Podstanar,sfrj,novi_talas,0,0.332
ff4ba9340609,Električni orgazam,Pođimo,sfrj,novi_talas,0,0.452
6b501728969c,Električni orgazam,Pojmove ne povezujem,sfrj,novi_talas,3,0.553
fa23cba9a0ef,Električni orgazam,Poljubi me i priznaj mi,sfrj,novi_talas,9,0.433
5f0229dbe024,Električni orgazam,Prestani,sfrj,novi_talas,6,0.38
2e0c852b1953,Električni orgazam,Princeza,sfrj,novi_talas,7,0.383
a6e2985de355,Električni orgazam,Prljava mala devojčica,sfrj,novi_talas,9,0.607
08518462aef4,Električni orgazam,Promene,sfrj,novi_talas,3,0.444
cc1a8ee004c4,Električni orgazam,Protiv sebe,sfrj,novi_talas,7,0.4
e84356383007,Električni orgazam,Rasipam se,sfrj,novi_talas,0,0.329
19d5033afb34,Električni orgazam,Reči lete baš bez veze,sfrj,novi_talas,0,0.396
84965af7550c,Električni orgazam,Ša la la,sfrj,novi_talas,6,0.378
a68b6dfab972,Električni orgazam,Sada svaka majka zna,sfrj,novi_talas,8,0.378
e8e41658af35,Električni orgazam,Sam sa tobom,sfrj,novi_talas,3,0.354
ad9a3c08d620,Električni orgazam,Sasvim sam,sfrj,novi_talas,6,0.492
19b874d5bf9f,Električni orgazam,"Seks, droga, nasilje i strah",sfrj,novi_talas,7,0.466
66b679f15ffb,Električni orgazam,Senke zidova,sfrj,novi_talas,3,0.367
54396a3a2ced,Električni orgazam,Sijaj sad kao novo sunce,sfrj,novi_talas,3,0.284
ac57f762c018,Električni orgazam,Skamenjen,sfrj,novi_talas,9,0.568
9086f398ddc5,Električni orgazam,Skloke ploke flonge,sfrj,novi_talas,5,0.62
407e7402a6b6,Električni orgazam,Spojimo se sad,sfrj,novi_talas,7,0.38
7d3ffa1f8d1c,Električni orgazam,Sunce zna da mesec zna,sfrj,novi_talas,9,0.513
e2c8936bdb09,Električni orgazam,Suze nisu dovoljne (da te operu),sfrj,novi_talas,3,0.543
dee623f95ef1,Električni orgazam,Svaka nova noć,sfrj,novi_talas,0,0.391
0a6af12ca974,Električni orgazam,Sve ste vi naše devojke,sfrj,novi_talas,9,0.751
d26331cd7cc7,Električni orgazam,"Sve što radim, radim za nju",sfrj,novi_talas,9,0.473
f8d454484add,Električni orgazam,"Svečane bele košulje (Anica Dobra, iz filma “Crni bombarder”)",sfrj,novi_talas,7,0.377
9e9dea9653df,Električni orgazam,Svi ljudi i sve žene,sfrj,novi_talas,7,0.352
459b63583025,Električni orgazam,Ti,sfrj,novi_talas,9,0.29
370c85c714fa,Električni orgazam,Ti radiš sve,sfrj,novi_talas,7,0.453
55c4d9f30e35,Električni orgazam,Tome neće doći kraj,sfrj,novi_talas,7,0.498
62847583e9ac,Električni orgazam,Tvoj dan,sfrj,novi_talas,7,0.486
a8608c93999e,Električni orgazam,Umetnost,sfrj,novi_talas,0,0.367
090ee965d9c8,Električni orgazam,Vi,sfrj,novi_talas,5,0.469
34ce4d1b01e0,Električni orgazam,Vidim svoj lik,sfrj,novi_talas,7,0.573
ca8c1f23438a,Električni orgazam,Više nikad kao nekad,sfrj,novi_talas,9,0.357
40fbaa0b6af2,Električni orgazam,Više nisam tvoj,sfrj,novi_talas,9,0.384
8601f2e77066,Električni orgazam,Voda u moru,sfrj,novi_talas,0,0.556
cf9234907f1c,Električni orgazam,Vreme je za akciju,sfrj,novi_talas,0,0.342
28303dfd2963,Električni orgazam,Vudu bluz,sfrj,novi_talas,2,0.636
09b0e1ff990e,Električni orgazam,Zagreb,sfrj,novi_talas,5,0.62
51e2033256fd,Električni orgazam,Zašto da ne,sfrj,novi_talas,1,0.85
cf5e99b00210,Električni orgazam,Zato stojim sam,sfrj,novi_talas,7,0.576
914cb769a845,Električni orgazam,Zlatni papagaj,sfrj,novi_talas,4,0.302
2e3c16876684,Električni orgazam,Žuto,sfrj,novi_talas,0,0.443
51fdbd227457,Haustor,Bi’ mogo da mogu,sfrj,novi_talas,5,0.382
c752f76dd9bd,Haustor,Čudne misli,sfrj,novi_talas,7,0.655
ec3a5a04b424,Haustor,Djevojke u ljetnim haljinama,sfrj,novi_talas,9,0.465
e2b788b3c44d,Haustor,Donje strane munje,sfrj,novi_talas,0,0.389
281c922642f8,Haustor,Duhovi,sfrj,novi_talas,0,0.35
57424ced8b60,Haustor,Ena,sfrj,novi_talas,0,0.392
1fbeb9c62169,Haustor,Ja želim,sfrj,novi_talas,9,0.347
e1e61a8198e3,Haustor,Mijenjam se,sfrj,novi_talas,7,0.534
ac1ede3f9345,Haustor,Moja prva ljubav,sfrj,novi_talas,9,0.458
29364591fd7e,Haustor,Nada,sfrj,novi_talas,9,0.377
5a7828c58bbe,Haustor,Neobičan dan,sfrj,novi_talas,8,0.688
01847799abf0,Haustor,Noć u gradu,sfrj,novi_talas,0,0.611
ba941a6ae50c,Haustor,Radio,sfrj,novi_talas,0,0.269
4448170c945c,Haustor,Radnička klasa odlazi u raj,sfrj,novi_talas,0,0.551
bb6628d7075d,Haustor,Šal od svile,sfrj,novi_talas,0,0.574
cdd7b76d2d7c,Haustor,Samo na čas,sfrj,novi_talas,6,0.415
eeb38391a8b8,Haustor,Sejmeni,sfrj,novi_talas,0,0.53
5cee86871d38,Haustor,Šejn,sfrj,novi_talas,7,0.544
5ce1b3c3a8c8,Haustor,Skidaj se,sfrj,novi_talas,7,0.527
817d7119c24f,Haustor,Skriven iza lažnih imena,sfrj,novi_talas,0,0.588
f5ae79e63f25,Haustor,Tajni grad,sfrj,novi_talas,7,0.507
cd01c14fecc1,Haustor,Take The Money And Run,sfrj,novi_talas,3,0.606
00b2bfaaa0e2,Haustor,Tko je to,sfrj,novi_talas,0,0.402
f5b26fb63fe3,Haustor,Treći svijet,sfrj,novi_talas,0,0.858
2ce3b5233a0b,Haustor,Uhode,sfrj,novi_talas,1,0.396
14c132f3bbd9,Haustor,Ula ulala,sfrj,novi_talas,0,0.396
ab36430c6144,Haustor,Uzalud pitaš,sfrj,novi_talas,0,0.528
e2971b6859e1,Zdravko Čolić,A sad sam ja na redu,sfrj,pop,1,0.486
3ac72c5e51bc,Zdravko Čolić,Adam i Eva,sfrj,pop,7,0.51
d6f2295d9e91,Zdravko Čolić,Afrika,sfrj,pop,0,0.722
30af36fac1b4,Zdravko Čolić,Ajde idi,sfrj,pop,9,0.349
fefdbb3a41a3,Zdravko Čolić,"Ajde, ajde, Jasmina",sfrj,pop,0,0.729
6509c7a939f6,Zdravko Čolić,Ako jednom budeš sama,sfrj,pop,0,0.776
05aaccb65992,Zdravko Čolić,Anđela,sfrj,pop,0,0.332
8119b2ea8a08,Zdravko Čolić,Ao nono bijela,sfrj,pop,5,0.738
acfb8cf351d0,Zdravko Čolić,April u Beogradu,sfrj,pop,8,0.359
12e7d68fbdd1,Zdravko Čolić,Balerina,sfrj,pop,0,0.574
eaf48d88bcc0,Zdravko Čolić,Bar jedan ples,sfrj,pop,2,0.733
cc0aaed7cf36,Zdravko Čolić,Bembaša,sfrj,pop,0,0.354
f8a80ca90fa4,Zdravko Čolić,Bila si bolja,sfrj,pop,7,0.218
c3b2809dd07b,Zdravko Čolić,Biti il’ ne biti,sfrj,pop,5,0.238
dea01e52cee5,Zdravko Čolić,Bling blinge bling,sfrj,pop,6,0.389
7973cecf4d99,Zdravko Čolić,Brodolomci,sfrj,pop,0,0.605
5cf81e3d59f4,Zdravko Čolić,Caje sukarije,sfrj,pop,0,0.219
c874293f55e6,Zdravko Čolić,Čarape crne,sfrj,pop,6,0.381
084396d5b413,Zdravko Čolić,"Cherie, cherie",sfrj,pop,7,0.36
8252d35eacfe,Zdravko Čolić,Čija je ono zvijezda,sfrj,pop,7,0.478
486a0ef772fc,Zdravko Čolić,Čini ti se grmi,sfrj,pop,6,0.402
bddb2504aff3,Zdravko Čolić,Cura iz Zenice,sfrj,pop,0,0.245
d6e8654aafed,Zdravko Čolić,Da mi nije ove moje tuge,sfrj,pop,0,0.368
28910ff6e3c6,Zdravko Čolić,Da ti kažem šta mi je,sfrj,pop,3,0.306
3534de119ae7,Zdravko Čolić,Daj mi to,sfrj,pop,0,0.279
6c522a37e86d,Zdravko Čolić,Dome moj,sfrj,pop,0,0.366
ff0a3cf6c651,Zdravko Čolić,Doviđenja,sfrj,pop,6,0.521
424d9b88cf5f,Zdravko Čolić,Druže Tito mi ti se kunemo,sfrj,pop,5,0.51
5f8eb4b3c876,Zdravko Čolić,"E draga, draga",sfrj,pop,0,0.588
1f0542c24012,Zdravko Čolić,Glavo luda,sfrj,pop,6,0.292
eb610611b273,Zdravko Čolić,Gori vatra,sfrj,pop,0,0.399
40e008505ce1,Zdravko Čolić,Gospa Mica gazdarica,sfrj,pop,0,0.272
b162f857cc77,Zdravko Čolić,Hajmo negdje nasamo,sfrj,pop,0,0.756
2691b4d43a9c,Zdravko Čolić,Hej suzo,sfrj,pop,0,0.29
4fe49b79744d,Zdravko Čolić,Hotel Balkan,sfrj,pop,9,0.391
9e6f206ddf06,Zdravko Čolić,Hvala ti nebo,sfrj,pop,0,0.425
f14799b91152,Zdravko Čolić,I ‘m not a robot man,sfrj,pop,0,0.55
9e86f6619532,Zdravko Čolić,I šta tebe briga šta ja radim,sfrj,pop,3,0.306
ac140eb13788,Zdravko Čolić,Idem da odmorim,sfrj,pop,7,0.578
1c8bc589e9e6,Zdravko Čolić,Igra,sfrj,pop,7,0.38
b677f0b0af8b,Zdravko Čolić,Igraš se vatrom,sfrj,pop,0,0.434
cf85ebee3c5d,Zdravko Čolić,Isti put,sfrj,pop,0,0.438
0964c5a0c074,Zdravko Čolić,"Jako, jako slabo srce zavodiš",sfrj,pop,6,0.323
ee83018ffdbd,Zdravko Čolić,Jastreb,sfrj,pop,6,0.327
f2759ad8a4f6,Zdravko Čolić,Jedina,sfrj,pop,0,0.582
a8cf8bf02efe,Zdravko Čolić,Jedna zima sa Kristinom,sfrj,pop,0,0.668
63ef8330b244,Zdravko Čolić,Juče još,sfrj,pop,0,0.431
a350e6faee00,Zdravko Čolić,Julija,sfrj,pop,0,0.558
18fb8beddfaa,Zdravko Čolić,Južnjaci,sfrj,pop,8,0.372
05feee2df4b6,Zdravko Čolić,Kad bi moja bila,sfrj,pop,5,0.301
5b65493997ef,Zdravko Čolić,Kao moja mati,sfrj,pop,0,0.471
1af1788eaaa6,Zdravko Čolić,Kažeš da ti nekad izgledam ko Dunav,sfrj,pop,0,0.398
4fd634bfbdb6,Zdravko Čolić,Ko te ljubi kad nisam tu,sfrj,pop,0,0.337
93e76f446bf4,Zdravko Čolić,Konačno sam,sfrj,pop,5,0.417
c47abc736166,Zdravko Čolić,Krasiva,sfrj,pop,7,0.606
cd63641a5618,Zdravko Čolić,Kristina,sfrj,pop,0,0.632
1c31e015871d,Zdravko Čolić,Kuba,sfrj,pop,0,0.371
44a2460f67af,Zdravko Čolić,Kukavica,sfrj,pop,7,0.545
566fdf500ea6,Zdravko Čolić,Ljubav ima lažni sjaj,sfrj,pop,0,0.272
b9f024327594,Zdravko Čolić,Ljubav je ljubav,sfrj,pop,0,0.659
9b6f8f011f62,Zdravko Čolić,Ljubav je samo riječ,sfrj,pop,0,0.338
604c0be5aa9c,Zdravko Čolić,Ljubomora,sfrj,pop,0,0.41
724e21877559,Zdravko Čolić,Loš glas,sfrj,pop,4,0.632
9c005a2c1fc0,Zdravko Čolić,Loše vino,sfrj,pop,2,0.378
ed454046d073,Zdravko Čolić,Madre Mia,sfrj,pop,0,0.7
5bfe00e8b5f0,Zdravko Čolić,Mađarica,sfrj,pop,0,0.338
5cb653efe16e,Zdravko Čolić,Majsko sunce,sfrj,pop,0,0.61
5fdf86c34fde,Zdravko Čolić,Malo pojačaj radio,sfrj,pop,7,0.377
d853c9e10a10,Zdravko Čolić,Mangupska,sfrj,pop,2,0.35
b621b719df69,Zdravko Čolić,Maslinasto zelena,sfrj,pop,8,0.314
85403dd6ade6,Zdravko Čolić,Mastilo i voda,sfrj,pop,0,0.723
d6a21c8da069,Zdravko Čolić,Melanholija,sfrj,pop,9,0.538
a61b74f05a45,Zdravko Čolić,"Mjerkam te, mjerkam",sfrj,pop,0,0.552
3ecc970ac7cb,Zdravko Čolić,Mnogo hvala,sfrj,pop,6,0.328
bb40daf36536,Zdravko Čolić,Moj bol,sfrj,pop,9,0.664
6f53291a9e06,Zdravko Čolić,Moja draga,sfrj,pop,0,0.518
afab702293c3,Zdravko Čolić,Na adresi ti piše,sfrj,pop,1,0.774
c3f730b32178,Zdravko Čolić,Na ovaj dan,sfrj,pop,0,0.375
065007678268,Zdravko Čolić,Ne daj se mladosti,sfrj,pop,0,0.432
836c7438e4d9,Zdravko Čolić,Ne dam ti svoju ljubav,sfrj,pop,8,0.438
d80640cc4898,Zdravko Čolić,"Ne kunite, ne krivite",sfrj,pop,0,0.34
b520dc0c292a,Zdravko Čolić,Ne mogu biti tvoj,sfrj,pop,0,0.416
4470733f332a,Zdravko Čolić,Negdje na dnu srca,sfrj,pop,3,0.414
f504b1d7cd3b,Zdravko Čolić,Nevjera,sfrj,pop,9,0.374
7c08c3e3bc5e,Zdravko Čolić,Nevjerna žena,sfrj,pop,0,0.391
06d7a48a8a32,Zdravko Čolić,Ničiji i svačiji,sfrj,pop,0,0.361
16b8d536014b,Zdravko Čolić,Noć mi te duguje,sfrj,pop,8,0.355
6a47af542d35,Zdravko Čolić,Nove lakovane cipelice,sfrj,pop,3,0.396
618895b80f99,Zdravko Čolić,Odvešću te,sfrj,pop,5,0.424
6624f95e6d19,Zdravko Čolić,"Oj, djevojko selen velen",sfrj,pop,5,0.438
2b17846c5f10,Zdravko Čolić,Okano,sfrj,pop,3,0.828
d73f9f04f1e7,Zdravko Čolić,"Oktobar je, počinje sezona kiša",sfrj,pop,6,0.367
951a949dc265,Zdravko Čolić,Ona spava,sfrj,pop,1,0.462
80ad3990c95f,Zdravko Čolić,Ostanimo prijatelji,sfrj,pop,0,0.395
cf70f8330ce3,Zdravko Čolić,Osvojio bi’ sve,sfrj,pop,9,0.38
22966a7e92e7,Zdravko Čolić,Pamti me po dobru,sfrj,pop,9,0.293
171f6847f949,Zdravko Čolić,Pisaću joj pisma duga,sfrj,pop,0,0.33
842542638103,Zdravko Čolić,Pjesmo moja,sfrj,pop,0,0.508
b343d9c48ba6,Zdravko Čolić,Pjevaću za svoju dušu,sfrj,pop,7,0.587
bc6acc2d2662,Zdravko Čolić,"Pjevaj, pjevaj na kletoj gitari",sfrj,pop,0,0.748
84da4328fe10,Zdravko Čolić,"Pjevam danju, pjevam noću",sfrj,pop,0,0.618
2edb2d7e07ff,Zdravko Čolić,Pobjegnimo koji dan na more,sfrj,pop,3,0.301
7ab8127d21a2,Zdravko Čolić,Pod lumbrelom,sfrj,pop,0,0.721
eb6e85fce79a,Zdravko Čolić,Pogledaj u nebo,sfrj,pop,0,0.707
971c92045208,Zdravko Čolić,Poslije raskoši i sjaja,sfrj,pop,0,0.4
627d48dc7516,Zdravko Čolić,Prava stvar,sfrj,pop,0,0.496
c18a68b5b554,Zdravko Čolić,Produži dalje,sfrj,pop,2,0.211
33b667b0a21b,Zdravko Čolić,"Pusti, pusti modu",sfrj,pop,0,0.599
41bfcf87be6d,Zdravko Čolić,Rijeka suza i na njoj lađa,sfrj,pop,6,0.247
c83f36205501,Zdravko Čolić,"Rodi me, majko, sretnog",sfrj,pop,8,0.304
64a35ec5127a,Zdravko Čolić,Rođendanska pjesma,sfrj,pop,6,0.608
360a0813a60a,Zdravko Čolić,Ruska,sfrj,pop,0,0.626
f54b0eba6f02,Zdravko Čolić,"Sačuvaj me, Bože, njene ljubavi",sfrj,pop,0,0.249
7836605af409,Zdravko Čolić,Samo kad mi kažeš ljubav,sfrj,pop,4,0.315
13d154558e76,Zdravko Čolić,Samo ona zna,sfrj,pop,6,0.441
376c8dbff3fb,Zdravko Čolić,Sarajevo,sfrj,pop,1,0.774
a1b27b285376,Zdravko Čolić,Sinoć nisi bila tu,sfrj,pop,0,0.648
e129cf34a5fc,Zdravko Čolić,Sjedni mi u krilo,sfrj,pop,0,0.311
5c6d419bc464,Zdravko Čolić,Slike iz detinjstava,sfrj,pop,0,0.613
fddbfc386af2,Zdravko Čolić,Smijem se bez smisla,sfrj,pop,8,0.235
2372adc3997a,Zdravko Čolić,Sonata,sfrj,pop,0,0.533
50abddd9e534,Zdravko Čolić,Spavaju li oči nebeske,sfrj,pop,8,0.654
02551829be88,Zdravko Čolić,Srce je čudna zvijerka,sfrj,pop,1,0.247
ecfd5b59fdf6,Zdravko Čolić,Šta mi radiš,sfrj,pop,3,0.634
6f3cd8ac6858,Zdravko Čolić,Šta radiš tu,sfrj,pop,7,0.497
7a75d2cfc08f,Zdravko Čolić,Stanica podlugovi,sfrj,pop,0,0.687
aed086a6853d,Zdravko Čolić,Stari moj,sfrj,pop,0,0.737
5ed190b25c93,Zdravko Čolić,Stavi prst na čelo,sfrj,pop,0,0.233
bf51f1c793f7,Zdravko Čolić,Sto puta,sfrj,pop,7,0.6
6c54b544bcb8,Zdravko Čolić,Što si prepotentna,sfrj,pop,9,0.448
9243dd6a719a,Zdravko Čolić,Svadbarskim sokakom,sfrj,pop,7,0.277
7122d104eead,Zdravko Čolić,Svitanje,sfrj,pop,0,0.431
cf52be7ea5ef,Zdravko Čolić,Tabakera,sfrj,pop,0,0.626
db4aed01cecb,Zdravko Čolić,Tako tiho,sfrj,pop,6,0.339
ebc20786a7ec,Zdravko Čolić,Tesno doba,sfrj,pop,5,0.478
9c6bdfe33b4e,Zdravko Čolić,Ti možeš sve al’ jedno ne,sfrj,pop,0,0.294
ce826de582c4,Zdravko Čolić,Ti si bila uvijek bila,sfrj,pop,1,0.39
9c35553697a8,Zdravko Čolić,Ti si mi u krvi,sfrj,pop,8,0.319
0482c89375f8,Zdravko Čolić,"Ti si svjetlo, ja sam tama",sfrj,pop,5,0.341
0df5fcee81a6,Zdravko Čolić,Titovim putem,sfrj,pop,5,0.537
96bc828b4924,Zdravko Čolić,Trinaest dana,sfrj,pop,4,0.254
e885ddcce208,Zdravko Čolić,Tvoje oči,sfrj,pop,8,0.347
375b982be5c3,Zdravko Čolić,U boji vina,sfrj,pop,0,0.29
d2e5d319379d,Zdravko Čolić,U dnu čoveka uspomena,sfrj,pop,0,0.478
9916e9bc222b,Zdravko Čolić,Ustani sestro,sfrj,pop,6,0.318
f34e47fb7870,Zdravko Čolić,Vagabund,sfrj,pop,0,0.357
42aa9b0935ef,Zdravko Čolić,"Vala, vrijeme je",sfrj,pop,0,0.591
69335a1dfe68,Zdravko Čolić,Vrijeme,sfrj,pop,0,0.744
f272bebf2804,Zdravko Čolić,Zaboravi sva proljeća,sfrj,pop,5,0.5
a2af882cce64,Zdravko Čolić,"Zaboravljaš, zar ne?",sfrj,pop,1,0.44
212cfe29dfee,Zdravko Čolić,Zagrli me,sfrj,pop,0,0.508
cb784721d3d4,Zdravko Čolić,Zašto spavaš,sfrj,pop,0,0.554
47a719c78eb4,Zdravko Čolić,Zavičaj,sfrj,pop,0,0.509
5101eefacc46,Zdravko Čolić,Zbog tebe,sfrj,pop,0,0.417
61fd31a974be,Zdravko Čolić,"Zbogom, Ivana",sfrj,pop,8,0.413
52b54db5f291,Zdravko Čolić,Zelena si rijeka bila,sfrj,pop,0,0.366
216251e23018,Zdravko Čolić,Želimirom mir se želi,sfrj,pop,1,0.316
a7fbfde9b115,Zdravko Čolić,Živiš u oblacima,sfrj,pop,8,0.277
7674cd2ff2f0,Zdravko Čolić,"Život je lijep, Helene Marie",sfrj,pop,6,0.289
1d0eabffd704,Zdravko Čolić,Zločin i kazna,sfrj,pop,0,0.378
6f7281faa2a9,Zdravko Čolić,Zvao sam je Emili,sfrj,pop,0,0.222
dacbf43758dc,Oliver Dragojević,2002. godine u Splitu,sfrj,pop,0,0.416
1e6c672af958,Oliver Dragojević,A sad adio,sfrj,pop,0,0.445
cc4e47770d6f,Oliver Dragojević,A vitar puše,sfrj,pop,6,0.725
fa15c2a8589e,Oliver Dragojević,Adio Bella,sfrj,pop,0,0.639
cd933ef005d2,Oliver Dragojević,Adio kumpanji,sfrj,pop,0,0.632
a3293535ef6c,Oliver Dragojević,Ajde idi svojim putem,sfrj,pop,3,0.484
ddb2879478f8,Oliver Dragojević,"Ajde, zbogom",sfrj,pop,6,0.432
9c0368aba9c3,Oliver Dragojević,Ako ikad ozdravim,sfrj,pop,0,0.942
9e91df8032ce,Oliver Dragojević,Ako izgubim tebe,sfrj,pop,0,0.701
4798e483a001,Oliver Dragojević,Ako potraješ mi ti,sfrj,pop,6,0.291
aec5dfada60a,Oliver Dragojević,Ako voliš me,sfrj,pop,0,0.765
a369b1566c82,Oliver Dragojević,Anđela,sfrj,pop,0,0.456
f1c14766b13f,Oliver Dragojević,Anđele moj,sfrj,pop,0,0.396
243446e3056d,Oliver Dragojević,"Angela, angela",sfrj,pop,0,0.579
b01e898929df,Oliver Dragojević,Antonio,sfrj,pop,8,0.339
c49fe1f3e90b,Oliver Dragojević,Ar’ja,sfrj,pop,8,0.255
53ab9b683fce,Oliver Dragojević,Balada o ćaćinom satu,sfrj,pop,6,0.611
d2fcda64cf39,Oliver Dragojević,Baška Voda,sfrj,pop,0,0.712
bbaab0e849f4,Oliver Dragojević,Bez tebe,sfrj,pop,6,0.553
f0622535eb20,Oliver Dragojević,Bi je pisnik,sfrj,pop,6,0.314
42d96d7f498e,Oliver Dragojević,Bijeli Božić,sfrj,pop,5,0.438
2038bb724494,Oliver Dragojević,Blago onom tko te ljubi,sfrj,pop,0,0.878
4be7e0f37144,Oliver Dragojević,Boginja,sfrj,pop,8,0.558
43570d09b01b,Oliver Dragojević,Boliš me dušo,sfrj,pop,8,0.719
d6e9fae6fb9c,Oliver Dragojević,Božić bez tebe,sfrj,pop,5,0.503
308514513ad6,Oliver Dragojević,Brod u boci,sfrj,pop,7,0.379
89ba617d7383,Oliver Dragojević,Budi tu,sfrj,pop,9,0.684
44323eebf645,Oliver Dragojević,Ča će mi Copacabana,sfrj,pop,0,0.501
08219dd4651a,Oliver Dragojević,Ča je život vengo fantazija,sfrj,pop,6,0.678
3f403a41696a,Oliver Dragojević,Ćer o stareg kalafata,sfrj,pop,0,0.472
bb8ec6a8d390,Oliver Dragojević,Cesarica,sfrj,pop,0,0.329
a6567cfee695,Oliver Dragojević,Četiri stađuna,sfrj,pop,0,0.516
e5aa8582dd8f,Oliver Dragojević,Cvit Mediterana,sfrj,pop,8,0.384
2238cb0edf43,Oliver Dragojević,Daj Bože pameti,sfrj,pop,8,0.45
e9761077a413,Oliver Dragojević,Danijela,sfrj,pop,0,0.796
57917e4cf9ff,Oliver Dragojević,Dao bi se kladit,sfrj,pop,0,0.414
82e4d5695f5d,Oliver Dragojević,Dišem,sfrj,pop,0,0.4
a462965aaf0c,Oliver Dragojević,Dišperadun,sfrj,pop,6,0.367
21c8e36f6976,Oliver Dragojević,Dobar dan,sfrj,pop,0,0.323
b78907edcb08,Oliver Dragojević,Dobro jutro tugo,sfrj,pop,6,0.394
cae8719d277e,Oliver Dragojević,Dođi noćas u moj san,sfrj,pop,8,0.313
5dce745970e8,Oliver Dragojević,Dome moj,sfrj,pop,8,0.787
6bfeb102ac61,Oliver Dragojević,Duša za nju,sfrj,pop,0,0.627
79e61ce3860c,Oliver Dragojević,Dva put san umra,sfrj,pop,0,0.323
80928865b7c7,Oliver Dragojević,Dženi,sfrj,pop,0,0.638
3c0373dc0641,Oliver Dragojević,Đelozija,sfrj,pop,0,0.404
e9148c8dbf70,Oliver Dragojević,Eliza,sfrj,pop,0,0.678
a15b321c427b,Oliver Dragojević,Evo mene među moje,sfrj,pop,0,0.49
c0968452319a,Oliver Dragojević,Fedra,sfrj,pop,0,0.58
908c1369ad59,Oliver Dragojević,Galeb i ja,sfrj,pop,0,0.384
1c522f9febb6,Oliver Dragojević,Gore si ti,sfrj,pop,8,0.529
3c86faa88a37,Oliver Dragojević,"Gospojice, lipo dite",sfrj,pop,0,0.388
bcf3109bf791,Oliver Dragojević,Grlica,sfrj,pop,3,0.459
b3c417c8bbe9,Oliver Dragojević,Hvala dušo moja,sfrj,pop,1,0.465
89aa89f210bc,Oliver Dragojević,Imala je lijepu rupicu na bradi,sfrj,pop,7,0.336
2782f86fd9f0,Oliver Dragojević,Infiša san u te,sfrj,pop,6,0.354
314523a8be27,Oliver Dragojević,Ispod sunca zlatnoga,sfrj,pop,8,0.357
be12542cdaf1,Oliver Dragojević,Ja te ljubim,sfrj,pop,0,0.677
dac4c288a31a,Oliver Dragojević,Jedan od mnogih,sfrj,pop,8,0.596
f9885f664b38,Oliver Dragojević,Jedina,sfrj,pop,8,0.907
afd795a011b4,Oliver Dragojević,Jesen stiže Dunjo moja,sfrj,pop,0,0.763
f837517420b7,Oliver Dragojević,Ješka od ljubavi,sfrj,pop,0,0.523
045f6a23ff8b,Oliver Dragojević,Još ovaj put,sfrj,pop,0,0.351
5d3b232d7885,Oliver Dragojević,Još sam tu,sfrj,pop,0,0.405
bc0b9bdde744,Oliver Dragojević,Jubav moja,sfrj,pop,0,0.533
22c4be82b655,Oliver Dragojević,Jubavi lipa,sfrj,pop,6,0.441
0e6edfd048bf,Oliver Dragojević,Jubavi mala,sfrj,pop,6,0.317
81d0418e85e2,Oliver Dragojević,Jube moja,sfrj,pop,0,0.594
6787e90cfeef,Oliver Dragojević,Kad bi došla ti,sfrj,pop,0,0.329
67072cf57733,Oliver Dragojević,Kad bi samo ljubit znala,sfrj,pop,0,0.607
276178da5af9,Oliver Dragojević,Kad mi dođeš ti,sfrj,pop,0,0.441
dad8a2f1e7b9,Oliver Dragojević,Kad u te nestane mi vire,sfrj,pop,8,0.407
e9322b4f1dd5,Oliver Dragojević,Kamen ispod glave,sfrj,pop,0,0.244
bd429fece659,Oliver Dragojević,Karoca,sfrj,pop,0,0.682
fc8519499831,Oliver Dragojević,Kletva,sfrj,pop,5,0.418
f031fc86bac5,Oliver Dragojević,Ključ života,sfrj,pop,0,0.401
077b072f8f9b,Oliver Dragojević,Kreni,sfrj,pop,0,0.414
f46ff220fd7c,Oliver Dragojević,Ksantipa,sfrj,pop,0,0.401
c85deec9515e,Oliver Dragojević,Lady Luna,sfrj,pop,8,0.826
f1a2797aae81,Oliver Dragojević,"Laku noć Luigi, laku noć Bepina",sfrj,pop,6,0.574
2128e403237e,Oliver Dragojević,Lijepa bez duše,sfrj,pop,5,0.195
f788ecf06b5f,Oliver Dragojević,Lipa moja ča si blida,sfrj,pop,6,0.47
de33e6d280a9,Oliver Dragojević,Lišina,sfrj,pop,7,0.331
bc30ab6c7d31,Oliver Dragojević,Ljubav je bol,sfrj,pop,5,0.519
8aa7a68e5fb3,Oliver Dragojević,Ljubav je tvoja kao vino (with Davor Radolfi),sfrj,pop,0,0.366
8bb71577acb8,Oliver Dragojević,Ljubiš me u vrat (with Đurđica Barlović),sfrj,pop,0,0.386
116f9f2601dd,Oliver Dragojević,Loze gnjiju,sfrj,pop,0,0.474
2ca98bebbc86,Oliver Dragojević,Luce mala,sfrj,pop,6,0.352
6ad06ccac267,Oliver Dragojević,Lučija,sfrj,pop,0,0.592
e9fc40ec96d0,Oliver Dragojević,Majko,sfrj,pop,5,0.77
f47dca926015,Oliver Dragojević,"Majko, da li znaš",sfrj,pop,0,0.596
e3bc46a3d732,Oliver Dragojević,Malinkonija,sfrj,pop,0,0.45
54f8be34297f,Oliver Dragojević,Mama,sfrj,pop,0,0.3
4af6db089a58,Oliver Dragojević,Manuela,sfrj,pop,8,0.651
eabaecf61f44,Oliver Dragojević,Marča funebra,sfrj,pop,6,0.46
14a035dbcf1e,Oliver Dragojević,Margarita,sfrj,pop,6,0.468
f32cd90ae746,Oliver Dragojević,Meni trebaš ti,sfrj,pop,8,0.765
422becaa453c,Oliver Dragojević,Mi smo hrvatski mornari,sfrj,pop,0,0.768
61627afa556f,Oliver Dragojević,Milost,sfrj,pop,0,0.474
52d1b42f5671,Oliver Dragojević,Mižerija,sfrj,pop,0,0.287
856f31004dc8,Oliver Dragojević,Moj lipi anđele (with Nina Badrić),sfrj,pop,0,0.409
0f4506ea06ba,Oliver Dragojević,Moja tajna ljubavi,sfrj,pop,0,0.457
6b026f49987f,Oliver Dragojević,Moje prvo pijanstvo,sfrj,pop,6,0.35
4ca0d8685c10,Oliver Dragojević,Molim za tebe,sfrj,pop,5,0.434
307fbecb2ab6,Oliver Dragojević,Molitva za Magdalenu,sfrj,pop,0,0.528
83945403bc1c,Oliver Dragojević,More,sfrj,pop,6,0.39
55e04179da96,Oliver Dragojević,Morski vuk (with Tony Cetinski),sfrj,pop,6,0.283
d0d91683374a,Oliver Dragojević,Na kraju puta,sfrj,pop,0,0.707
19c8a2217475,Oliver Dragojević,Na kraju vijađa,sfrj,pop,6,0.435
21eff7c380b4,Oliver Dragojević,Nadalina (with Boris Dvornik),sfrj,pop,0,0.308
3bd92e012213,Oliver Dragojević,Najlipše te jubi oni što te gubi,sfrj,pop,6,0.795
7897bf67aca6,Oliver Dragojević,Našoj ljubavi je kraj,sfrj,pop,0,0.628
41e410435c90,Oliver Dragojević,Ne mogu ti reći,sfrj,pop,3,0.367
d3aaea6134d1,Oliver Dragojević,Ne mogu više sam,sfrj,pop,0,0.427
33372a34b396,Oliver Dragojević,Ne žuri djevojčice,sfrj,pop,0,0.355
ceb2904f1f27,Oliver Dragojević,Nebo moje,sfrj,pop,8,0.367
50e1b64c68c8,Oliver Dragojević,Nedostaješ mi ti,sfrj,pop,0,0.796
2fa49c5e6047,Oliver Dragojević,Neka se drugi raduju,sfrj,pop,8,0.51
6d613b882668,Oliver Dragojević,Nestajem,sfrj,pop,0,0.471
3f270b819181,Oliver Dragojević,Nevera,sfrj,pop,6,0.541
604eda7cf651,Oliver Dragojević,Nigdje nema te,sfrj,pop,0,0.342
b67cb3e998b0,Oliver Dragojević,Nisam te zaslužio,sfrj,pop,0,0.313
241c0feabc44,Oliver Dragojević,Nisi više ona stara,sfrj,pop,0,0.52
3db4c19b9a72,Oliver Dragojević,"Ništa nova, ništa nova",sfrj,pop,0,0.478
6e50f8042254,Oliver Dragojević,Nocturno,sfrj,pop,9,0.259
bb16a159a886,Oliver Dragojević,Oči boje jadrana,sfrj,pop,8,0.5
ab26145b76b4,Oliver Dragojević,Od grija do kajanja,sfrj,pop,6,0.326
7f3ecda1870c,Oliver Dragojević,Oprosti mi pape,sfrj,pop,6,0.6
768217e191c0,Oliver Dragojević,Ostaj mi zbogom,sfrj,pop,0,0.509
98ff6cd1022c,Oliver Dragojević,Ostavljam te samu,sfrj,pop,0,0.659
49f208870d85,Oliver Dragojević,Ovaj put ne,sfrj,pop,3,0.35
27058641f93f,Oliver Dragojević,Picaferaj,sfrj,pop,0,0.55
381852ac17d5,Oliver Dragojević,Pismo moja,sfrj,pop,8,0.581
2a58c34a88b8,Oliver Dragojević,Piva klapa ispo’ volta,sfrj,pop,0,0.902
9f5644cef969,Oliver Dragojević,Pjesma anđela (with Cecilija),sfrj,pop,0,0.537
f036a6331a82,Oliver Dragojević,Pjevam i živim (with Vladimir Kočiš Zec),sfrj,pop,7,0.312
06c4f61a9be9,Oliver Dragojević,Plavo more djeva molila,sfrj,pop,0,0.637
2a62bb7bcd9a,Oliver Dragojević,Plemenita,sfrj,pop,6,0.41
b7dc47e8443a,Oliver Dragojević,Poeta,sfrj,pop,0,0.419
5a215c7f1823,Oliver Dragojević,Prati me kroz snove,sfrj,pop,1,0.341
441c3c45e050,Oliver Dragojević,Pred tvojim vratima,sfrj,pop,5,0.606
8786dfcfab2e,Oliver Dragojević,Priča se,sfrj,pop,0,0.754
5e2444f4d200,Oliver Dragojević,Prije sna,sfrj,pop,0,0.342
7c240ebd87d5,Oliver Dragojević,Prije svitanja,sfrj,pop,0,0.468
161cb01c6332,Oliver Dragojević,Provaj! (with Luky),sfrj,pop,0,0.59
00c899099f70,Oliver Dragojević,Prva ljubav,sfrj,pop,0,0.439
8bea7bb80fcb,Oliver Dragojević,Pupoljci i mraz,sfrj,pop,0,0.344
5dd3b4ef9849,Oliver Dragojević,Razgovor sa Sonjom,sfrj,pop,0,0.429
5dc1de6a20be,Oliver Dragojević,Reci mi to,sfrj,pop,0,0.591
9b22b25f234b,Oliver Dragojević,Rojena valo,sfrj,pop,0,0.548
ac4e62c48287,Oliver Dragojević,Romanca,sfrj,pop,0,0.325
f88cd3ae3d4e,Oliver Dragojević,Sa dva zrna lažnog srebra,sfrj,pop,0,0.437
024c7d3ed106,Oliver Dragojević,Samo navika (with Magazin),sfrj,pop,0,0.378
0cce5f5ce65a,Oliver Dragojević,Samo ti,sfrj,pop,0,0.317
a1c7e481cf0c,Oliver Dragojević,Sat klavira,sfrj,pop,0,0.534
c89866f0d3d6,Oliver Dragojević,Serenada,sfrj,pop,0,0.725
929a5f9a0eea,Oliver Dragojević,Skalinada,sfrj,pop,0,0.38
d84f7a4739f9,Oliver Dragojević,Spli’ski đir,sfrj,pop,0,0.333
dea6d046dbd4,Oliver Dragojević,Splite moj,sfrj,pop,0,0.384
6f5b156c0b8f,Oliver Dragojević,Spoža,sfrj,pop,6,0.426
efd9a12b1968,Oliver Dragojević,Sreća je tamo gdje si ti,sfrj,pop,4,0.401
241b85724182,Oliver Dragojević,Stara moja,sfrj,pop,0,0.757
65b1664e36cb,Oliver Dragojević,Stine,sfrj,pop,6,0.419
0aed7f590871,Oliver Dragojević,Što to bješe ljubav,sfrj,pop,0,0.439
ccd659cdaf99,Oliver Dragojević,Što učinila si ti,sfrj,pop,5,0.312
15ff9963227b,Oliver Dragojević,Štorija,sfrj,pop,0,0.386
f09686eb34dc,Oliver Dragojević,Sunce mog života,sfrj,pop,0,0.864
a3162eed9b45,Oliver Dragojević,Sunce mog života (with Meri Cetinić),sfrj,pop,0,0.934
0a75802bdb63,Oliver Dragojević,Sve bi da za nju,sfrj,pop,4,0.229
02c01313fe8f,Oliver Dragojević,Sve je kriva đelozija,sfrj,pop,0,0.343
e28f3b192a16,Oliver Dragojević,Svirajte noćas za moju dušu,sfrj,pop,8,0.466
3b81cf0a2845,Oliver Dragojević,Svoju zvijezdu slijedim,sfrj,pop,6,0.443
bc41141611c5,Oliver Dragojević,Svoju zvizdu slidim,sfrj,pop,6,0.486
7d330a3aa2fb,Oliver Dragojević,Teška je noć,sfrj,pop,0,0.343
019b4a740ed1,Oliver Dragojević,Teško mi je putovati,sfrj,pop,5,0.634
8a417b6278dc,Oliver Dragojević,Teško te zaboravljam,sfrj,pop,0,0.295
43975ae4da88,Oliver Dragojević,Ti me vodi preko voda,sfrj,pop,5,0.398
d5d3c55328e5,Oliver Dragojević,Ti mi čitaš misli,sfrj,pop,7,0.389
9736eddbe740,Oliver Dragojević,Ti si bila sve što valja,sfrj,pop,0,0.521
03620b362702,Oliver Dragojević,Ti si meni sve,sfrj,pop,5,0.307
30bad5d99538,Oliver Dragojević,Ti si moj san (Zorica Kondža),sfrj,pop,0,0.6
f719788a8b11,Oliver Dragojević,Tiha noć,sfrj,pop,0,0.509
9f51dc9dd4c5,Oliver Dragojević,Tija san je jubit,sfrj,pop,0,0.545
f535b6d28ce2,Oliver Dragojević,Tko sam ja da ti sudim,sfrj,pop,0,0.395
1ffa3c055a82,Oliver Dragojević,To nismo mi (with Divas),sfrj,pop,3,0.402
18d040d705be,Oliver Dragojević,Trag u beskraju,sfrj,pop,0,0.43
8e0d7b384f65,Oliver Dragojević,Tu non llores mi querida,sfrj,pop,0,0.609
b4a005e17cdf,Oliver Dragojević,Tvoje ruke,sfrj,pop,5,0.706
180a0d0ad576,Oliver Dragojević,Tvoje suze mi sude,sfrj,pop,8,0.624
543cc0eb38f5,Oliver Dragojević,U ljubav vjere nemam,sfrj,pop,5,0.603
ff8b13f10d12,Oliver Dragojević,U mom zagrljaju,sfrj,pop,0,0.501
7334fe4620a5,Oliver Dragojević,U prolazu,sfrj,pop,6,0.666
fe7b5fae7fea,Oliver Dragojević,U tebi raste lijepo dijete,sfrj,pop,6,0.476
61d4dc92577c,Oliver Dragojević,Uvik žaj mi bi’ će,sfrj,pop,6,0.553
93cacf5ce7a8,Oliver Dragojević,Vagabundo,sfrj,pop,0,0.582
724ea8a64c42,Oliver Dragojević,Valo veloluška,sfrj,pop,6,0.464
0c284a793218,Oliver Dragojević,Vela Luka,sfrj,pop,0,0.691
46a62cf2971a,Oliver Dragojević,Više mi nije važno,sfrj,pop,1,0.337
8b0efc8930e6,Oliver Dragojević,Više ne mogu,sfrj,pop,6,0.277
38b3b52b099e,Oliver Dragojević,Vjeruj mi,sfrj,pop,7,0.568
43fcf2113700,Oliver Dragojević,Vjeruj u ljubav,sfrj,pop,3,0.484
c2ad363a7cac,Oliver Dragojević,Vjerujem u anđele,sfrj,pop,5,0.629
9c633173a09b,Oliver Dragojević,Vodi me tamo kraj plavoga mora,sfrj,pop,8,0.345
9c53daa65280,Oliver Dragojević,Vrati nam se mama,sfrj,pop,8,0.485
4d2008708ad6,Oliver Dragojević,Vridilo je,sfrj,pop,6,0.326
3ae126a38bc5,Oliver Dragojević,Vrime božje,sfrj,pop,6,0.346
342810091afa,Oliver Dragojević,Vrime je,sfrj,pop,6,0.585
ea59aceedeec,Oliver Dragojević,Za dva zrna lažnog srebra,sfrj,pop,0,0.437
96cb983be26f,Oliver Dragojević,Za mrvu tvoje ljubavi,sfrj,pop,8,0.833
aafe40914304,Oliver Dragojević,Za život me vežeš samo ti,sfrj,pop,6,0.321
1e719f00ada3,Oliver Dragojević,Zabranjeno voće,sfrj,pop,0,0.457
d406335fbb5d,Oliver Dragojević,Zadnje veče,sfrj,pop,0,0.749
79b31b309f74,Oliver Dragojević,Zašto,sfrj,pop,1,0.529
d7943c37cae3,Oliver Dragojević,Zbogom ostaj ljubavi,sfrj,pop,0,0.508
e3371ac56d67,Oliver Dragojević,Zelenu granu s tugom žuta voća,sfrj,pop,8,0.444
2ab51afdbace,Oliver Dragojević,Zimska je noć,sfrj,pop,0,0.71
7229ff175d78,Oliver Dragojević,Zlatni snovi,sfrj,pop,0,0.487
857a648fd0c8,Oliver Dragojević,Žuto lišće ljubavi,sfrj,pop,0,0.468
37e8f9ef6f13,Oliver Dragojević,Zvir,sfrj,pop,0,0.44
4bd69108c7a2,Arsen Dedić,Ako po glavi stanovnika,sfrj,pop,3,0.334
9e1d924fc4f1,Arsen Dedić,Ako si pošla spat,sfrj,pop,0,0.416
5b0e9c49136d,Arsen Dedić,Amigo,sfrj,pop,0,0.381
1a6497c85c70,Arsen Dedić,Ana je Ana,sfrj,pop,6,0.417
3ee7144ed9bf,Arsen Dedić,Automati,sfrj,pop,7,0.356
d8d3fce9e3a7,Arsen Dedić,Balada o prolaznosti,sfrj,pop,0,0.412
015fffde8aee,Arsen Dedić,Bit ćeš uvijek moja,sfrj,pop,7,0.439
84f33d340cc2,Arsen Dedić,Čistim svoj život,sfrj,pop,5,0.466
19c997f148f3,Arsen Dedić,Čitavu noć slavuj…,sfrj,pop,1,0.325
8f54820dc424,Arsen Dedić,Čovjek kao ja,sfrj,pop,7,0.554
31eb6ca8a4b0,Arsen Dedić,Daj mi malo,sfrj,pop,6,0.633
7087cece8a68,Arsen Dedić,Dida moj,sfrj,pop,0,0.964
8a904a873ed0,Arsen Dedić,Djevojka iz mog kraja,sfrj,pop,0,0.546
f100f960ff3d,Arsen Dedić,Djevojka za jedan dan,sfrj,pop,0,0.501
d830cc7a699f,Arsen Dedić,Dušo moja,sfrj,pop,0,0.427
3d33c608fa35,Arsen Dedić,Hvala ti,sfrj,pop,0,0.347
3caa1346c29c,Arsen Dedić,Kad sam te vidio,sfrj,pop,6,0.228
af551c3eef84,Arsen Dedić,Kako si,sfrj,pop,0,0.226
a8efb16d57af,Arsen Dedić,Kora Potočnik,sfrj,pop,0,0.362
63f2e8f99abf,Arsen Dedić,Kuća pored mora,sfrj,pop,0,0.588
60767ea35f96,Arsen Dedić,Kuća za ptice,sfrj,pop,5,0.359
15cbcc22cfbd,Arsen Dedić,Ljeto sa Irenom,sfrj,pop,0,0.481
ab53480cd415,Arsen Dedić,Majko moja,sfrj,pop,5,0.345
1e76155a61e2,Arsen Dedić,Milena,sfrj,pop,0,0.441
1d44552acb63,Arsen Dedić,Moderato Cantabile,sfrj,pop,0,0.743
3906a75a9349,Arsen Dedić,Moj grob,sfrj,pop,0,0.838
1e165f5e8240,Arsen Dedić,Moj prijatelj je umro,sfrj,pop,0,0.389
6508caca1f70,Arsen Dedić,Moja ljubav ima,sfrj,pop,0,0.631
797476837aeb,Arsen Dedić,Ne plači,sfrj,pop,0,0.352
899b363b2831,Arsen Dedić,Ne vraćaj se starim ljubavima,sfrj,pop,0,0.397
1d059824af90,Arsen Dedić,Nism ti dospio reći,sfrj,pop,0,0.578
5ac66ce05c3d,Arsen Dedić,Nježnost u mraku,sfrj,pop,0,0.416
7e7073b29616,Arsen Dedić,O mladosti,sfrj,pop,0,0.73
5bdf91fb907e,Arsen Dedić,Odlazak,sfrj,pop,0,0.728
27950c3351bb,Arsen Dedić,Otkako te ne volim,sfrj,pop,3,0.458
4ab7dacb9953,Arsen Dedić,Parobrod Rex,sfrj,pop,0,0.609
5f09d99374b3,Arsen Dedić,Pegasto dekle,sfrj,pop,0,0.416
4a0ee52c782f,Arsen Dedić,Pismo prijatelju (duet Kemal Monteno),sfrj,pop,0,0.462
19824a1c5641,Arsen Dedić,Pjesnikova žena,sfrj,pop,0,0.468
38cb38b1a5c1,Arsen Dedić,Po glavi stanovnika,sfrj,pop,7,0.404
f0e3c3f37743,Arsen Dedić,Pobjegnimo koji dan na more,sfrj,pop,3,0.301
7c8403cea38b,Arsen Dedić,Prazna obećanja,sfrj,pop,0,0.387
23a19c52c1f1,Arsen Dedić,Priča o Marineli,sfrj,pop,0,0.521
287a747b36f3,Arsen Dedić,Put u raj,sfrj,pop,7,0.554
baee3747effc,Arsen Dedić,Razgovor s konobarom,sfrj,pop,0,0.622
7345cc0a979f,Arsen Dedić,S okusom mora,sfrj,pop,0,0.553
4579066b8720,Arsen Dedić,Sanjam te,sfrj,pop,0,0.355
9f458a68dc5d,Arsen Dedić,Sine moj,sfrj,pop,5,0.312
7f44d4d4a3cf,Arsen Dedić,Snijeg,sfrj,pop,0,0.687
23febff81edf,Arsen Dedić,Spaliti zemlju,sfrj,pop,0,0.327
57b2b3d82b3a,Arsen Dedić,Sve smo podijelili (duet Hari Mata Hari),sfrj,pop,3,0.479
ec30ecf44e0a,Arsen Dedić,Sve što znaš o meni,sfrj,pop,6,0.339
40c8167bfff4,Arsen Dedić,Sve te vodilo k meni,sfrj,pop,0,0.406
71efc29f4566,Arsen Dedić,Takvim sjajem može sjati,sfrj,pop,0,0.402
d8661e3ceebb,Arsen Dedić,Ti me činiš boljim,sfrj,pop,1,0.412
6b532766f495,Arsen Dedić,To je moj svijet,sfrj,pop,0,0.644
1a9ef75c7a3a,Arsen Dedić,Tvoje nježne godine,sfrj,pop,0,0.435
39015ba0ec67,Arsen Dedić,Tvoje tijelo – moja kuća,sfrj,pop,6,0.467
b56440248ee4,Arsen Dedić,U kužini,sfrj,pop,0,0.53
3509f76f2a05,Arsen Dedić,Una,sfrj,pop,0,0.26
c9c889af0f10,Arsen Dedić,Vera Pavladoljska,sfrj,pop,5,0.224
6e708ab47139,Arsen Dedić,Vraćam se,sfrj,pop,0,0.518
5b0871bca279,Arsen Dedić,Za kraj,sfrj,pop,0,0.611
d74a3f894657,Arsen Dedić,Život je more,sfrj,pop,0,0.458
74c6ab7099b7,Arsen Dedić,Znam (with Crvena Jabuka),sfrj,pop,3,0.403
7c1652bf2b37,Arsen Dedić,Znat ćeš,sfrj,pop,0,0.326
82c5df009eb2,Josipa Lisac,Avantura,sfrj,pop,0,0.414
8444534a9226,Josipa Lisac,Ave Maria,sfrj,pop,9,0.55
7a1ed4507401,Josipa Lisac,Bedž za rock ‘n’ roll,sfrj,pop,9,0.315
981f7b414170,Josipa Lisac,Bez tebe,sfrj,pop,0,0.438
2b82ee4eb579,Josipa Lisac,Bijeg,sfrj,pop,0,0.727
4da5ef081d5e,Josipa Lisac,Bila sam žena,sfrj,pop,0,0.239
7d35d2cc8aa7,Josipa Lisac,Blijede sjene,sfrj,pop,0,0.435
e8557ea3addc,Josipa Lisac,Boginja,sfrj,pop,7,0.447
f350d4b9e00f,Josipa Lisac,Čarobna moć Mjeseca,sfrj,pop,0,0.321
1fa8a8ff95dc,Josipa Lisac,Čovjek s tisuću mana,sfrj,pop,0,0.32
f81dba401fa8,Josipa Lisac,Da li sam ti ikad rekla da te volim,sfrj,pop,0,0.469
a342d978b5c9,Josipa Lisac,Daj mi riječi,sfrj,pop,0,0.359
10e33269a7ca,Josipa Lisac,Danas sam luda,sfrj,pop,7,0.315
9c904d52522c,Josipa Lisac,Divlji brak,sfrj,pop,0,0.407
118704e12ca5,Josipa Lisac,Djetešce ti moje drago,sfrj,pop,0,0.482
91b870e6ad23,Josipa Lisac,Dobre vibracije,sfrj,pop,1,0.322
11c4eeb6e3d5,Josipa Lisac,Dok razmišljam o nama,sfrj,pop,0,0.441
b5e63d0b02b6,Josipa Lisac,Gdje Dunav ljubi nebo,sfrj,pop,0,0.432
282c55e144a0,Josipa Lisac,Godišnjica,sfrj,pop,0,0.415
bb359a3563e1,Josipa Lisac,"Halo, taxi (with Zlatni akordi)",sfrj,pop,0,0.401
03da2b97b48a,Josipa Lisac,Hazarder,sfrj,pop,7,0.421
e7c44cfc9a76,Josipa Lisac,"Hir, hir, hir",sfrj,pop,2,0.654
7752371ca9b6,Josipa Lisac,Hoću da te pratim svud,sfrj,pop,0,0.431
662da83347b7,Josipa Lisac,Hoću samo tebe,sfrj,pop,7,0.623
92302a23815d,Josipa Lisac,I mama mi je rekla to,sfrj,pop,1,0.369
05317c4b544b,Josipa Lisac,"I teče, teče vrijeme",sfrj,pop,0,0.607
cbdb7f96dd24,Josipa Lisac,Ideš,sfrj,pop,7,0.275
cf4e57e239d1,Josipa Lisac,Igra valova u mom sjećanju,sfrj,pop,0,0.622
457821a589c0,Josipa Lisac,Intima,sfrj,pop,0,0.648
4bf78da8d124,Josipa Lisac,Ispočetka,sfrj,pop,0,0.47
48498937dea4,Josipa Lisac,Jedna kratka vijest,sfrj,pop,5,0.413
f987c7c5f393,Josipa Lisac,Još te čekam,sfrj,pop,7,0.655
4bcfd7a2bb54,Josipa Lisac,Jučer,sfrj,pop,0,0.315
26bfc03c80b9,Josipa Lisac,Jutro,sfrj,pop,0,0.574
8e6f0ecd3ea8,Josipa Lisac,Kao mir (duet Boa),sfrj,pop,5,0.401
15e014af3a50,Josipa Lisac,Kao stranac,sfrj,pop,0,0.453
5911306624bb,Josipa Lisac,Kapetane moj,sfrj,pop,0,0.618
7c5bef3ea48f,Josipa Lisac,Karte na stol,sfrj,pop,0,0.561
bb334fb1b33b,Josipa Lisac,Knock down,sfrj,pop,0,0.612
b26fc5b8c311,Josipa Lisac,Kraljica divljine,sfrj,pop,8,0.321
11ddba466741,Josipa Lisac,Krenule su lađe,sfrj,pop,0,0.784
99c058f9e9d3,Josipa Lisac,Lažeš da si moj,sfrj,pop,0,0.524
98b36a15f28f,Josipa Lisac,Ležaj od suza,sfrj,pop,8,0.346
db996784880e,Josipa Lisac,Ljubavna pjesma (duet Miro Ungar),sfrj,pop,0,0.531
9a0e3a652f11,Josipa Lisac,Ljudi,sfrj,pop,1,0.293
d043ab66edb9,Josipa Lisac,Lopov (with Zlatni akordi),sfrj,pop,3,0.525
1bd576353ab9,Josipa Lisac,Magla,sfrj,pop,0,0.65
6d674cbefa9a,Josipa Lisac,Make up,sfrj,pop,0,0.422
5881256e7396,Josipa Lisac,Mali ključ od zlata,sfrj,pop,6,0.536
13ad7c5e454f,Josipa Lisac,Mister gaf,sfrj,pop,7,0.629
f43856ac7d1e,Josipa Lisac,Moj smiješni dječače,sfrj,pop,7,0.396
610123418f63,Josipa Lisac,Možda sam se i zaljubila,sfrj,pop,0,0.586
481567860438,Josipa Lisac,"Na, na, na, na",sfrj,pop,0,0.576
0eea8360c46b,Josipa Lisac,Narodi nam se Kralj Nebeski,sfrj,pop,4,0.388
2d4c90e2ebdf,Josipa Lisac,Naša zvijezda gubi svoj sjaj,sfrj,pop,0,0.76
c6c0ecc8049f,Josipa Lisac,Ne budi lud,sfrj,pop,7,0.353
dc733e7b53b4,Josipa Lisac,Ne prepoznajem ga,sfrj,pop,0,0.392
ead1f2742bc4,Josipa Lisac,Nema sunca,sfrj,pop,0,0.874
d2d21229ece6,Josipa Lisac,Nešto,sfrj,pop,9,0.373
21e5d5ab50d4,Josipa Lisac,Nismo mi bez cilja,sfrj,pop,0,0.459
4a79acb84f7f,Josipa Lisac,"Niz polje idu, babo, sejmeni",sfrj,pop,1,0.405
b975dd298ea7,Josipa Lisac,Noćna ptica,sfrj,pop,6,0.3
c8f99fb8e6cf,Josipa Lisac,O jednoj mladosti,sfrj,pop,0,0.608
04e0f0fbabe6,Josipa Lisac,Omer-beže,sfrj,pop,6,0.679
1da698942d89,Josipa Lisac,"Pazi, oštar pas",sfrj,pop,0,0.356
7ccc1eadbe04,Josipa Lisac,Pismo,sfrj,pop,0,0.337
5ac962cd14ca,Josipa Lisac,Pjesma za tebe,sfrj,pop,0,0.5
5ef9941865c3,Josipa Lisac,Plačem,sfrj,pop,0,0.59
e67541f5d8c9,Josipa Lisac,Po prvi put,sfrj,pop,0,0.594
4236c36f523f,Josipa Lisac,Postao si drugi čovjek,sfrj,pop,0,0.364
195e74ff4ef2,Josipa Lisac,"Radujte se, narodi",sfrj,pop,5,0.4
db5e4180af0e,Josipa Lisac,Rendez-vous sa Sotonom,sfrj,pop,0,0.403
6f3eec0f5d27,Josipa Lisac,Rušila sam mostove od sna (duet Dino Dvornik),sfrj,pop,3,0.345
54fc949cef1f,Josipa Lisac,Sanjala sam,sfrj,pop,0,0.644
4550e7474168,Josipa Lisac,"Spavaj, sinko",sfrj,pop,1,0.453
a41eaea0204f,Josipa Lisac,Sreća,sfrj,pop,0,0.34
2c9c15f3b0e7,Josipa Lisac,Srela sam se s njim,sfrj,pop,6,0.388
650e7f2dacd5,Josipa Lisac,Što me čini sretnom,sfrj,pop,0,0.602
5f05260fce0e,Josipa Lisac,Sunce sja za nas (with Zlatni akordi),sfrj,pop,0,0.878
bc1cd49eb22d,Josipa Lisac,Sve vrti se u krug,sfrj,pop,0,0.432
ccc3961ee711,Josipa Lisac,"Svim na Zemlji mir, veselje",sfrj,pop,0,0.371
97d11bf4d009,Josipa Lisac,Ti si genije,sfrj,pop,0,0.366
65fbb69363cd,Josipa Lisac,Ti si k’o led,sfrj,pop,7,0.388
4547fdb8daad,Josipa Lisac,Ti si sunce života mog,sfrj,pop,8,0.432
e0c00546dc83,Josipa Lisac,Ti znaš,sfrj,pop,6,0.424
203409bc7eff,Josipa Lisac,Tiha noć,sfrj,pop,0,0.365
03d81ca08694,Josipa Lisac,Tko zna kog vidiš u meni,sfrj,pop,0,0.5
e93fb1fa951d,Josipa Lisac,Traje noć,sfrj,pop,0,0.564
bbb302fe28c7,Josipa Lisac,Tri kralja jahahu,sfrj,pop,8,0.357
be8a519bdd66,Josipa Lisac,U mislima,sfrj,pop,0,0.658
6d16b30f9e1d,Josipa Lisac,U se vrijeme godišta,sfrj,pop,6,0.761
cd70f7f69b3a,Josipa Lisac,Večer u luna-parku,sfrj,pop,0,0.445
4c0b19495779,Josipa Lisac,Večeras,sfrj,pop,7,0.357
41a8841ff9c2,Josipa Lisac,"Veseli se, Majko Božja",sfrj,pop,8,0.433
5af6f1f3aa91,Josipa Lisac,Vjernost,sfrj,pop,1,0.392
5f9b82c2546b,Josipa Lisac,Vjerujem ti sve,sfrj,pop,3,0.451
162be4658843,Josipa Lisac,Vlak bez dolaska,sfrj,pop,1,0.631
ef04628faf22,Josipa Lisac,"Voljeti, to je radost",sfrj,pop,8,0.393
0e8e6b8f9798,Josipa Lisac,Willie i Laura Mae Jones,sfrj,pop,0,0.425
0cc1203309e0,Josipa Lisac,Zar ne,sfrj,pop,0,0.57
dac54a887d3a,Josipa Lisac,Život je samo most,sfrj,pop,0,0.405
cbb99a3f95b7,Josipa Lisac,Život moj,sfrj,pop,7,0.468
9edcbc56eecf,Josipa Lisac,Život s njim,sfrj,pop,7,0.409
3b82be5c4f74,Novi fosili,Ako se rastanemo,sfrj,pop,0,0.62
ee3ddd752020,Novi fosili,Bilo je prelijepo,sfrj,pop,0,0.274
ad894180ff6a,Novi fosili,Bilo mi je prvi put,sfrj,pop,0,0.689
9e2a21f5c452,Novi fosili,Budi uvijek blizu (kao što si sada),sfrj,pop,0,0.706
5bd09dc2870b,Novi fosili,Da te ne volim,sfrj,pop,1,0.491
d41b1208edc0,Novi fosili,Dijete sreće,sfrj,pop,3,0.482
2bcd60aa237e,Novi fosili,Diridonda,sfrj,pop,0,0.457
1b5d003b3614,Novi fosili,Djeca ljubavi,sfrj,pop,0,0.671
39fe6df1a312,Novi fosili,Djeca smo,sfrj,pop,0,0.953
1fed88821bf3,Novi fosili,Dobre djevojke,sfrj,pop,9,0.643
a1cf58fe468c,Novi fosili,Dunjo mirisna,sfrj,pop,0,0.978
ea3a6157ac76,Novi fosili,E da si barem noćas ovdje,sfrj,pop,3,0.314
5b5ffa17fbb8,Novi fosili,E moj Saša,sfrj,pop,0,0.377
fd009235687b,Novi fosili,Hoću li znati,sfrj,pop,0,0.337
5124e8a2f248,Novi fosili,Ispod mjeseca boje trešanja,sfrj,pop,0,0.603
4a43784a74c2,Novi fosili,Ja sam za ples,sfrj,pop,2,0.36
9f0a1032464e,Novi fosili,Jedna duša,sfrj,pop,0,0.329
d812009e27c7,Novi fosili,Jedna suza,sfrj,pop,8,0.442
1ea22d1cfb50,Novi fosili,Jesen je,sfrj,pop,0,0.418
cf90c5a56138,Novi fosili,"Joj, joj",sfrj,pop,6,0.409
64e8dacc2722,Novi fosili,Još te volim,sfrj,pop,3,0.389
7949306efa19,Novi fosili,Kad budemo ja i ti,sfrj,pop,0,0.282
03b116d2b997,Novi fosili,Kad godine prođu,sfrj,pop,0,0.707
a7da6a28f9d8,Novi fosili,Kad naš brod plovi,sfrj,pop,0,0.642
68ad6b9b4433,Novi fosili,"Kaži mi, mama",sfrj,pop,1,0.275
90d29b296d71,Novi fosili,Ključ je ispod otirača,sfrj,pop,0,0.231
13371d84ec94,Novi fosili,Kralj ljubavi,sfrj,pop,0,0.54
72bccf876322,Novi fosili,Lastavice mala,sfrj,pop,0,0.603
46fa24f0cd76,Novi fosili,Ljubav koja nema kraja,sfrj,pop,3,0.367
5d90714cc5de,Novi fosili,Majčine oči,sfrj,pop,8,0.379
66ff8d0e3660,Novi fosili,Mali Ćiro,sfrj,pop,0,0.52
3d890847b638,Novi fosili,Marina iz moje ulice,sfrj,pop,0,0.561
8340098eb3c6,Novi fosili,Mario,sfrj,pop,5,0.371
28cc1bda28ff,Novi fosili,Milena,sfrj,pop,4,0.535
04072a89ca4f,Novi fosili,Mimi,sfrj,pop,5,0.329
b71252a5b50e,Novi fosili,Moj prijatelj Anu ljubi,sfrj,pop,0,0.485
350e2aa34054,Novi fosili,Najdraže moje,sfrj,pop,0,0.67
c1374fba2897,Novi fosili,Ne budi me mati,sfrj,pop,0,0.527
1c6bd219a7d9,Novi fosili,Ne plaši se,sfrj,pop,0,0.313
586ff4900cd7,Novi fosili,Nebeske kočije,sfrj,pop,5,0.556
96287e835c75,Novi fosili,Neka vali gingolaju svoje barke,sfrj,pop,0,0.37
a3b6dae8bbfd,Novi fosili,Nemaš više vremena za mene,sfrj,pop,0,0.504
9749178a635f,Novi fosili,Neveni žuti,sfrj,pop,0,0.497
17d86f34ae8d,Novi fosili,Nije istina,sfrj,pop,3,0.635
f261408bd105,Novi fosili,Nikad više staro vino,sfrj,pop,0,0.575
14bcd7f07749,Novi fosili,Nikog nema da mu kažem,sfrj,pop,8,0.3
3b14740342c8,Novi fosili,Noćas umiru stare ljubavi,sfrj,pop,5,0.394
a57b1a505c9c,Novi fosili,O ne (sad je kasno),sfrj,pop,4,0.501
2bde305fd365,Novi fosili,Otišao je on,sfrj,pop,8,0.344
9f8dd0af2fdf,Novi fosili,Pazi da ne nazebeš,sfrj,pop,6,0.335
3be24438f955,Novi fosili,Plava košulja,sfrj,pop,0,0.677
b12798da7ce2,Novi fosili,Poslije svega,sfrj,pop,0,0.526
b8fc34b92887,Novi fosili,Pričaj mi o ljubavi,sfrj,pop,0,0.729
872000371535,Novi fosili,Radije budi mi brat,sfrj,pop,9,0.356
316e37de1b52,Novi fosili,Razumljiva pjesma (kad sam bio mlad),sfrj,pop,1,0.834
75b8d59ff410,Novi fosili,"Reci mi tiho, tiho",sfrj,pop,3,0.354
10bdcfcddb96,Novi fosili,Sama,sfrj,pop,3,0.674
0552bb6442f1,Novi fosili,Samo mi se javi,sfrj,pop,0,0.322
bf342e18781d,Novi fosili,Sanja,sfrj,pop,6,0.479
472e2852b5d3,Novi fosili,Sanjaj me,sfrj,pop,3,0.383
d3da6f8a77d7,Novi fosili,Sedam dugih godina,sfrj,pop,8,0.352
2a9e88571091,Novi fosili,Simpatija,sfrj,pop,0,0.723
e018aab675cb,Novi fosili,Sjećam se još,sfrj,pop,0,0.362
5fd867adba6f,Novi fosili,Sklopi oči,sfrj,pop,0,0.826
857cc031e917,Novi fosili,Šta se smiješ klipane,sfrj,pop,3,0.498
da578257b895,Novi fosili,Šu šu,sfrj,pop,3,0.313
d1a1c2b39411,Novi fosili,Šuti moj dječače plavi,sfrj,pop,0,0.736
08aa50f97355,Novi fosili,Tako je malo riječi palo,sfrj,pop,0,0.28
5790d4e6eed7,Novi fosili,Tko zna s kim čekaš zoru,sfrj,pop,0,0.49
e3fff383b84c,Novi fosili,Tonka,sfrj,pop,9,0.448
486e83506220,Novi fosili,Tri plus deset (3+10),sfrj,pop,5,0.389
e173e16abe59,Novi fosili,Tvoje plave kose,sfrj,pop,0,0.715
725242e087df,Novi fosili,"Vikend tata, vikend mama",sfrj,pop,2,0.372
f40c0257a9c4,Novi fosili,Vrijeme,sfrj,pop,0,0.484
6a5ffa0596f7,Novi fosili,Za dobra stara vremena,sfrj,pop,1,0.296
cb28b1e40045,Novi fosili,Za domovinu našu,sfrj,pop,0,0.795
b53f2d82d2ea,Novi fosili,Zagrli moju dušu,sfrj,pop,8,0.771
9ed5c1e0a5de,Novi fosili,Zbogom,sfrj,pop,0,0.602
5e3088089e3e,Novi fosili,Znam,sfrj,pop,9,0.336
81e1e848ef26,Novi fosili,Zovem te,sfrj,pop,7,0.374
df98f82cfd11,Lepa Brena,Pariski lokal,sfrj,narodna_narodnjacka,8,0.425
bc804309992b,Šaban Šaulić,Da je tu,sfrj,narodna_narodnjacka,9,0.476
548ef66d404b,Šaban Šaulić,Dve duše,sfrj,narodna_narodnjacka,2,0.443
0c96e060d92a,Šaban Šaulić,Gde je moj drug Miša,sfrj,narodna_narodnjacka,1,0.453
76ac989c9400,Šaban Šaulić,"Hej živote, moja reko",sfrj,narodna_narodnjacka,8,0.4
92e157b8c823,Šaban Šaulić,Krila slomljena (duet Gordana Jovanović),sfrj,narodna_narodnjacka,8,0.367
7b4e37cec3ba,Šaban Šaulić,Ljubavno ludilo (duet Morena),sfrj,narodna_narodnjacka,6,0.463
6bc5ed476099,Šaban Šaulić,Na stolu pismo od majke,sfrj,narodna_narodnjacka,8,0.363
31ade2355c25,Šaban Šaulić,Neću zbog nje da se kajem,sfrj,narodna_narodnjacka,0,0.495
2f776b650bfa,Šaban Šaulić,Nek’ te u zdravlju zatekne pismo,sfrj,narodna_narodnjacka,0,0.612
60722891ed56,Šaban Šaulić,Neka se pjeva,sfrj,narodna_narodnjacka,1,0.261
d2eb9a2b7973,Šaban Šaulić,Nema je drugovi nema,sfrj,narodna_narodnjacka,8,0.288
dbd3a2869ec4,Šaban Šaulić,Nemoj draga,sfrj,narodna_narodnjacka,8,0.323
fc1bd2537eeb,Šaban Šaulić,Nije on čovek za tebe,sfrj,narodna_narodnjacka,0,0.743
efa076c7beb6,Šaban Šaulić,Nikom te ne dam,sfrj,narodna_narodnjacka,0,0.528
332491eea003,Šaban Šaulić,Nisam više ljubav tvoja (with Snežana Đurišić),sfrj,narodna_narodnjacka,0,0.54
d080624f8bd3,Šaban Šaulić,Omer i Merima,sfrj,narodna_narodnjacka,0,0.59
5fd6745b729f,Šaban Šaulić,Oprosti mi nano,sfrj,narodna_narodnjacka,7,0.275
4e9f491331c3,Šaban Šaulić,Ovde su svirali tiho,sfrj,narodna_narodnjacka,0,0.558
6d1ba5843f88,Šaban Šaulić,Rođena si za mene,sfrj,narodna_narodnjacka,0,0.474
a1c4a1d71056,Šaban Šaulić,Sada je svemu kraj,sfrj,narodna_narodnjacka,3,0.38
4ff9cad1ef5f,Šaban Šaulić,Sanjam ženu s mališanom,sfrj,narodna_narodnjacka,5,0.366
9e9a20484bc5,Šaban Šaulić,Šmeker (with Snežana Đurišić),sfrj,narodna_narodnjacka,9,0.23
528697bd8f39,Šaban Šaulić,Šta učini sunce moje,sfrj,narodna_narodnjacka,7,0.237
13b8f037d81d,Šaban Šaulić,Sutra nek dođe kraj,sfrj,narodna_narodnjacka,1,0.467
321933dc928c,Šaban Šaulić,Svrati reče čovek,sfrj,narodna_narodnjacka,0,0.437
53bedc28d311,Šaban Šaulić,Ti si meni i nemoć i moć,sfrj,narodna_narodnjacka,0,0.58
adb18ae7b890,Šaban Šaulić,Tužno vetri gorom viju,sfrj,narodna_narodnjacka,0,0.682
aa0fd80c6e7b,Šaban Šaulić,Tvoj mio glas,sfrj,narodna_narodnjacka,5,0.294
5e541ec33cfc,Šaban Šaulić,Verovah ti,sfrj,narodna_narodnjacka,0,0.724
1dd715914883,Šaban Šaulić,"Vrati se kući, piše babo stari",sfrj,narodna_narodnjacka,1,0.462
0ad79df40bf7,Šaban Šaulić,Vreme za zaljubljene,sfrj,narodna_narodnjacka,6,0.277
997ea91a4143,Šaban Šaulić,Zanele me oči njene,sfrj,narodna_narodnjacka,0,0.551
9ff83e1eb9af,Šaban Šaulić,Zašto nismo zajedno,sfrj,narodna_narodnjacka,1,0.325
af721f246b18,Šaban Šaulić,Živeli,sfrj,narodna_narodnjacka,8,0.41
66fec7348067,Silvana Armenulić,Noćas mi srce pati,sfrj,narodna_narodnjacka,0,0.445
d17fa3d7251b,Silvana Armenulić,Zvijezda tjera mjeseca,sfrj,narodna_narodnjacka,8,0.474
c5f809503408,Toma Zdravković,Čekaj me,sfrj,narodna_narodnjacka,0,0.319
69b45fe077b7,Toma Zdravković,Da l’ ima neko,sfrj,narodna_narodnjacka,0,0.543
40f4a1f8d3e7,Toma Zdravković,Da mi je stari živ,sfrj,narodna_narodnjacka,0,0.357
6d9681e3a93a,Toma Zdravković,Da si sve što želim,sfrj,narodna_narodnjacka,0,0.455
09d4b2cb47d6,Toma Zdravković,Dal’ je moguće,sfrj,narodna_narodnjacka,8,0.394
91d8b68c591f,Toma Zdravković,Danka,sfrj,narodna_narodnjacka,8,0.478
3298e781f113,Toma Zdravković,Dete ulice,sfrj,narodna_narodnjacka,5,0.476
f5b3fdf68304,Toma Zdravković,Detelina s četiri lista (with Milina Stefanović),sfrj,narodna_narodnjacka,0,0.403
fee53c47bc18,Toma Zdravković,"Dolazi, dolazi",sfrj,narodna_narodnjacka,8,0.536
a1bc309bd870,Toma Zdravković,Dotak’o sam dno života,sfrj,narodna_narodnjacka,8,0.348
fccc974a92fe,Toma Zdravković,Plačem,sfrj,narodna_narodnjacka,8,0.976
ca4af0ffd844,Toma Zdravković,Sliku tvoju ljubim,sfrj,narodna_narodnjacka,0,0.445
f60f5c248510,Miroslav Ilić,Jedan dan života (with Lepa Brena),sfrj,narodna_narodnjacka,8,0.442
5f8c5718793b,Miroslav Ilić,Luckasta si ti,sfrj,narodna_narodnjacka,1,0.361
4917cec7c9f9,Miroslav Ilić,Nije život jedna žena,sfrj,narodna_narodnjacka,7,0.319
3e55e60efc8c,Miroslav Ilić,"Pozdravi je, pozdravi",sfrj,narodna_narodnjacka,8,0.415
b2d4fe258095,Miroslav Ilić,Pričaj mi o njoj,sfrj,narodna_narodnjacka,8,0.342
9b1b2d8f1e2b,Vesna Zmijanac,A što nisi kao pre,sfrj,narodna_narodnjacka,1,0.436
501b38981b9a,Vesna Zmijanac,Ako ga vidiš srećnog,sfrj,narodna_narodnjacka,0,0.391
fa70198494d2,Vesna Zmijanac,Ako me umiriš,sfrj,narodna_narodnjacka,1,0.388
31e843072df3,Vesna Zmijanac,Ciganka,sfrj,narodna_narodnjacka,8,0.762
265f6cec9105,Vesna Zmijanac,Crni kaput,sfrj,narodna_narodnjacka,0,0.323
70df15c784ca,Vesna Zmijanac,Čujem da svetom putuješ,sfrj,narodna_narodnjacka,0,0.239
09a0ac7c3b9c,Vesna Zmijanac,Čuvaću te u srcu svome,sfrj,narodna_narodnjacka,0,0.608
dafedb0504b1,Vesna Zmijanac,Da budemo zajedno,sfrj,narodna_narodnjacka,8,0.382
6aa80400861c,Vesna Zmijanac,Da li ti je večeras po volji,sfrj,narodna_narodnjacka,0,0.447
c0a6c2c7a9bb,Vesna Zmijanac,Da su laži izašle iz raja,sfrj,narodna_narodnjacka,7,0.343
fb510c16e40c,Vesna Zmijanac,"Davala, ne davala",sfrj,narodna_narodnjacka,0,0.364
f688c5b62e00,Vesna Zmijanac,Dođi da se družimo,sfrj,narodna_narodnjacka,0,0.585
ff32bdf2e191,Vesna Zmijanac,Dođi što pre,sfrj,narodna_narodnjacka,0,0.404
ed524926b799,Vesna Zmijanac,Dok je mene biće njega,sfrj,narodna_narodnjacka,4,0.341
46bf4e8c7ab9,Vesna Zmijanac,Drugovi moji,sfrj,narodna_narodnjacka,2,0.291
9509310d8b8c,Vesna Zmijanac,Dva me sunca greju,sfrj,narodna_narodnjacka,0,0.552
96c5b69bc563,Vesna Zmijanac,Eh da je istina,sfrj,narodna_narodnjacka,8,0.526
c6d1bde731d6,Vesna Zmijanac,Grom te ubio,sfrj,narodna_narodnjacka,8,0.414
1770e5cb68a7,Vesna Zmijanac,Hajde da zaspimo,sfrj,narodna_narodnjacka,0,0.412
8ddc2713ae82,Vesna Zmijanac,"Hajde idi, traži drugu",sfrj,narodna_narodnjacka,4,0.324
e8e13a47b108,Vesna Zmijanac,"Hej ljubavi, javi se",sfrj,narodna_narodnjacka,0,0.337
4d9f7ad4f579,Vesna Zmijanac,Hoću da me voliš,sfrj,narodna_narodnjacka,8,0.537
53088951fb22,Vesna Zmijanac,Hvala ti za sve,sfrj,narodna_narodnjacka,0,0.374
2d3a6159b9fa,Vesna Zmijanac,I kao uvek,sfrj,narodna_narodnjacka,8,0.404
11243e6b23e0,Vesna Zmijanac,Idem preko zemlje Srbije,sfrj,narodna_narodnjacka,9,0.31
f9bda31f6b5c,Vesna Zmijanac,"Idi, široko ti polje",sfrj,narodna_narodnjacka,4,0.452
edf26ed8e4b2,Vesna Zmijanac,"Ja imam nekog, a ti si sam (with Slavko Banjac)",sfrj,narodna_narodnjacka,0,0.472
83cfe73992e6,Vesna Zmijanac,Ja sam ona koju tražiš,sfrj,narodna_narodnjacka,8,0.258
1a9fa5e6a81d,Vesna Zmijanac,Ja to nisam htela,sfrj,narodna_narodnjacka,0,0.296
ce4b8993665b,Vesna Zmijanac,Jedan si ti,sfrj,narodna_narodnjacka,1,0.741
d5d2175b1e68,Vesna Zmijanac,Jos jednom da te vidim,sfrj,narodna_narodnjacka,0,0.89
209ddb8523a8,Vesna Zmijanac,Kad bi znala kako si,sfrj,narodna_narodnjacka,0,0.611
4bd0a569891c,Vesna Zmijanac,"Kaži mi, kaži",sfrj,narodna_narodnjacka,3,0.385
651926c0c189,Vesna Zmijanac,"Kazni me, kazni",sfrj,narodna_narodnjacka,0,0.215
c258ff92eda3,Vesna Zmijanac,Kraj,sfrj,narodna_narodnjacka,8,0.432
e35a468e7ba1,Vesna Zmijanac,Kraj nogu ti mrem,sfrj,narodna_narodnjacka,0,0.484
0f515eb27623,Vesna Zmijanac,Kraljica tuge,sfrj,narodna_narodnjacka,8,0.34
b642d6f4b18c,Vesna Zmijanac,Kunem ti se životom,sfrj,narodna_narodnjacka,8,0.97
4432b293e8bc,Vesna Zmijanac,Leto 88,sfrj,narodna_narodnjacka,3,0.317
d36b633a47be,Vesna Zmijanac,"Ljubi me ljubi, lepoto moja",sfrj,narodna_narodnjacka,0,0.597
96658e54e698,Vesna Zmijanac,Malo po malo,sfrj,narodna_narodnjacka,3,0.701
4949b8a4a36f,Vesna Zmijanac,Mene nećeš ispiti k’o vino,sfrj,narodna_narodnjacka,2,0.462
11a95483f03f,Vesna Zmijanac,Minsko polje,sfrj,narodna_narodnjacka,7,0.278
dde16e331ab0,Vesna Zmijanac,Moj krevet,sfrj,narodna_narodnjacka,0,0.365
b49fd733e928,Vesna Zmijanac,Na tebe mi liče svi,sfrj,narodna_narodnjacka,3,0.432
0dbc533aaed5,Vesna Zmijanac,Ne ide to,sfrj,narodna_narodnjacka,3,0.444
e6af68ee876c,Vesna Zmijanac,Ne kunite crne oči,sfrj,narodna_narodnjacka,8,0.484
62492fbbed81,Vesna Zmijanac,Ne mogu te preboleti,sfrj,narodna_narodnjacka,9,0.327
402e503e7270,Vesna Zmijanac,Ne troši noć,sfrj,narodna_narodnjacka,8,0.691
89a0070c8b16,Vesna Zmijanac,Nek me nema,sfrj,narodna_narodnjacka,0,0.499
7c303651931d,Vesna Zmijanac,Nevero moja,sfrj,narodna_narodnjacka,0,0.452
0087797e2363,Vesna Zmijanac,Nose me vetrovi ludi,sfrj,narodna_narodnjacka,0,0.56
7d0ff01ad41a,Vesna Zmijanac,Oluja,sfrj,narodna_narodnjacka,0,0.386
5e0773ed5eba,Vesna Zmijanac,Oprosti majko,sfrj,narodna_narodnjacka,3,0.391
6d5eed2c0992,Vesna Zmijanac,Ori Mile al’ duboko,sfrj,narodna_narodnjacka,0,0.315
919491c0996e,Vesna Zmijanac,Ostavljena žena,sfrj,narodna_narodnjacka,4,0.511
19e3427e65fc,Vesna Zmijanac,Otvoriću ti srce,sfrj,narodna_narodnjacka,8,0.484
4c6b480a5d3e,Vesna Zmijanac,Ovo u grudima,sfrj,narodna_narodnjacka,8,0.461
8a5d88d4752b,Vesna Zmijanac,Pada prašina,sfrj,narodna_narodnjacka,5,0.341
1c2a3c3d992f,Vesna Zmijanac,Pitaj mene kako mi je,sfrj,narodna_narodnjacka,7,0.514
9b8b4f10f652,Vesna Zmijanac,Posle svega dobro sam,sfrj,narodna_narodnjacka,3,0.668
86712c77d930,Vesna Zmijanac,Prazne su mi bele ruke,sfrj,narodna_narodnjacka,3,0.264
5a68fb5d29d7,Vesna Zmijanac,Prokleta žena,sfrj,narodna_narodnjacka,1,0.482
b245e7dea2b5,Vesna Zmijanac,Prosta priča,sfrj,narodna_narodnjacka,7,0.362
616003fb498b,Vesna Zmijanac,Pukni zemljo,sfrj,narodna_narodnjacka,8,0.282
48e06c6873ec,Vesna Zmijanac,Sama,sfrj,narodna_narodnjacka,8,0.377
209350f34503,Vesna Zmijanac,Sebi sam bila i rat i brat,sfrj,narodna_narodnjacka,0,0.356
fbf4c4680792,Vesna Zmijanac,Sina sam ti odgajila,sfrj,narodna_narodnjacka,7,0.528
316d49d0d016,Vesna Zmijanac,Šta će meni sminka,sfrj,narodna_narodnjacka,0,0.248
6e024e7bced1,Vesna Zmijanac,Šta je ljubav,sfrj,narodna_narodnjacka,3,0.549
e54480cfe092,Vesna Zmijanac,Šta ostane kad padnu haljine,sfrj,narodna_narodnjacka,0,0.346
49bc894925cd,Vesna Zmijanac,Stari sat,sfrj,narodna_narodnjacka,0,0.535
1dbb17f44982,Vesna Zmijanac,Sto života,sfrj,narodna_narodnjacka,0,0.345
b2b74f9de714,Vesna Zmijanac,Svatovi,sfrj,narodna_narodnjacka,8,0.434
75fb9520f9a9,Vesna Zmijanac,Sve vas seka vara,sfrj,narodna_narodnjacka,6,0.421
88adfb8dc3e1,Vesna Zmijanac,Tebi je lako,sfrj,narodna_narodnjacka,8,0.586
6b3d80dc996c,Vesna Zmijanac,Ti mali,sfrj,narodna_narodnjacka,9,0.438
2b54ed9ccaca,Vesna Zmijanac,Ti možeš sve da mi radiš,sfrj,narodna_narodnjacka,8,0.39
96c704deefe1,Vesna Zmijanac,Ti nisi čovek koji zna da voli,sfrj,narodna_narodnjacka,8,0.46
0392c43cac0d,Vesna Zmijanac,"Ti u meraku, ja u bedaku",sfrj,narodna_narodnjacka,7,0.54
87835ff2d548,Vesna Zmijanac,"Ti, gde si sad",sfrj,narodna_narodnjacka,7,0.413
a4c7f506ee3e,Vesna Zmijanac,Tri noći ne spavam,sfrj,narodna_narodnjacka,0,0.862
9c5a626fa4ae,Vesna Zmijanac,U mom srcu,sfrj,narodna_narodnjacka,0,0.39
abf98a04dc43,Vesna Zmijanac,U tebe da se zaljubim,sfrj,narodna_narodnjacka,3,0.322
15c59e4e6141,Vesna Zmijanac,Uvenuće šljiva ranka,sfrj,narodna_narodnjacka,0,0.492
d7bb0d61f16c,Vesna Zmijanac,Verujem u bolje dane,sfrj,narodna_narodnjacka,0,0.497
81e1d1618bf5,Vesna Zmijanac,Vetar duva oko kuće,sfrj,narodna_narodnjacka,0,0.617
f901ddef204b,Vesna Zmijanac,Vreme je da živim,sfrj,narodna_narodnjacka,7,0.47
5c898df5a303,Vesna Zmijanac,Zaboravi me,sfrj,narodna_narodnjacka,4,0.222
46950b9990d6,Vesna Zmijanac,Zakletva,sfrj,narodna_narodnjacka,8,0.402
fb1c270e3a66,Vesna Zmijanac,Zar bi me lako drugome dao,sfrj,narodna_narodnjacka,8,0.745
29ce1a43ee13,Vesna Zmijanac,Znam te odlično,sfrj,narodna_narodnjacka,8,0.602
951bcdc2364e,Vesna Zmijanac,"Znaš, šta mi je žao",sfrj,narodna_narodnjacka,3,0.852
33b8d7a85562,Zorica Brunclik,Moj brate (duet Halid Muslimović),sfrj,narodna_narodnjacka,1,0.375
0eb9540078eb,Zorica Brunclik,Pobegulja (with Acko Nezirović),sfrj,narodna_narodnjacka,0,0.491
949982481a1e,Zorica Brunclik,Volim te sve više,sfrj,narodna_narodnjacka,0,0.415
ec4e5c8e45f7,Zorica Brunclik,"Zbogom, moja ljubavi",sfrj,narodna_narodnjacka,4,0.401
338c4cb9bb66,Zorica Brunclik,Zemlja iz moga sna,sfrj,narodna_narodnjacka,0,0.546
825dc015094e,Zorica Brunclik,Znaš li dragi onu šljivu ranku,sfrj,narodna_narodnjacka,5,0.507
c94f6b030e19,Mile Kitić,Kilo dole kilo gore,sfrj,narodna_narodnjacka,7,0.318
c87ea9f18a28,Mile Kitić,Moj Sokole,sfrj,narodna_narodnjacka,1,0.601
76bed3f58d76,Mile Kitić,Plava Ciganko,sfrj,narodna_narodnjacka,0,0.46
7ea51348b583,Mile Kitić,Popij lozu,sfrj,narodna_narodnjacka,0,0.402
2e906141409e,Mile Kitić,Šampanjac,sfrj,narodna_narodnjacka,7,0.63
46bf0097d5e9,Mile Kitić,"Smejem se, a plače mi se",sfrj,narodna_narodnjacka,6,0.363
51f5a640ee53,Mile Kitić,Što si tako zao živote,sfrj,narodna_narodnjacka,5,0.295
89b26723b847,Mile Kitić,Svako slovo lagala,sfrj,narodna_narodnjacka,3,0.229
4c001a5baf52,Mile Kitić,Svi su tu,sfrj,narodna_narodnjacka,7,0.592
266736cc74bd,Mile Kitić,Zašto baš ti,sfrj,narodna_narodnjacka,5,0.525
850e06666aae,Mile Kitić,Zemljotres,sfrj,narodna_narodnjacka,8,0.324
caf0c4e5deb1,Predrag Živković Tozovac,Na kraj sela čađava mehana,sfrj,narodna_narodnjacka,7,0.366
84055b77373f,Predrag Živković Tozovac,Romana i Mihajlo (duet Lepa Lukić),sfrj,narodna_narodnjacka,0,0.373
2c3eaa94ef99,Hanka Paldum,Ako ti kažem,sfrj,narodna_narodnjacka,1,0.512
fd58dde13c24,Hanka Paldum,Aman zaman,sfrj,narodna_narodnjacka,0,0.342
a75806dd8ef0,Hanka Paldum,"Avlije, avlije",sfrj,narodna_narodnjacka,0,0.408
3066e867e98c,Hanka Paldum,Bez tvoje ljubavi,sfrj,narodna_narodnjacka,0,0.519
e4901820e615,Hanka Paldum,Bosna je majka moja,sfrj,narodna_narodnjacka,5,0.308
80f3d0f9c545,Hanka Paldum,Čežnja,sfrj,narodna_narodnjacka,5,0.515
2df1d36172be,Hanka Paldum,Crne kose,sfrj,narodna_narodnjacka,0,0.515
982171d928f2,Hanka Paldum,Crni snijeg (with Hari Mata Hari),sfrj,narodna_narodnjacka,8,0.259
4580f8eccb5e,Hanka Paldum,Dal’ ću više ikad ljubit’,sfrj,narodna_narodnjacka,0,0.598
65443b9a9a0e,Hanka Paldum,Dobro došli prijatelji,sfrj,narodna_narodnjacka,0,0.536
a3e5b289e8c8,Hanka Paldum,Dođi,sfrj,narodna_narodnjacka,0,0.524
594c4b9a107b,Hanka Paldum,"Gazi, gazi",sfrj,narodna_narodnjacka,8,0.326
0e29fae9b2b0,Hanka Paldum,Gdje si dušo,sfrj,narodna_narodnjacka,4,0.307
7ca2c32e86dc,Hanka Paldum,Golub i golubica (with Said Jusić),sfrj,narodna_narodnjacka,8,0.468
9a48df38c404,Hanka Paldum,"Hej, ljubavi",sfrj,narodna_narodnjacka,0,0.417
a463c6d4a628,Hanka Paldum,Hoću da budem samo žena,sfrj,narodna_narodnjacka,3,0.417
36eca75783e9,Hanka Paldum,Hoću lijepe riječi,sfrj,narodna_narodnjacka,0,0.361
b5f65906c181,Hanka Paldum,Hoću s tobom da se napijem,sfrj,narodna_narodnjacka,0,0.639
5e5de403a551,Hanka Paldum,Htio si sam,sfrj,narodna_narodnjacka,5,0.322
d2b26c8fc04d,Hanka Paldum,Hvala,sfrj,narodna_narodnjacka,5,0.303
791533991365,Hanka Paldum,Ispijmo čašu jednu,sfrj,narodna_narodnjacka,0,0.619
be19f1a72ca0,Hanka Paldum,Isplakah zadnju suzu,sfrj,narodna_narodnjacka,0,0.548
05083738ce5e,Hanka Paldum,Ja i ti,sfrj,narodna_narodnjacka,8,0.412
92e0f4035be7,Hanka Paldum,Ja nemam snage (with Don Almir),sfrj,narodna_narodnjacka,8,0.29
1bfc62a74ba5,Hanka Paldum,Ja te pjesmom zovem,sfrj,narodna_narodnjacka,0,0.746
4016e8ff43e5,Hanka Paldum,Ja te volim,sfrj,narodna_narodnjacka,3,0.298
a37d46682227,Hanka Paldum,Ja za tebe nikad nisam bila žena,sfrj,narodna_narodnjacka,0,0.565
bac2eb88d707,Hanka Paldum,Jadna sam bez tvoje ljubavi,sfrj,narodna_narodnjacka,0,0.519
70530fa49332,Hanka Paldum,Jugoslavija,sfrj,narodna_narodnjacka,0,0.448
ebc142ce8c00,Hanka Paldum,Junak do junaka,sfrj,narodna_narodnjacka,1,0.596
a92ae873a0aa,Hanka Paldum,"Kaharli sam, večerala nisam",sfrj,narodna_narodnjacka,8,0.666
23df780f6f79,Hanka Paldum,Kamo sreće da ga nisam srela,sfrj,narodna_narodnjacka,3,0.377
3baabcfbf187,Hanka Paldum,Kani suzo izdajice,sfrj,narodna_narodnjacka,8,0.466
84ef59fc133a,Hanka Paldum,Kasno je za sve,sfrj,narodna_narodnjacka,5,0.329
86e9bc80d129,Hanka Paldum,Kriva,sfrj,narodna_narodnjacka,4,0.291
fc1d1d044b29,Hanka Paldum,Ljubav,sfrj,narodna_narodnjacka,0,0.542
3ab07524eefe,Hanka Paldum,Ljubav je radost i bol,sfrj,narodna_narodnjacka,4,0.222
59c619a7777a,Hanka Paldum,Ljubavi moja,sfrj,narodna_narodnjacka,8,0.325
27c55b9a156e,Hanka Paldum,"Ludo, ludo tebe volim",sfrj,narodna_narodnjacka,1,0.304
eae70e2eec37,Hanka Paldum,Lutaj srce,sfrj,narodna_narodnjacka,0,0.422
e4253999bb5f,Hanka Paldum,Med i mljeko,sfrj,narodna_narodnjacka,8,0.323
6d0032bfddf4,Hanka Paldum,Miris kose,sfrj,narodna_narodnjacka,0,0.705
6fb7e567d96b,Hanka Paldum,Mojoj majci,sfrj,narodna_narodnjacka,0,0.62
b03070fc1a4f,Hanka Paldum,Moraš doći ove noći,sfrj,narodna_narodnjacka,0,0.444
c7d6c273481d,Hanka Paldum,Na sve navikne žena,sfrj,narodna_narodnjacka,0,0.246
5a90f8096bbc,Hanka Paldum,Najdražoj ljubavi,sfrj,narodna_narodnjacka,1,0.515
6177fd6fd58f,Hanka Paldum,Ne budi me,sfrj,narodna_narodnjacka,0,0.828
85976a5d6fe2,Hanka Paldum,Ne dirajte uspomene,sfrj,narodna_narodnjacka,0,0.77
311134c0ef92,Hanka Paldum,Ne kuni ga majko,sfrj,narodna_narodnjacka,5,0.496
7756f48a4782,Hanka Paldum,"Ne ljubi me noćas, mili",sfrj,narodna_narodnjacka,0,0.668
c361f4c88edf,Hanka Paldum,Ne smijemo se rastaviti,sfrj,narodna_narodnjacka,0,0.609
956098a5262d,Hanka Paldum,Ne traži me,sfrj,narodna_narodnjacka,3,0.284
f2a1f6265681,Hanka Paldum,Neću oproštaj da ti dam,sfrj,narodna_narodnjacka,8,0.317
34242be44af2,Hanka Paldum,Nek je od srca,sfrj,narodna_narodnjacka,9,0.464
0456c0a612c1,Hanka Paldum,Nema kajanja,sfrj,narodna_narodnjacka,0,0.507
52d389153ce0,Hanka Paldum,Nije to prvi put,sfrj,narodna_narodnjacka,0,0.423
ee349ebac785,Hanka Paldum,Nikad više,sfrj,narodna_narodnjacka,3,0.42
ff7c49de3b9b,Hanka Paldum,"Noćas si bol, noćas si želja",sfrj,narodna_narodnjacka,8,0.515
95e2d5cd660f,Hanka Paldum,Noćima ga nema,sfrj,narodna_narodnjacka,0,0.453
0512182a49bf,Hanka Paldum,Od behara do behara,sfrj,narodna_narodnjacka,0,0.665
51bbc534cf8e,Hanka Paldum,Odreću se i srebra i zlata,sfrj,narodna_narodnjacka,7,0.284
36891e24ac5e,Hanka Paldum,Ostavljena žena,sfrj,narodna_narodnjacka,0,0.291
8e9c7d2b667b,Hanka Paldum,Pa šta,sfrj,narodna_narodnjacka,0,0.482
88720d827677,Hanka Paldum,Pamtim još,sfrj,narodna_narodnjacka,3,0.395
035a338db336,Hanka Paldum,Pisala sam duga pisma,sfrj,narodna_narodnjacka,0,0.501
2e86127c5774,Hanka Paldum,Pjesma je sve,sfrj,narodna_narodnjacka,1,0.614
9e50c9e3561b,Hanka Paldum,Pjesma tuge,sfrj,narodna_narodnjacka,8,0.344
929891730b90,Hanka Paldum,Plačem već tri dana,sfrj,narodna_narodnjacka,0,0.596
6a3f4e3ada9c,Hanka Paldum,Plači za mnom,sfrj,narodna_narodnjacka,6,0.324
3d57d8be182d,Hanka Paldum,Pokraj puta rodila jabuka,sfrj,narodna_narodnjacka,8,0.271
c6d79aea6a0a,Hanka Paldum,Prva ljubav,sfrj,narodna_narodnjacka,3,0.416
eda4b6163d41,Hanka Paldum,Pusti me majko,sfrj,narodna_narodnjacka,0,0.349
27409a352313,Hanka Paldum,Put putuje Latif aga,sfrj,narodna_narodnjacka,1,0.431
3b73dd0a162d,Hanka Paldum,Rana stara,sfrj,narodna_narodnjacka,0,0.376
55c9e53934f8,Hanka Paldum,Rođena sam,sfrj,narodna_narodnjacka,8,0.56
b61714b56f7a,Hanka Paldum,S kim si takav si,sfrj,narodna_narodnjacka,3,0.355
d27a70b296c8,Hanka Paldum,"Sa, Sa Sarajevo",sfrj,narodna_narodnjacka,1,0.304
6e8c0487bceb,Hanka Paldum,Sama,sfrj,narodna_narodnjacka,5,0.35
341f5f4d99bd,Hanka Paldum,Sanjam,sfrj,narodna_narodnjacka,0,0.582
555992f4bc2c,Hanka Paldum,Sarajevo grad,sfrj,narodna_narodnjacka,0,0.542
9e9edd41eff0,Hanka Paldum,Sarajevo heroj je grad,sfrj,narodna_narodnjacka,0,0.451
807cf8097719,Hanka Paldum,Sarajevo ostadoh bez riječi,sfrj,narodna_narodnjacka,1,0.644
494539395eaa,Hanka Paldum,Sinoć ja i moja kona,sfrj,narodna_narodnjacka,0,0.511
21233895480e,Hanka Paldum,Sjećaš li se djevo bajna,sfrj,narodna_narodnjacka,8,0.536
2933a580d66a,Hanka Paldum,Sokole,sfrj,narodna_narodnjacka,8,0.314
db2fe77b6c7e,Hanka Paldum,Srce je moje kamen,sfrj,narodna_narodnjacka,8,0.621
876f24c4ea4d,Hanka Paldum,Šta će meni,sfrj,narodna_narodnjacka,3,0.472
8a09459bf2cb,Hanka Paldum,Šta da učinim,sfrj,narodna_narodnjacka,8,0.34
ca69b49f8125,Hanka Paldum,Šta se sjaji u seher Saraj’vu,sfrj,narodna_narodnjacka,0,0.743
d6a888e01da5,Hanka Paldum,Stežem srce,sfrj,narodna_narodnjacka,0,0.33
ce8bfd6ca636,Hanka Paldum,Što svaka žena sanja,sfrj,narodna_narodnjacka,0,0.39
d561fdc903cd,Hanka Paldum,Svađalica,sfrj,narodna_narodnjacka,3,0.301
d704164d8ca6,Hanka Paldum,Svaka rijeka moru stići će,sfrj,narodna_narodnjacka,8,0.36
312a510412af,Hanka Paldum,Te su me oči lagale,sfrj,narodna_narodnjacka,8,0.358
973903d1b702,Hanka Paldum,"Ti si carstvo, ja carica",sfrj,narodna_narodnjacka,0,0.654
06dc5fc7ff6e,Hanka Paldum,Tragovi,sfrj,narodna_narodnjacka,0,0.495
f45d00c592b8,Hanka Paldum,Tražiš me kad je kasno,sfrj,narodna_narodnjacka,8,0.436
08cdeb199aed,Hanka Paldum,Usne moje da te ljube,sfrj,narodna_narodnjacka,0,0.498
ceff3563d35f,Hanka Paldum,Uspomene,sfrj,narodna_narodnjacka,3,0.431
93806bd1216d,Hanka Paldum,Uzalud mi tražiš oproštaj,sfrj,narodna_narodnjacka,8,0.269
9bfedc8d1941,Hanka Paldum,Vjetrovi tuge,sfrj,narodna_narodnjacka,1,0.478
c408b5636815,Hanka Paldum,"Voljela sam, voljela",sfrj,narodna_narodnjacka,8,0.678
b38483473734,Hanka Paldum,Voljeni moj,sfrj,narodna_narodnjacka,7,0.302
f86517935929,Hanka Paldum,Zašto smo se sreli,sfrj,narodna_narodnjacka,1,0.249
a99676cd3ff6,Hanka Paldum,"Zasviraj, cigo",sfrj,narodna_narodnjacka,8,0.373
dcdc735bf625,Hanka Paldum,Zbog tebe,sfrj,narodna_narodnjacka,0,0.456
fd4d70d244f7,Hanka Paldum,Zbogom voljeni moj,sfrj,narodna_narodnjacka,0,0.61
b575f7b84d87,Hanka Paldum,Zelene oči,sfrj,narodna_narodnjacka,8,0.545
5ef7965a10e6,Hanka Paldum,Žena kao ja,sfrj,narodna_narodnjacka,6,0.394
c252a60fbbf0,Hanka Paldum,Žena kao žena,sfrj,narodna_narodnjacka,8,0.33
c74ab3d7fc97,Hanka Paldum,Žuta Fadila,sfrj,narodna_narodnjacka,8,0.589
030ef3d4773f,Hanka Paldum,Zvijezda tjera mjeseca,sfrj,narodna_narodnjacka,8,0.474
87b6bb87712d,Halid Bešlić,Budna si,sfrj,narodna_narodnjacka,2,0.298
a29280846ee7,Halid Bešlić,Čardak,sfrj,narodna_narodnjacka,0,0.51
6ed896c0f8c8,Halid Bešlić,Čarobna frula,sfrj,narodna_narodnjacka,4,0.299
089e953ed12f,Halid Bešlić,Crna ruža,sfrj,narodna_narodnjacka,0,0.533
42cbf95f7c63,Halid Bešlić,Da zna zora (duet Željko Bebek),sfrj,narodna_narodnjacka,8,0.417
5f6967b40b5d,Halid Bešlić,Daleko je sreća,sfrj,narodna_narodnjacka,5,0.353
7a6c2cb0d6db,Halid Bešlić,Dani ljubavi,sfrj,narodna_narodnjacka,3,0.435
338aed5ef2c0,Halid Bešlić,Djeco bosanska,sfrj,narodna_narodnjacka,6,0.343
66e7bcaad5a1,Halid Bešlić,Do ljubavi tvoje mi je stalo,sfrj,narodna_narodnjacka,8,0.458
cf36fcca68d4,Halid Bešlić,"Domovino, u srcu te nosimo",sfrj,narodna_narodnjacka,0,0.582
c262f75c038c,Halid Bešlić,Dosta mi je tužne muzike,sfrj,narodna_narodnjacka,0,0.635
6ffa61f38d45,Halid Bešlić,Dvadesete,sfrj,narodna_narodnjacka,5,0.444
31cda0d607c5,Halid Bešlić,"Eh, kad bi ti",sfrj,narodna_narodnjacka,0,0.499
ab48cba1da48,Halid Bešlić,Gitara i čaša vina,sfrj,narodna_narodnjacka,0,0.423
8154a71d6d8e,Halid Bešlić,Gitara u noći,sfrj,narodna_narodnjacka,0,0.765
f8f6756688f2,Halid Bešlić,Gordana,sfrj,narodna_narodnjacka,3,0.543
c94c45d19a48,Halid Bešlić,Grade moj,sfrj,narodna_narodnjacka,1,0.604
05f4030fe649,Halid Bešlić,Grešnica,sfrj,narodna_narodnjacka,3,0.377
0d7cb823eaba,Halid Bešlić,"Hej, lijepa ženo",sfrj,narodna_narodnjacka,0,0.315
a1dc0060e313,Halid Bešlić,"Hej, noći",sfrj,narodna_narodnjacka,0,0.545
6bdc2053d7e2,Halid Bešlić,"Hej, zoro, ne svani",sfrj,narodna_narodnjacka,0,0.48
5fee8b9a1048,Halid Bešlić,Hir mladosti,sfrj,narodna_narodnjacka,0,0.373
28728480a04e,Halid Bešlić,I zanesen tom ljepotom,sfrj,narodna_narodnjacka,0,0.316
acc430a7211d,Halid Bešlić,Ja se Bosni spremam,sfrj,narodna_narodnjacka,7,0.408
ff9bff364b5b,Halid Bešlić,Ja žalim ružu,sfrj,narodna_narodnjacka,8,0.671
0f95845da16b,Halid Bešlić,Jabuke su bile slatke,sfrj,narodna_narodnjacka,1,0.347
8cb2f8031af1,Halid Bešlić,Jesen u meni,sfrj,narodna_narodnjacka,0,0.312
7db8df035245,Halid Bešlić,Još ljubavi ima,sfrj,narodna_narodnjacka,0,0.878
bc23495a4b81,Halid Bešlić,Kad zaigra srce od meraka,sfrj,narodna_narodnjacka,0,0.508
6ccaf0c5ae01,Halid Bešlić,Kad-tad,sfrj,narodna_narodnjacka,3,0.379
7ba11e74a1e8,Halid Bešlić,Kao nekad,sfrj,narodna_narodnjacka,0,0.791
847fc5cf7a97,Halid Bešlić,"Lete ptice, lete jata",sfrj,narodna_narodnjacka,0,0.522
77cf4e3cbeae,Halid Bešlić,Lijepa pa i pametna,sfrj,narodna_narodnjacka,3,0.581
dcc57580249e,Halid Bešlić,Lijepe Ciganke (duet Omer Raković),sfrj,narodna_narodnjacka,8,0.384
5712572ace00,Halid Bešlić,Limun žut,sfrj,narodna_narodnjacka,0,0.676
30fcff8c335c,Halid Bešlić,Ljiljani,sfrj,narodna_narodnjacka,8,0.673
c649d69299cc,Halid Bešlić,Ljubav je k’o magla,sfrj,narodna_narodnjacka,0,0.466
55b05929849b,Halid Bešlić,Ljubav je stvorila anđela,sfrj,narodna_narodnjacka,4,0.234
c29a7ba047c4,Halid Bešlić,Ljubičica,sfrj,narodna_narodnjacka,0,0.395
378a0b2aeb90,Halid Bešlić,Ljut na tebe,sfrj,narodna_narodnjacka,0,0.546
da329b709bad,Halid Bešlić,"Malo je, malo dana",sfrj,narodna_narodnjacka,1,0.295
724514cf8f53,Halid Bešlić,Miljacka,sfrj,narodna_narodnjacka,0,0.313
a6aa5573aad7,Halid Bešlić,Mirela,sfrj,narodna_narodnjacka,8,0.439
7387c3c89a50,Halid Bešlić,Mladost je otišla,sfrj,narodna_narodnjacka,1,0.367
2cda819619a3,Halid Bešlić,Mnogi su je poljubili,sfrj,narodna_narodnjacka,8,0.31
29f6a3c7a536,Halid Bešlić,Moja jedina,sfrj,narodna_narodnjacka,0,0.635
6bd17433dcf7,Halid Bešlić,More i planine,sfrj,narodna_narodnjacka,0,0.54
5c82e1553a9c,Halid Bešlić,Mostovi tuge,sfrj,narodna_narodnjacka,4,0.567
a2f0fb038a82,Halid Bešlić,"Mujo, Halil i Vila",sfrj,narodna_narodnjacka,3,0.286
4ddf666b303b,Halid Bešlić,Na Zapadu ništa novo,sfrj,narodna_narodnjacka,0,0.581
a561846e08e2,Halid Bešlić,Najljepši dragulji,sfrj,narodna_narodnjacka,0,0.558
11db7ba41a78,Halid Bešlić,Navika,sfrj,narodna_narodnjacka,0,0.456
e45cf1b08ff3,Halid Bešlić,Ne bolujem,sfrj,narodna_narodnjacka,0,0.394
27b248afcbc2,Halid Bešlić,Ne budi mi nadu,sfrj,narodna_narodnjacka,0,0.426
1d754ff3aee2,Halid Bešlić,Ne diraj mi nju,sfrj,narodna_narodnjacka,0,0.449
e2d1ec2f921f,Halid Bešlić,Ne traži me više pogledom,sfrj,narodna_narodnjacka,8,0.468
0e8327df4127,Halid Bešlić,Ne zaboravi,sfrj,narodna_narodnjacka,0,0.512
2c83beadc8e0,Halid Bešlić,"Ne zovi me, ne traži me",sfrj,narodna_narodnjacka,1,0.341
98b42f6f825a,Halid Bešlić,Nećeš saznat’ koliko te volim,sfrj,narodna_narodnjacka,0,0.411
dc6bb9d4a95a,Halid Bešlić,"Neću, neću dijamante",sfrj,narodna_narodnjacka,0,0.433
76d6caf183e6,Halid Bešlić,Nekad sam ti bio drag,sfrj,narodna_narodnjacka,8,0.34
fd9ea46cf4fd,Halid Bešlić,Nije ljubav vino,sfrj,narodna_narodnjacka,0,0.546
5783294ad402,Halid Bešlić,Nikom više ne vjerujem ja,sfrj,narodna_narodnjacka,5,0.365
4cd908a57878,Halid Bešlić,Noć i dan se dijeli,sfrj,narodna_narodnjacka,0,0.3
0c00babca352,Halid Bešlić,Oči njene,sfrj,narodna_narodnjacka,0,0.342
e5bf3e1a3396,Halid Bešlić,Od sabaha do jacije,sfrj,narodna_narodnjacka,8,0.627
14cbb367cd92,Halid Bešlić,"Okuj me, care",sfrj,narodna_narodnjacka,0,0.466
44a3d362b4e8,Halid Bešlić,Ona i samo ona,sfrj,narodna_narodnjacka,0,0.403
e6613c1e3da5,Halid Bešlić,Ona je opijum,sfrj,narodna_narodnjacka,0,0.596
baa3fb88e66b,Halid Bešlić,Opet sam se zaljubio,sfrj,narodna_narodnjacka,8,0.452
f5f9fd7ec6e9,Halid Bešlić,"Orilo, gorilo (duet Edvin Po)",sfrj,narodna_narodnjacka,0,0.34
c56543783677,Halid Bešlić,Otrov mi dajte,sfrj,narodna_narodnjacka,0,0.437
7b45dd53f112,Halid Bešlić,Pamtiću te,sfrj,narodna_narodnjacka,8,0.413
97459363f66d,Halid Bešlić,Pet godina volio sam tebe,sfrj,narodna_narodnjacka,8,0.351
e820497bb75b,Halid Bešlić,Pjesma samo o njoj,sfrj,narodna_narodnjacka,0,0.54
4f4b203678a6,Halid Bešlić,Pjesme moje,sfrj,narodna_narodnjacka,8,0.345
cb9f6bc38567,Halid Bešlić,Plačem (duet Zehra Bajraktarević),sfrj,narodna_narodnjacka,3,0.383
1037d33eb38e,Halid Bešlić,"Plakaću, ljubavi moja",sfrj,narodna_narodnjacka,3,0.398
c1c1f2d55dce,Halid Bešlić,Plavuše,sfrj,narodna_narodnjacka,0,0.419
a6f7fba1f07f,Halid Bešlić,Poželjet ćeš,sfrj,narodna_narodnjacka,0,0.849
89948eb0f302,Halid Bešlić,Požuri,sfrj,narodna_narodnjacka,9,0.469
cae55cebdfe1,Halid Bešlić,Prokleta je žena ta,sfrj,narodna_narodnjacka,8,0.383
da01098a12c2,Halid Bešlić,Prolaznik,sfrj,narodna_narodnjacka,9,0.686
e5bdef4b3171,Halid Bešlić,Pruži mi ruku,sfrj,narodna_narodnjacka,0,0.288
45cb8f891373,Halid Bešlić,Prvi poljubac,sfrj,narodna_narodnjacka,0,0.375
8042e5845cf9,Halid Bešlić,Rajske ptice,sfrj,narodna_narodnjacka,5,0.289
3cff3d0b4c1f,Halid Bešlić,Rana jesen (duet Branka Sovrlić),sfrj,narodna_narodnjacka,0,0.279
c87a2b16f831,Halid Bešlić,Ranjen sam ti,sfrj,narodna_narodnjacka,8,0.394
365a8ed608f0,Halid Bešlić,Rastanak,sfrj,narodna_narodnjacka,4,0.427
ad0f89c2989e,Halid Bešlić,Robinja,sfrj,narodna_narodnjacka,8,0.398
b6a6b08e28a5,Halid Bešlić,Samo da znaš (duet Jana),sfrj,narodna_narodnjacka,3,0.386
ded844c84433,Halid Bešlić,Samo s tobom lijepo mi je,sfrj,narodna_narodnjacka,0,0.372
99a14242dcf2,Halid Bešlić,"Sanjam majku, sanjam kuću staru",sfrj,narodna_narodnjacka,5,0.322
9402980e8547,Halid Bešlić,"Sanjam te, majko",sfrj,narodna_narodnjacka,6,0.307
f0d3b8c93344,Halid Bešlić,Sarajevo,sfrj,narodna_narodnjacka,1,0.618
d87e74ee7a5e,Halid Bešlić,Sarajka djevojka,sfrj,narodna_narodnjacka,1,0.209
b54dc8dda2c7,Halid Bešlić,Sijede,sfrj,narodna_narodnjacka,3,0.634
4f2d7ec7c7c5,Halid Bešlić,Sijedi starac,sfrj,narodna_narodnjacka,5,0.324
76c323200f30,Halid Bešlić,Sjećam se,sfrj,narodna_narodnjacka,0,0.984
9fab504e141a,Halid Bešlić,Sjeti me se bistra rijeko,sfrj,narodna_narodnjacka,0,0.523
7dcacaa4e9fb,Halid Bešlić,Snjegovi hladni dolaze,sfrj,narodna_narodnjacka,0,0.373
e7ac413bf6cc,Halid Bešlić,Snježana,sfrj,narodna_narodnjacka,5,0.247
9039a2e5aa9c,Halid Bešlić,Srce ledeno,sfrj,narodna_narodnjacka,0,0.257
a8ac2653c26b,Halid Bešlić,Srebrni mjesec,sfrj,narodna_narodnjacka,8,0.335
294bf687f240,Halid Bešlić,Šta je to (duet Selma Muhedinović),sfrj,narodna_narodnjacka,8,0.333
622f865f3368,Halid Bešlić,Stani zoro,sfrj,narodna_narodnjacka,0,0.839
51b823c8bd2c,Halid Bešlić,Stara kuća,sfrj,narodna_narodnjacka,0,0.344
d5c98b286015,Halid Bešlić,Što je tužna breza ta,sfrj,narodna_narodnjacka,0,0.433
bcde94f66a92,Halid Bešlić,Sto posto ljubav (duet Tifa),sfrj,narodna_narodnjacka,7,0.397
fd34dcb7b86f,Halid Bešlić,Sumorne jeseni,sfrj,narodna_narodnjacka,0,0.535
b67affbfbf02,Halid Bešlić,Sunce jedino,sfrj,narodna_narodnjacka,8,0.513
722c872a43a2,Halid Bešlić,Svatovi,sfrj,narodna_narodnjacka,0,0.319
d0fd6ed6889e,Halid Bešlić,Sve sate i dane,sfrj,narodna_narodnjacka,8,0.698
e107c05ff80b,Halid Bešlić,Sviraj nešto narodno (with Donna Ares),sfrj,narodna_narodnjacka,0,0.431
b7a64679f1d2,Halid Bešlić,Ta je žena varala me,sfrj,narodna_narodnjacka,8,0.604
955047630152,Halid Bešlić,Tajna,sfrj,narodna_narodnjacka,0,0.758
bcf476df9731,Halid Bešlić,Ti si bila moja želja,sfrj,narodna_narodnjacka,0,0.614
20abd28df459,Halid Bešlić,Tri ruže,sfrj,narodna_narodnjacka,0,0.691
76d7f210664d,Halid Bešlić,U ime ljubavi,sfrj,narodna_narodnjacka,8,0.438
be3059b50905,Halid Bešlić,U plamenu jedne vatre,sfrj,narodna_narodnjacka,5,0.508
d08db7b71a86,Halid Bešlić,Ulica uzdaha (duet Luna),sfrj,narodna_narodnjacka,0,0.401
4cd963b65a55,Halid Bešlić,Umrijeću zbog tebe (duet Henda),sfrj,narodna_narodnjacka,0,0.596
54eb6f2598b9,Halid Bešlić,"Uspomeno, uspomeno",sfrj,narodna_narodnjacka,3,0.35
1d087041acba,Halid Bešlić,Uzalud je vino,sfrj,narodna_narodnjacka,1,0.356
a707c3f6d327,Halid Bešlić,Vazda,sfrj,narodna_narodnjacka,8,0.348
d072e2d10124,Halid Bešlić,Vjetrovi i oluje,sfrj,narodna_narodnjacka,0,0.742
c9eb938222dd,Halid Bešlić,Volim te,sfrj,narodna_narodnjacka,0,0.511
602f3d9d3eee,Halid Bešlić,"Volim te, neka svako zna",sfrj,narodna_narodnjacka,0,0.357
c770f8ffdad1,Halid Bešlić,"Volim te, volim ja",sfrj,narodna_narodnjacka,0,0.455
2fb613e46879,Halid Bešlić,Voljela me jedna Esma,sfrj,narodna_narodnjacka,8,0.358
501aa83fe6e2,Halid Bešlić,Vraćam se majci u Bosnu (Beograđanka),sfrj,narodna_narodnjacka,0,0.316
8281740d24bb,Halid Bešlić,Vremena se mijenjaju,sfrj,narodna_narodnjacka,3,0.271
654b9e39a8e2,Halid Bešlić,"Zadnji put sam ovdje, druže",sfrj,narodna_narodnjacka,8,0.567
4b7989d806af,Halid Bešlić,Zagrli me nježno,sfrj,narodna_narodnjacka,1,0.28
131fa977ad07,Halid Bešlić,Zajedno smo jači,sfrj,narodna_narodnjacka,3,0.651
374b1b5b2fce,Halid Bešlić,"Zaljubljen sam, stara majko",sfrj,narodna_narodnjacka,8,0.491
7a374bce43ff,Halid Bešlić,Zar si mogla ljubit’ njega,sfrj,narodna_narodnjacka,8,0.698
14563f97a4ce,Halid Bešlić,Zarobljenik uspomena (duet Danijela Martinović),sfrj,narodna_narodnjacka,8,0.324
706e38524365,Halid Bešlić,Zarobljenik vina,sfrj,narodna_narodnjacka,8,0.493
5f923995f619,Halid Bešlić,Zašto je moralo tako da bude,sfrj,narodna_narodnjacka,0,0.409
224380fd226c,Halid Bešlić,Zašto su ti oči tužne,sfrj,narodna_narodnjacka,0,0.698
d80a29247de1,Halid Bešlić,Zbog najdraže žene,sfrj,narodna_narodnjacka,8,0.365
d2efc415ae29,Halid Bešlić,"Zbogom noći, zbogom zore",sfrj,narodna_narodnjacka,0,0.488
d4669c965c59,Halid Bešlić,"Željan sam, željan",sfrj,narodna_narodnjacka,0,0.635
34e2eec8fba7,Halid Bešlić,Žena mog života,sfrj,narodna_narodnjacka,0,0.333
6097727b19c5,Halid Bešlić,Život je Bosna (with Alka Vuica),sfrj,narodna_narodnjacka,1,0.229
38f7b0a7d266,Halid Bešlić,Zlatna čaša,sfrj,narodna_narodnjacka,0,0.448
70dd407f6a8b,Halid Bešlić,Zlatne niti,sfrj,narodna_narodnjacka,0,0.719
086a0c516d4b,Halid Bešlić,Zlatne strune,sfrj,narodna_narodnjacka,8,0.442
3b2c6f2a261f,Halid Bešlić,Zrele kajsije,sfrj,narodna_narodnjacka,8,0.495
73f797c22167,Halid Bešlić,Zumbuli su procvali,sfrj,narodna_narodnjacka,8,0.64
86f6364c0edd,Svetlana Ceca Ražnatović,"39,2",tranzicija,turbo_folk,9,0.37
f4394dc44cd9,Svetlana Ceca Ražnatović,Ako te ona odbije,tranzicija,turbo_folk,7,0.336
20ec7286ec76,Svetlana Ceca Ražnatović,Babaroga,tranzicija,turbo_folk,8,0.252
fc8406afb94f,Svetlana Ceca Ražnatović,Batali,tranzicija,turbo_folk,0,0.262
56ecc660a175,Svetlana Ceca Ražnatović,Beograd,tranzicija,turbo_folk,0,0.42
2a9eaf3c88f7,Svetlana Ceca Ražnatović,Bivši,tranzicija,turbo_folk,3,0.416
a2ab75ebb784,Svetlana Ceca Ražnatović,Brat i sestra,tranzicija,turbo_folk,7,0.365
f61be506076b,Svetlana Ceca Ražnatović,Bruka,tranzicija,turbo_folk,7,0.571
19c7222b855a,Svetlana Ceca Ražnatović,"Brže, brže",tranzicija,turbo_folk,7,0.472
7473cd2312a0,Svetlana Ceca Ražnatović,Budi dečko moj,tranzicija,turbo_folk,9,0.44
ab580370248a,Svetlana Ceca Ražnatović,Cipelice,tranzicija,turbo_folk,6,0.436
d3fe69d16b55,Svetlana Ceca Ražnatović,Crni sneg (with Aca Lukas),tranzicija,turbo_folk,9,0.275
a5a9856dbb89,Svetlana Ceca Ražnatović,Crveno,tranzicija,turbo_folk,7,0.38
db6a9f271109,Svetlana Ceca Ražnatović,Čudo,tranzicija,turbo_folk,6,0.48
2ba7a7323c72,Svetlana Ceca Ražnatović,Čulo bola,tranzicija,turbo_folk,7,0.544
e7f4825eb646,Svetlana Ceca Ražnatović,Cvetak zanovetak,tranzicija,turbo_folk,7,0.463
a33e39621c2c,Svetlana Ceca Ražnatović,Da li to ljubav pravi od nas slabiće,tranzicija,turbo_folk,7,0.466
f2c823f831ff,Svetlana Ceca Ražnatović,Da ne čuje zlo,tranzicija,turbo_folk,8,0.289
d7e89fc331ce,Svetlana Ceca Ražnatović,Da raskinem sa njom,tranzicija,turbo_folk,9,0.306
7daeccfcee3c,Svetlana Ceca Ražnatović,Da si nekad do bola voleo,tranzicija,turbo_folk,8,0.522
f6da65599363,Svetlana Ceca Ražnatović,Decenija,tranzicija,turbo_folk,0,0.411
aadd27aad73b,Svetlana Ceca Ražnatović,Detelina sa četiri lista,tranzicija,turbo_folk,0,0.357
9ef8c6106bd0,Svetlana Ceca Ražnatović,Devojko veštice,tranzicija,turbo_folk,8,0.394
09d1bf46a1d6,Svetlana Ceca Ražnatović,Dođi,tranzicija,turbo_folk,0,0.609
772b133f8fe0,Svetlana Ceca Ražnatović,Dokaz,tranzicija,turbo_folk,5,0.295
9d8e764e4f6a,Svetlana Ceca Ražnatović,Doktor,tranzicija,turbo_folk,7,0.238
7329e61cf1da,Svetlana Ceca Ražnatović,Dragane moj,tranzicija,turbo_folk,0,0.657
816ddf663780,Svetlana Ceca Ražnatović,Drugarice (with Luna),tranzicija,turbo_folk,9,0.352
cc015624ae32,Svetlana Ceca Ražnatović,"Drugarice, prokletnice",tranzicija,turbo_folk,3,0.321
5570575bfe4f,Svetlana Ceca Ražnatović,Đački spomenari,tranzicija,turbo_folk,3,0.302
f47d4e340ff3,Svetlana Ceca Ražnatović,"Eh, teško meni",tranzicija,turbo_folk,3,0.566
0b37196653cb,Svetlana Ceca Ražnatović,"Eto, eto prođe leto",tranzicija,turbo_folk,0,0.624
570b7161f358,Svetlana Ceca Ražnatović,Fatalna ljubav,tranzicija,turbo_folk,3,0.369
2aca6f6a19d4,Svetlana Ceca Ražnatović,Gore od ljubavi,tranzicija,turbo_folk,6,0.361
f78a43b5b643,Svetlana Ceca Ražnatović,Greška,tranzicija,turbo_folk,9,0.216
90f9a47b2abd,Svetlana Ceca Ražnatović,Hej vršnjaci,tranzicija,turbo_folk,0,0.261
e42dbcc1679b,Svetlana Ceca Ražnatović,"Hej, ljubavi ljubavi",tranzicija,turbo_folk,3,0.394
542fb4ab429b,Svetlana Ceca Ražnatović,I bogati plaču,tranzicija,turbo_folk,0,0.362
fced45542e16,Svetlana Ceca Ražnatović,Idealno loša,tranzicija,turbo_folk,7,0.203
8cd19846db4a,Svetlana Ceca Ražnatović,Idi dok si mlad,tranzicija,turbo_folk,0,0.47
37a3708b6b09,Svetlana Ceca Ražnatović,Isuse,tranzicija,turbo_folk,7,0.363
02c1ad65090b,Svetlana Ceca Ražnatović,"Izbriši, vetre, trag",tranzicija,turbo_folk,0,0.481
01532ac144a9,Svetlana Ceca Ražnatović,Ja ću prva,tranzicija,turbo_folk,9,0.259
d86f4734c28b,Svetlana Ceca Ražnatović,Ja još spavam u tvojoj majici,tranzicija,turbo_folk,8,0.272
dfd9dc5027d4,Svetlana Ceca Ražnatović,Ja tebe hoću (with Ljuba Lukić),tranzicija,turbo_folk,8,0.335
df6d44ea0344,Svetlana Ceca Ražnatović,Kad bi bio ranjen,tranzicija,turbo_folk,8,0.306
d27252560087,Svetlana Ceca Ražnatović,Kažem da te volim,tranzicija,turbo_folk,3,0.449
8f3784c65c90,Svetlana Ceca Ražnatović,Ko na grani jabuka (with Željko Šašić),tranzicija,turbo_folk,0,0.469
ca192163d70a,Svetlana Ceca Ražnatović,Ko nekad u osam,tranzicija,turbo_folk,9,0.406
ccc7d7b63f14,Svetlana Ceca Ražnatović,Koža pamti,tranzicija,turbo_folk,6,0.275
2de3d74f88c9,Svetlana Ceca Ražnatović,Kuda idu ostavljene devojke,tranzicija,turbo_folk,0,0.44
6f9ca5e49a89,Svetlana Ceca Ražnatović,Kuda žuriš,tranzicija,turbo_folk,3,0.534
23eb08bc3ff8,Svetlana Ceca Ražnatović,Kukavica,tranzicija,turbo_folk,0,0.536
3966a0b19ef9,Svetlana Ceca Ražnatović,Lako je tebi,tranzicija,turbo_folk,3,0.825
5e4c56d715e8,Svetlana Ceca Ražnatović,Lepi grome moj,tranzicija,turbo_folk,8,0.292
54cd0a0e9c3a,Svetlana Ceca Ražnatović,Lepotan,tranzicija,turbo_folk,8,0.584
ea9c9b7a5406,Svetlana Ceca Ražnatović,Ličiš na moga oca,tranzicija,turbo_folk,5,0.238
8149aef9c1be,Svetlana Ceca Ražnatović,Ludo srce,tranzicija,turbo_folk,8,0.47
86984413f957,Svetlana Ceca Ražnatović,"Manta, manta",tranzicija,turbo_folk,0,0.344
5b1e7726658f,Svetlana Ceca Ražnatović,Maskarada,tranzicija,turbo_folk,9,0.343
7ea6eadfba65,Svetlana Ceca Ražnatović,"Mesec, nebo, zvezdice",tranzicija,turbo_folk,0,0.349
aa6e12331a07,Svetlana Ceca Ražnatović,Mokra trava,tranzicija,turbo_folk,8,0.512
629476b6a275,Svetlana Ceca Ražnatović,Mrtvo more,tranzicija,turbo_folk,7,0.362
9666a49c1393,Svetlana Ceca Ražnatović,Nagovori,tranzicija,turbo_folk,0,0.562
c2a2a03bd128,Svetlana Ceca Ražnatović,Ne daj me,tranzicija,turbo_folk,0,0.561
ca9b80464e50,Svetlana Ceca Ražnatović,Ne guši me,tranzicija,turbo_folk,0,0.533
b1ca813c71ec,Svetlana Ceca Ražnatović,Ne kuni majko,tranzicija,turbo_folk,8,0.484
2d0d6dbfa013,Svetlana Ceca Ražnatović,Ne računaj na mene (with Mira Škorić),tranzicija,turbo_folk,8,0.35
5796f4f253c7,Svetlana Ceca Ražnatović,Neću da budem kao mašina,tranzicija,turbo_folk,8,0.338
08c6817faa76,Svetlana Ceca Ražnatović,Neću dugo,tranzicija,turbo_folk,8,0.357
14b77de6c315,Svetlana Ceca Ražnatović,Nemoj mi prići,tranzicija,turbo_folk,0,0.346
3bbb6a68b8bf,Svetlana Ceca Ražnatović,"Neodoljiv, neumoljiv",tranzicija,turbo_folk,3,0.377
04ec3e508e52,Svetlana Ceca Ražnatović,Nevaljala,tranzicija,turbo_folk,8,0.512
5c859908bedc,Svetlana Ceca Ražnatović,Nije monotonija,tranzicija,turbo_folk,8,0.3
da62b95bc3eb,Svetlana Ceca Ražnatović,Noćas kuća časti,tranzicija,turbo_folk,7,0.273
388085acdcd3,Svetlana Ceca Ražnatović,Očima te pijem,tranzicija,turbo_folk,0,0.528
3129441ec7ee,Svetlana Ceca Ražnatović,Od glave do pete,tranzicija,turbo_folk,0,0.424
769fb76c3819,Svetlana Ceca Ražnatović,Od tebe ne znam da se oporavim,tranzicija,turbo_folk,0,0.224
0985e8a87c21,Svetlana Ceca Ražnatović,Oproštajna večera,tranzicija,turbo_folk,7,0.378
98c90e7ce91d,Svetlana Ceca Ražnatović,Oprosti mi suze,tranzicija,turbo_folk,3,0.45
7c66179023ef,Svetlana Ceca Ražnatović,Pazi s kim spavaš,tranzicija,turbo_folk,9,0.269
17acf48d729d,Svetlana Ceca Ražnatović,Pepeljara,tranzicija,turbo_folk,0,0.39
af794ac21640,Svetlana Ceca Ražnatović,Pile,tranzicija,turbo_folk,8,0.553
80d2d6e90d1c,Svetlana Ceca Ražnatović,Plan B,tranzicija,turbo_folk,1,0.273
d7573fc68751,Svetlana Ceca Ražnatović,Pogrešan broj,tranzicija,turbo_folk,8,0.327
97c33ee8a2e7,Svetlana Ceca Ražnatović,Ponudjen k’o pocascen,tranzicija,turbo_folk,7,0.565
7b305ef4d581,Svetlana Ceca Ražnatović,Popij me kao lek,tranzicija,turbo_folk,0,0.622
bebab0707a3b,Svetlana Ceca Ražnatović,"Prljavo, prljavo",tranzicija,turbo_folk,0,0.369
e90551e623bd,Svetlana Ceca Ražnatović,Pustite me da ga vidim,tranzicija,turbo_folk,0,0.455
c097d2eb5c23,Svetlana Ceca Ražnatović,Rađajte decu,tranzicija,turbo_folk,5,0.434
ba2d19ab3cac,Svetlana Ceca Ražnatović,Rekom bez vode,tranzicija,turbo_folk,5,0.239
34d2f87474c7,Svetlana Ceca Ražnatović,Rođen sa greškom,tranzicija,turbo_folk,7,0.559
c9682e82b042,Svetlana Ceca Ražnatović,Šta je to u tvojim venama,tranzicija,turbo_folk,9,0.213
552314e2697d,Svetlana Ceca Ražnatović,Šta još možeš da mi daš,tranzicija,turbo_folk,8,0.496
bacae950d962,Svetlana Ceca Ražnatović,Stereo bol,tranzicija,turbo_folk,0,0.369
2617ccba7ff0,Svetlana Ceca Ražnatović,Sto put sam se zaklela,tranzicija,turbo_folk,8,0.759
b1515cb82cd9,Svetlana Ceca Ražnatović,Što si tako zaboravan,tranzicija,turbo_folk,6,0.263
a6e6053e546c,Svetlana Ceca Ražnatović,Sve u svoje vreme,tranzicija,turbo_folk,1,0.475
f07593331d91,Svetlana Ceca Ražnatović,Sviće dan,tranzicija,turbo_folk,0,0.585
f0b0b7fe0335,Svetlana Ceca Ražnatović,Tačno je,tranzicija,turbo_folk,9,0.583
6e8613ae3854,Svetlana Ceca Ražnatović,To Miki,tranzicija,turbo_folk,7,0.381
a5511a23dc21,Svetlana Ceca Ražnatović,Tražio si sve,tranzicija,turbo_folk,0,0.298
85719cf97dd4,Svetlana Ceca Ražnatović,Trula višnja,tranzicija,turbo_folk,0,0.28
72afb72d2000,Svetlana Ceca Ražnatović,Tu sam ja,tranzicija,turbo_folk,9,0.286
d4b84857c546,Svetlana Ceca Ražnatović,Usnule lepotice,tranzicija,turbo_folk,6,0.382
8bc90b981641,Svetlana Ceca Ražnatović,"Ustani, budi se",tranzicija,turbo_folk,0,0.37
7f4d38192597,Svetlana Ceca Ražnatović,Vazduh koji dišem,tranzicija,turbo_folk,0,0.739
c22665b2e6af,Svetlana Ceca Ražnatović,Već viđeno,tranzicija,turbo_folk,7,0.612
22f492f6937e,Svetlana Ceca Ražnatović,Veliko srce,tranzicija,turbo_folk,1,0.639
741b90eb4899,Svetlana Ceca Ražnatović,Viski,tranzicija,turbo_folk,6,0.525
5d040d0af57b,Svetlana Ceca Ražnatović,"Volela sam, volela",tranzicija,turbo_folk,8,0.678
04f8142044da,Svetlana Ceca Ražnatović,Volim te,tranzicija,turbo_folk,3,0.418
30d70df57cdb,Svetlana Ceca Ražnatović,Votka sa utehom,tranzicija,turbo_folk,4,0.533
319fd8d86fb6,Svetlana Ceca Ražnatović,Vreme za ljubav ističe (with Oliver Mandić),tranzicija,turbo_folk,0,0.539
0bd537b0e737,Svetlana Ceca Ražnatović,Vreteno,tranzicija,turbo_folk,8,0.665
4b1acb701167,Svetlana Ceca Ražnatović,Zaboravi,tranzicija,turbo_folk,0,0.675
2cd0c08e1cc2,Svetlana Ceca Ražnatović,Zabraniću srcu da te voli,tranzicija,turbo_folk,8,0.523
0c18c218b502,Svetlana Ceca Ražnatović,Zabranjeni grad,tranzicija,turbo_folk,3,0.54
f924308d8317,Svetlana Ceca Ražnatović,Zabranjeno pušenje,tranzicija,turbo_folk,8,0.295
3747fe34aaf4,Svetlana Ceca Ražnatović,Zadrzaću pravo,tranzicija,turbo_folk,7,0.388
41a16cd54e1a,Svetlana Ceca Ražnatović,Zamalo,tranzicija,turbo_folk,7,0.442
0e582594e095,Svetlana Ceca Ražnatović,Žarila sam žar,tranzicija,turbo_folk,8,0.528
f15276c6a1ff,Svetlana Ceca Ražnatović,Zdravo mladosti,tranzicija,turbo_folk,0,0.347
8ae64a5e9f64,Svetlana Ceca Ražnatović,Želim te u mladosti,tranzicija,turbo_folk,3,0.415
14b5dc9ed9b5,Svetlana Ceca Ražnatović,"Zlato, srećan put",tranzicija,turbo_folk,0,0.508
7e501b37fcdb,Svetlana Ceca Ražnatović,Znam,tranzicija,turbo_folk,0,0.633
7f34aa8836db,Dragana Mirković,Ako me ostaviš,tranzicija,turbo_folk,5,0.411
56d9d95abc35,Dragana Mirković,Ako pitaš kako sam,tranzicija,turbo_folk,3,0.496
86bdb4790223,Dragana Mirković,Baš tebe volim ja,tranzicija,turbo_folk,6,0.415
b0f9ccef89de,Dragana Mirković,Bice mi kako kad,tranzicija,turbo_folk,0,0.472
8aa03c84d6b4,Dragana Mirković,Biću njegova,tranzicija,turbo_folk,9,0.418
eeb3a2182b89,Dragana Mirković,Bila sam naivna,tranzicija,turbo_folk,0,0.352
9859175bded2,Dragana Mirković,Bilo čija,tranzicija,turbo_folk,9,0.416
3f006c110f5b,Dragana Mirković,Bog srca mog,tranzicija,turbo_folk,6,0.252
ee8f4aa6a789,Dragana Mirković,Bog zna,tranzicija,turbo_folk,0,0.417
1d7fdd2bd934,Dragana Mirković,Bolna sam ti,tranzicija,turbo_folk,3,0.427
113d038b471a,Dragana Mirković,Brate moj,tranzicija,turbo_folk,3,0.642
fa51aabb4cf9,Dragana Mirković,Budućnost je moja u rukama tvojim,tranzicija,turbo_folk,0,0.705
4329276b8548,Dragana Mirković,Čarolija,tranzicija,turbo_folk,0,0.331
5cd43348d3a5,Dragana Mirković,Čekaj me jos malo,tranzicija,turbo_folk,0,0.624
cff1500af393,Dragana Mirković,Ceo život jedna ljubav,tranzicija,turbo_folk,5,0.416
1b338b1916e7,Dragana Mirković,Crni leptir,tranzicija,turbo_folk,6,0.244
63e0b0e14ace,Dragana Mirković,Čudan neki mali,tranzicija,turbo_folk,7,0.459
b0b7a44bdab2,Dragana Mirković,Cvet ljubavi,tranzicija,turbo_folk,8,0.301
5201e06c58c8,Dragana Mirković,Cvete moj,tranzicija,turbo_folk,0,0.78
42aa85d64640,Dragana Mirković,Da li ti žališ me,tranzicija,turbo_folk,4,0.335
38bf7536fa4c,Dragana Mirković,Da li znaš,tranzicija,turbo_folk,8,0.444
8ffeb984009c,Dragana Mirković,"Da, da, da",tranzicija,turbo_folk,0,0.568
c1970ce192b2,Dragana Mirković,Danak ljubavi,tranzicija,turbo_folk,3,0.331
2c39a48efae2,Dragana Mirković,Danima,tranzicija,turbo_folk,8,0.601
862d02c5c7e0,Dragana Mirković,Depresivan dan,tranzicija,turbo_folk,3,0.433
3d343a3e5d98,Dragana Mirković,Divlja devojka (with Nino),tranzicija,turbo_folk,8,0.353
c4c5dc43661d,Dragana Mirković,Do poslednjeg daha,tranzicija,turbo_folk,0,0.965
d68839d8748d,Dragana Mirković,Dobra devojka,tranzicija,turbo_folk,3,0.267
f2f43f43a64e,Dragana Mirković,"Dobro došo, mili moj",tranzicija,turbo_folk,0,0.515
df088b003afe,Dragana Mirković,"Dobro jutro, dobar dan",tranzicija,turbo_folk,0,0.492
c7b9ae0f6334,Dragana Mirković,Dodaj gas,tranzicija,turbo_folk,7,0.395
713d5b4f1a44,Dragana Mirković,Dođi i reci da me voliš,tranzicija,turbo_folk,1,0.582
f33f04dcd452,Dragana Mirković,Dolaze nam bolji dani,tranzicija,turbo_folk,3,0.251
5eda15925985,Dragana Mirković,Dolina kestenova,tranzicija,turbo_folk,3,0.335
1fe4b507bfc3,Dragana Mirković,Doviđenja milo moje,tranzicija,turbo_folk,0,0.459
8642e4593bda,Dragana Mirković,Drugovi,tranzicija,turbo_folk,8,0.351
e2bb56349ee3,Dragana Mirković,Dušu si mi opio,tranzicija,turbo_folk,8,0.362
67a6f8bd2ad1,Dragana Mirković,Dve sudbine,tranzicija,turbo_folk,0,0.551
1ea31a5e6b53,Dragana Mirković,Eksplozija,tranzicija,turbo_folk,8,0.444
6f8a3c5a9454,Dragana Mirković,Evo dobro sam,tranzicija,turbo_folk,0,0.323
ecc37d3af84d,Dragana Mirković,Fobija,tranzicija,turbo_folk,9,0.291
b9c17f4f46ae,Dragana Mirković,Gromovi (with Boban Rajović),tranzicija,turbo_folk,0,0.564
de2d4ccf7f19,Dragana Mirković,"Hajde, pogledaj me",tranzicija,turbo_folk,9,0.507
f8b8d2296bd3,Dragana Mirković,Hajdemo negde,tranzicija,turbo_folk,4,0.507
ef7272ae9a23,Dragana Mirković,Haljinica plave boje,tranzicija,turbo_folk,0,0.544
1c37875943b2,Dragana Mirković,Halo dragi,tranzicija,turbo_folk,0,0.356
9b5f8220a66f,Dragana Mirković,Hej mladicu bas si sik,tranzicija,turbo_folk,7,0.388
1ae7900a0943,Dragana Mirković,"Hoćeš, hoćeš, pogledaćeš",tranzicija,turbo_folk,9,0.504
bcf62c2e6f95,Dragana Mirković,Hoću sve,tranzicija,turbo_folk,7,0.216
5aa9ae12ddef,Dragana Mirković,I u dobru i u zlu,tranzicija,turbo_folk,0,0.479
a3c69ec44d4e,Dragana Mirković,Idi s njom,tranzicija,turbo_folk,3,0.661
9bc451faa1eb,Dragana Mirković,"Ili ona, ili ja",tranzicija,turbo_folk,8,0.283
4fa767f08bc1,Dragana Mirković,Ima li leta il’ zime,tranzicija,turbo_folk,0,0.441
e0de4ea98ba2,Dragana Mirković,Imam dečka nemirnog,tranzicija,turbo_folk,7,0.487
5386c2ceb533,Dragana Mirković,Ispleli smo venac ljubavi,tranzicija,turbo_folk,3,0.448
627237d9bf59,Dragana Mirković,Izađi iz stare priče,tranzicija,turbo_folk,4,0.408
a22918668259,Dragana Mirković,Izmisliću svet,tranzicija,turbo_folk,7,0.374
21059ea238a8,Dragana Mirković,"Ja imam te, a k’o da nemam te (duet Hari Mata Hari)",tranzicija,turbo_folk,8,0.462
afbebda91ccd,Dragana Mirković,Ja uspomenu čuvam,tranzicija,turbo_folk,0,0.569
5c1aa68b9879,Dragana Mirković,Jedan život je,tranzicija,turbo_folk,3,0.713
a2eea88a791c,Dragana Mirković,Jedno za drugo,tranzicija,turbo_folk,0,0.278
83afec79189d,Dragana Mirković,Jeleni košute ljube,tranzicija,turbo_folk,8,0.395
3f8cd735b86e,Dragana Mirković,Jos ljubavi ima,tranzicija,turbo_folk,0,0.333
5ba0fba43e44,Dragana Mirković,Jos si meni drag,tranzicija,turbo_folk,0,0.366
8eb2c2a1a34d,Dragana Mirković,Jos uvek te ludo volim,tranzicija,turbo_folk,0,0.503
91866472b28b,Dragana Mirković,Kad bi znao kako čeznem,tranzicija,turbo_folk,0,0.712
7f45da7b9f3b,Dragana Mirković,Kad su cvetale trešnje,tranzicija,turbo_folk,4,0.378
91356345c039,Dragana Mirković,Kad za tobom umrem ja,tranzicija,turbo_folk,3,0.569
0839f1c3b84f,Dragana Mirković,Kada te ugledam,tranzicija,turbo_folk,0,0.527
af8df64992d7,Dragana Mirković,"Kaži mi, sunce moje",tranzicija,turbo_folk,8,0.287
e4ba2e6d5aa7,Dragana Mirković,Kaži zbogom,tranzicija,turbo_folk,3,0.499
b9ba82468a8d,Dragana Mirković,Ko je da je,tranzicija,turbo_folk,8,0.324
a6bafa836515,Dragana Mirković,Ko je ta,tranzicija,turbo_folk,0,0.391
36d95d6c04cd,Dragana Mirković,Kojom gorom,tranzicija,turbo_folk,0,0.639
db3b197ff9da,Dragana Mirković,Kolevke se ljuljaju polako,tranzicija,turbo_folk,7,0.267
d81d3f3b29d5,Dragana Mirković,Koliko je prevarenih,tranzicija,turbo_folk,8,0.362
c2658d9935e3,Dragana Mirković,Kolo sreće,tranzicija,turbo_folk,0,0.579
6a19d0b65e4d,Dragana Mirković,Laste,tranzicija,turbo_folk,0,0.494
e68f14f0b65b,Dragana Mirković,"Lažno grliš, lažno ljubiš",tranzicija,turbo_folk,8,0.698
a52a699e19a9,Dragana Mirković,Ljubav je samo za heroje,tranzicija,turbo_folk,3,0.471
5c8a1fb55e73,Dragana Mirković,Ljubav kad je prava,tranzicija,turbo_folk,0,0.385
8c478cc91550,Dragana Mirković,Ljubav se meni dešava,tranzicija,turbo_folk,3,0.609
5271bfef0d38,Dragana Mirković,Ljubi il’ ubij,tranzicija,turbo_folk,3,0.33
8b791b183280,Dragana Mirković,Luče moje,tranzicija,turbo_folk,5,0.338
4b67a48fe831,Dragana Mirković,Luda kao ja,tranzicija,turbo_folk,3,0.26
024fb8a80747,Dragana Mirković,Mamina i tatina,tranzicija,turbo_folk,0,0.322
7c5eb8bcf5a6,Dragana Mirković,Matematika,tranzicija,turbo_folk,0,0.592
ccc0ca9c3fc1,Dragana Mirković,Milo moje sto te nema,tranzicija,turbo_folk,8,0.679
777f270650dc,Dragana Mirković,"Miluj me, miluj",tranzicija,turbo_folk,5,0.381
20fa244063a3,Dragana Mirković,Mnogo sam te pozelela,tranzicija,turbo_folk,0,0.648
96c1a690788f,Dragana Mirković,"Mogu li reci, ne volim te",tranzicija,turbo_folk,0,0.408
0bdc0f189e75,Dragana Mirković,Moralo je leto proći,tranzicija,turbo_folk,0,0.544
8439c6d826cb,Dragana Mirković,Mozda,tranzicija,turbo_folk,3,0.308
822a5fe050ca,Dragana Mirković,Muška suza,tranzicija,turbo_folk,0,0.253
d46e603320d8,Dragana Mirković,Na kraju,tranzicija,turbo_folk,0,0.549
1e796faad7e5,Dragana Mirković,Na rastanku,tranzicija,turbo_folk,0,0.527
d1ca74dfc91d,Dragana Mirković,Najlepši par,tranzicija,turbo_folk,3,0.471
eecc6537f2e3,Dragana Mirković,Nauči me,tranzicija,turbo_folk,1,0.642
be3f7cb778be,Dragana Mirković,Naviko si mali moj,tranzicija,turbo_folk,8,0.265
f8f42ef7478f,Dragana Mirković,"Ne idi, ostani moj",tranzicija,turbo_folk,0,0.294
69b766211366,Dragana Mirković,Ne pada mi na pamet,tranzicija,turbo_folk,5,0.524
ae2614528e2f,Dragana Mirković,Ne plače se za junakom,tranzicija,turbo_folk,0,0.445
534a6b7bca46,Dragana Mirković,Ne veruj im srećo,tranzicija,turbo_folk,3,0.612
d20ea9e6d69e,Dragana Mirković,Ne vraćam se starim ljubavima,tranzicija,turbo_folk,7,0.341
92c6abf64738,Dragana Mirković,Neću da živim bez tebe,tranzicija,turbo_folk,7,0.44
00e1015d19a4,Dragana Mirković,Neću pokajanje,tranzicija,turbo_folk,8,0.48
eaedb59f986d,Dragana Mirković,Nekad je valjalo,tranzicija,turbo_folk,8,0.347
fe897905a8b7,Dragana Mirković,Nema promene,tranzicija,turbo_folk,8,0.45
6cb112fe1716,Dragana Mirković,Nema sreće bez tebe,tranzicija,turbo_folk,0,0.455
100055e73bd8,Dragana Mirković,Nema te nema,tranzicija,turbo_folk,0,0.56
de7145891fcc,Dragana Mirković,Nema vatre,tranzicija,turbo_folk,8,0.351
7adf2e27aaa4,Dragana Mirković,Nemam ja milion sudbina,tranzicija,turbo_folk,8,0.334
ad0949238b9f,Dragana Mirković,Nepoželjna,tranzicija,turbo_folk,8,0.254
bc876bc13fcd,Dragana Mirković,Nesebično,tranzicija,turbo_folk,8,0.466
b121c78b79fb,Dragana Mirković,Nešto lepo,tranzicija,turbo_folk,2,0.204
f2b4bbcf5eb4,Dragana Mirković,Nije tebi do mene,tranzicija,turbo_folk,6,0.611
5708733c1f3a,Dragana Mirković,Niko nikog ne voli,tranzicija,turbo_folk,8,0.267
fd2b236a7f3d,Dragana Mirković,Niko te niko ne zna,tranzicija,turbo_folk,3,0.461
747d9615b9c9,Dragana Mirković,Nisam ni metar od tebe,tranzicija,turbo_folk,2,0.273
99dd3c8106b3,Dragana Mirković,O da li znaš,tranzicija,turbo_folk,0,0.409
3ddc0e6eeeff,Dragana Mirković,"O na, na, na",tranzicija,turbo_folk,0,0.762
6e7c6a562f5f,Dragana Mirković,Oči pune tuge (with Željko Šašić),tranzicija,turbo_folk,8,0.485
9ef837302caf,Dragana Mirković,Od kad sam se u tebe zaljubila,tranzicija,turbo_folk,3,0.241
20f047a0ba92,Dragana Mirković,Opojni su zumbuli,tranzicija,turbo_folk,7,0.294
9fb3cbac6f4a,Dragana Mirković,Oprosti što ti smetam,tranzicija,turbo_folk,8,0.51
81c5f1569442,Dragana Mirković,Oprosti za sve,tranzicija,turbo_folk,8,0.366
cf63c46c50b9,Dragana Mirković,Oslobodi me,tranzicija,turbo_folk,0,0.382
dd064bcdf943,Dragana Mirković,Ostani,tranzicija,turbo_folk,8,0.336
86f65896afa7,Dragana Mirković,Ostavljeni,tranzicija,turbo_folk,8,0.309
32801537fbd4,Dragana Mirković,Otrov i melem,tranzicija,turbo_folk,8,0.453
248db7f72293,Dragana Mirković,Pečat na usnama,tranzicija,turbo_folk,0,0.296
f9dea2d696e1,Dragana Mirković,Pitaju me u mom kraju,tranzicija,turbo_folk,7,0.297
0005b6e5453d,Dragana Mirković,Pitam svoje srce,tranzicija,turbo_folk,1,0.501
1ec78f902977,Dragana Mirković,Plače mi se,tranzicija,turbo_folk,8,0.698
499c893d456c,Dragana Mirković,Plači zemljo,tranzicija,turbo_folk,0,0.533
0831de86a458,Dragana Mirković,Poklanjam ti svoju ljubav,tranzicija,turbo_folk,0,0.682
d4e0881d457f,Dragana Mirković,Poljubi me,tranzicija,turbo_folk,8,0.6
0fc8b6035937,Dragana Mirković,Pomisli želju,tranzicija,turbo_folk,0,0.638
127215ca0487,Dragana Mirković,Pored mene dočekaćeš stotu,tranzicija,turbo_folk,1,0.687
313938768e89,Dragana Mirković,Poslednje veče,tranzicija,turbo_folk,5,0.23
aaf7397b3a82,Dragana Mirković,Povedi me,tranzicija,turbo_folk,0,0.597
66a48bbc98c1,Dragana Mirković,Preživeću,tranzicija,turbo_folk,0,0.532
53b0b47a9989,Dragana Mirković,"Proleće je, samo meni nije",tranzicija,turbo_folk,0,0.41
10a14f611738,Dragana Mirković,Prsten,tranzicija,turbo_folk,3,0.395
14e28550f1fa,Dragana Mirković,Pun je grad života,tranzicija,turbo_folk,7,0.249
b885bf43bdc5,Dragana Mirković,Pusti me da verujem,tranzicija,turbo_folk,0,0.679
2948a573585d,Dragana Mirković,Rođen za mene,tranzicija,turbo_folk,0,0.45
2b914e4498fa,Dragana Mirković,Rođendan,tranzicija,turbo_folk,3,0.401
99920f190e6a,Dragana Mirković,Ruže cvetaju samo u pesmama,tranzicija,turbo_folk,0,0.489
66f4a2d418df,Dragana Mirković,S vremena na vreme,tranzicija,turbo_folk,1,0.345
33e95a6be16e,Dragana Mirković,Sama,tranzicija,turbo_folk,3,0.52
101f6d4a6400,Dragana Mirković,Samo da te vidim,tranzicija,turbo_folk,0,0.438
98344779c02d,Dragana Mirković,Samo jedan sat (with Beat Street),tranzicija,turbo_folk,9,0.436
8201934e9ad8,Dragana Mirković,Sanjala sam naše venčanje,tranzicija,turbo_folk,3,0.392
9f4490e3fe02,Dragana Mirković,Sedmi dan,tranzicija,turbo_folk,0,0.517
150a4b86e65f,Dragana Mirković,Shvatila sam sve,tranzicija,turbo_folk,3,0.445
4fde04f05ceb,Dragana Mirković,Simpatija,tranzicija,turbo_folk,0,0.448
3f6721908002,Dragana Mirković,"Slađano moje, Slađano",tranzicija,turbo_folk,8,0.369
e89515d7a126,Dragana Mirković,Slavuji,tranzicija,turbo_folk,3,0.564
2721a70089bd,Dragana Mirković,Slobodna kao vetar,tranzicija,turbo_folk,8,0.238
b2ebd27b5851,Dragana Mirković,Spasi me samoće,tranzicija,turbo_folk,8,0.451
fd994ea255f0,Dragana Mirković,Srcu nije lako (with Divlji Kesten),tranzicija,turbo_folk,8,0.276
25aa77f879c9,Dragana Mirković,Sreća mi je okrenula leđa,tranzicija,turbo_folk,8,0.547
9ffb3c7ec46a,Dragana Mirković,Šta bih bez tebe ja,tranzicija,turbo_folk,0,0.652
9493edc4b875,Dragana Mirković,Šta bih ja da nema tebe,tranzicija,turbo_folk,8,0.39
59b2ffcd5f9b,Dragana Mirković,Šta ćemo biti,tranzicija,turbo_folk,0,0.471
c3fa907edbfc,Dragana Mirković,"Stani dušo, stani zlato",tranzicija,turbo_folk,1,0.414
8cef3c3858e7,Dragana Mirković,"Stani suzo, stani",tranzicija,turbo_folk,0,0.548
3ea796b4c604,Dragana Mirković,Sto ću čuda učiniti,tranzicija,turbo_folk,8,0.479
2ba8bb5e3fa5,Dragana Mirković,Što te nema,tranzicija,turbo_folk,8,0.392
6fcf4192af53,Dragana Mirković,Sudbina,tranzicija,turbo_folk,0,0.296
349fca3f93b4,Dragana Mirković,Svatovi,tranzicija,turbo_folk,0,0.581
162ece1e8b63,Dragana Mirković,Sve me na tebe podseća,tranzicija,turbo_folk,8,0.599
660c81f60e12,Dragana Mirković,Svetinja,tranzicija,turbo_folk,0,0.565
8358fe94720b,Dragana Mirković,Svud si oko mene,tranzicija,turbo_folk,8,0.406
4fe840f1b068,Dragana Mirković,Tamo gde je milo moje,tranzicija,turbo_folk,2,0.35
92ecc8867c7e,Dragana Mirković,"Tebi ljubav, meni bol",tranzicija,turbo_folk,4,0.328
4dfbcbc00eae,Dragana Mirković,Tebi ljubavi,tranzicija,turbo_folk,7,0.265
c1f76e108bb2,Dragana Mirković,Tebi treba žena kao ja,tranzicija,turbo_folk,3,0.252
652d1f36abb1,Dragana Mirković,Teci mi kroz vene,tranzicija,turbo_folk,0,0.408
04f639973a42,Dragana Mirković,Ti me rani,tranzicija,turbo_folk,8,0.882
8667c834a7b2,Dragana Mirković,Ti misliš da je meni lako (duet Plavi orkestar),tranzicija,turbo_folk,8,0.345
7988f70a2213,Dragana Mirković,To nije tvoja stvar,tranzicija,turbo_folk,9,0.561
7a8c7c49628f,Dragana Mirković,Trag u vremenu,tranzicija,turbo_folk,0,0.477
3ffb3fbab05e,Dragana Mirković,Treba mi neko,tranzicija,turbo_folk,8,0.498
6bc697245126,Dragana Mirković,Treba mi to,tranzicija,turbo_folk,0,0.533
0ec9f07fb6e9,Dragana Mirković,Tugo mojih dana,tranzicija,turbo_folk,0,0.428
f938093aaffb,Dragana Mirković,U godini,tranzicija,turbo_folk,3,0.492
f0b47b47a10b,Dragana Mirković,Učini greh,tranzicija,turbo_folk,2,0.34
781dbe628767,Dragana Mirković,Umiljato oko moje,tranzicija,turbo_folk,6,0.536
cde5333dec5a,Dragana Mirković,Umirem majko,tranzicija,turbo_folk,0,0.612
eecb23118d31,Dragana Mirković,Umreću zbog tebe,tranzicija,turbo_folk,7,0.306
c7e6890e6faa,Dragana Mirković,"Uteši me, tužna sam",tranzicija,turbo_folk,0,0.411
e7f71307a8a2,Dragana Mirković,Uzeo si moja jutra,tranzicija,turbo_folk,3,0.564
38c9211a8fab,Dragana Mirković,Varala bih varala,tranzicija,turbo_folk,6,0.464
447318ad316c,Dragana Mirković,Vatra,tranzicija,turbo_folk,0,0.473
a688c76ad730,Dragana Mirković,"Veruj, veruj",tranzicija,turbo_folk,3,0.407
97e1a62d9bcc,Dragana Mirković,Vetrovi tuge,tranzicija,turbo_folk,5,0.243
cafaff761ff6,Dragana Mirković,Volela bih da te vidim,tranzicija,turbo_folk,3,0.44
aeca455c6f5c,Dragana Mirković,"Volim te, voliš me",tranzicija,turbo_folk,3,0.407
10587ddd016f,Dragana Mirković,Voljeno moje (duet Rade Krstić),tranzicija,turbo_folk,1,0.389
d87453d49818,Dragana Mirković,Vrati mi se ti,tranzicija,turbo_folk,1,0.356
70b87937e517,Dragana Mirković,Za mene si ti,tranzicija,turbo_folk,0,0.55
a5b18106abf1,Dragana Mirković,Za tvoju ljubav,tranzicija,turbo_folk,0,0.681
cbf792d1abc0,Dragana Mirković,Zaboravi srce,tranzicija,turbo_folk,8,0.44
c786c447606b,Dragana Mirković,"Zagrli me, majko",tranzicija,turbo_folk,8,0.363
45ef24f1003a,Dragana Mirković,Zaljubila se devojčica,tranzicija,turbo_folk,5,0.373
9fb5b75a8abc,Dragana Mirković,"Zašto, zoro, svanjavaš",tranzicija,turbo_folk,8,0.428
f78ee3286bbc,Dragana Mirković,Zato mi je žao,tranzicija,turbo_folk,0,0.366
d1d7d7021b79,Dragana Mirković,"Zemljo, okreni se",tranzicija,turbo_folk,6,0.378
fdf1e3f0cc6d,Dragana Mirković,Zenico oka mog,tranzicija,turbo_folk,8,0.408
7fc97e7acbf9,Dragana Mirković,Žensko srce,tranzicija,turbo_folk,0,0.355
2a8bfde18e5f,Dragana Mirković,Život moj (duet Daniel Đokić),tranzicija,turbo_folk,5,0.222
2bf6f43beda5,Dragana Mirković,Znaš da nosim prsten tvoj,tranzicija,turbo_folk,8,0.454
7c245e734d4f,Jelena Karleuša,Da mi nisi drag,tranzicija,turbo_folk,0,0.517
8107e754b0f1,Jelena Karleuša,Dala sam ti noć,tranzicija,turbo_folk,0,0.478
a381c8f7adc6,Jelena Karleuša,Gde smo pogrešili mi,tranzicija,turbo_folk,1,0.417
e8f152e60f99,Jelena Karleuša,Insomnia,tranzicija,turbo_folk,8,0.261
ebadd8c6ef69,Jelena Karleuša,Kazino,tranzicija,turbo_folk,0,0.21
4eee14978b49,Jelena Karleuša,Krimi rad (feat. Teča),tranzicija,turbo_folk,2,0.47
5c15b65aea7b,Jelena Karleuša,Mogu biti pamuk,tranzicija,turbo_folk,8,0.3
646c0504d17c,Jelena Karleuša,Sad znam,tranzicija,turbo_folk,0,0.38
b40529765791,Jelena Karleuša,Tihi ubica,tranzicija,turbo_folk,4,0.394
175a931275eb,Jelena Karleuša,Žene vole dijamante,tranzicija,turbo_folk,3,0.341
b515812be036,Jelena Karleuša,Zovem se Jelena,tranzicija,turbo_folk,0,0.246
5811eba79bf9,Jelena Karleuša,Zvezda vodilja,tranzicija,turbo_folk,0,0.348
10d0d37f6810,Indira Radić,Agonija,tranzicija,turbo_folk,0,0.378
a3c2a88ede7c,Indira Radić,Ako me zavoliš,tranzicija,turbo_folk,0,0.283
31227bddd2e5,Indira Radić,Ako umrem sad,tranzicija,turbo_folk,0,0.524
4169131ddc54,Indira Radić,April,tranzicija,turbo_folk,5,0.361
0226f917dce6,Indira Radić,Beograd spava,tranzicija,turbo_folk,0,0.314
e858a42c9433,Indira Radić,Bio si mi drag,tranzicija,turbo_folk,0,0.508
fba3327223cb,Indira Radić,Biti ili ne biti,tranzicija,turbo_folk,3,0.446
84a3427d5f2f,Indira Radić,Crne zore,tranzicija,turbo_folk,8,0.343
9ddba214d99e,Indira Radić,Crveni tepih,tranzicija,turbo_folk,1,0.355
6e1fd9e47c0e,Indira Radić,Čudna igra,tranzicija,turbo_folk,0,0.323
531a31955a2b,Indira Radić,Da kamen zaplače,tranzicija,turbo_folk,8,0.319
7ece8a8a4cf7,Indira Radić,"Da, da, da",tranzicija,turbo_folk,8,0.356
1432fd91982f,Indira Radić,Daj mi obećanje,tranzicija,turbo_folk,0,0.368
4091d9e22665,Indira Radić,Decembar,tranzicija,turbo_folk,0,0.404
20553b714a34,Indira Radić,"Deset, devet, tri, dva, jedan",tranzicija,turbo_folk,0,0.519
d55019a82a31,Indira Radić,Drugarice moja,tranzicija,turbo_folk,9,0.398
5cb3f04b1a7e,Indira Radić,Dužan si mi dva života,tranzicija,turbo_folk,0,0.505
85a424725e4c,Indira Radić,Dve muzike,tranzicija,turbo_folk,2,0.343
5325b82d1946,Indira Radić,"Evo ti ruka, vodi me",tranzicija,turbo_folk,0,0.528
30b7d396d82b,Indira Radić,Gde ćemo večeras,tranzicija,turbo_folk,7,0.424
3dae9837bfde,Indira Radić,Gde si sada,tranzicija,turbo_folk,0,0.415
cfa13aad9667,Indira Radić,Gledaj me i umri,tranzicija,turbo_folk,9,0.218
ed2947823fcc,Indira Radić,Grom,tranzicija,turbo_folk,1,0.321
b94b9777640a,Indira Radić,"Hajde, sestro (duet Xenia Pajčin)",tranzicija,turbo_folk,9,0.255
e01a8bb7f107,Indira Radić,Halo srce gde si,tranzicija,turbo_folk,0,0.556
946c9d7e88b0,Indira Radić,"Hej, zašto da ne",tranzicija,turbo_folk,6,0.287
11bb7ec82bd1,Indira Radić,Heroji,tranzicija,turbo_folk,8,0.286
a22903f75825,Indira Radić,Hiljadu noći,tranzicija,turbo_folk,0,0.631
7b5bbb4f3051,Indira Radić,Hitna,tranzicija,turbo_folk,3,0.431
25616133cefd,Indira Radić,"Hoće mi se, hoće",tranzicija,turbo_folk,9,0.71
75722d2ec4f0,Indira Radić,Hvala što nisi,tranzicija,turbo_folk,6,0.331
700f291b4c61,Indira Radić,I ti tiho ode,tranzicija,turbo_folk,0,0.621
33ab83780cc7,Indira Radić,I u dobru i u zlu,tranzicija,turbo_folk,0,0.32
320cd0262ba0,Indira Radić,Ide to s godinama,tranzicija,turbo_folk,9,0.364
aec73a883fc2,Indira Radić,Idi iz života moga,tranzicija,turbo_folk,8,0.531
0c6ae0bb485e,Indira Radić,"Idi, ljubavi",tranzicija,turbo_folk,4,0.42
bf573df32ac9,Indira Radić,Ima nešto,tranzicija,turbo_folk,8,0.327
ba2b10853668,Indira Radić,"Ima tuga ime, ulicu i broj (duet Dženan Lončarević)",tranzicija,turbo_folk,8,0.287
1ab4debad6fe,Indira Radić,"Imali smo, nismo znali (duet Alen Islamović)",tranzicija,turbo_folk,3,0.465
3589e55d3cfb,Indira Radić,Iskreno mi kaži,tranzicija,turbo_folk,0,0.508
8b8089750ee3,Indira Radić,"Istok, sever, jug i zapad (feat. Crvena Jabuka)",tranzicija,turbo_folk,0,0.483
dfdb9a229cb8,Indira Radić,Izdajnik,tranzicija,turbo_folk,8,0.512
44e35935133b,Indira Radić,Izdao me neko,tranzicija,turbo_folk,3,0.501
7c0907ae3334,Indira Radić,Jednom se samo živi,tranzicija,turbo_folk,7,0.489
22280f829bb5,Indira Radić,Još te pamte moje ruke,tranzicija,turbo_folk,5,0.393
26e30ab03c5e,Indira Radić,Junačko srce,tranzicija,turbo_folk,8,0.316
09557c09368f,Indira Radić,Kada si me rodila,tranzicija,turbo_folk,5,0.877
c209bf91dfaa,Indira Radić,Kafana,tranzicija,turbo_folk,7,0.452
7a00f9849ae2,Indira Radić,Kako može srce,tranzicija,turbo_folk,0,0.325
bfa8bfdb6132,Indira Radić,Kaži kako živiš,tranzicija,turbo_folk,8,0.341
26e62f30af68,Indira Radić,Kazna za bezobrazne,tranzicija,turbo_folk,0,0.252
8ec58ae5c7ae,Indira Radić,Kiša,tranzicija,turbo_folk,0,0.416
6848e55716bc,Indira Radić,Kletva,tranzicija,turbo_folk,8,0.484
524c25a4e188,Indira Radić,Ko je ona žena,tranzicija,turbo_folk,8,0.317
58783a03c313,Indira Radić,Krug,tranzicija,turbo_folk,1,0.407
c398aea39a8d,Indira Radić,Lepo se provedi,tranzicija,turbo_folk,9,0.305
ffc4890ac664,Indira Radić,Ljubav kad prestane,tranzicija,turbo_folk,3,0.454
d5bf045755e0,Indira Radić,Ljubavi mrtvorođene,tranzicija,turbo_folk,3,0.512
ff2a9843a4d7,Indira Radić,Lopov (duet Alen Islamović),tranzicija,turbo_folk,3,0.381
166965010f16,Indira Radić,Loše kombinacije,tranzicija,turbo_folk,8,0.427
f6e28b991f24,Indira Radić,Majko,tranzicija,turbo_folk,8,0.304
4e504b6aa526,Indira Radić,Maline,tranzicija,turbo_folk,3,0.321
63ce9069a7fa,Indira Radić,Marija (feat. Stanko),tranzicija,turbo_folk,6,0.691
d34f7cbbbe1f,Indira Radić,Mazohizam,tranzicija,turbo_folk,7,0.417
d6d0ce6aa517,Indira Radić,"Moj živote, da l’ si živ",tranzicija,turbo_folk,6,0.25
27f835b20fdf,Indira Radić,Moja će te ljubav stići,tranzicija,turbo_folk,0,0.571
0559ab351df3,Indira Radić,Moju ljubav izdao si,tranzicija,turbo_folk,8,0.4
0244efd131de,Indira Radić,Na trapezu lokalnog cirkusa,tranzicija,turbo_folk,7,0.451
ce77d88a5637,Indira Radić,Nagrada i kazna,tranzicija,turbo_folk,0,0.556
c1c159180ba7,Indira Radić,Ne boli to,tranzicija,turbo_folk,8,0.414
6a98ca59e403,Indira Radić,Ne dolaziš u obzir,tranzicija,turbo_folk,0,0.365
9c7796b4d581,Indira Radić,Ne pitaj,tranzicija,turbo_folk,3,0.415
80cd5844796d,Indira Radić,"Nemam kuću, nemam krova (duet Alen Islamović)",tranzicija,turbo_folk,0,0.423
d5b69ad8c99b,Indira Radić,Nevero,tranzicija,turbo_folk,5,0.359
b01185b16cd2,Indira Radić,Ni dani ni noći,tranzicija,turbo_folk,1,0.526
9ae07cf9c565,Indira Radić,Nisam sumnjala,tranzicija,turbo_folk,9,0.379
875616eb574a,Indira Radić,Noćni program,tranzicija,turbo_folk,6,0.298
22a1844f42c6,Indira Radić,Oči moje što ste zaplakale,tranzicija,turbo_folk,0,0.486
467a99ea5526,Indira Radić,Opasno je opasno,tranzicija,turbo_folk,3,0.416
b5bcfb815707,Indira Radić,Osvetnica,tranzicija,turbo_folk,8,0.502
68dac69571be,Indira Radić,"Otiš’o si, ostala sam",tranzicija,turbo_folk,8,0.796
2ee6afacfed3,Indira Radić,Ovaj život čas proleti,tranzicija,turbo_folk,0,0.46
100568b2bd97,Indira Radić,Pamtimo ovo veče,tranzicija,turbo_folk,0,0.511
df2a8a1fbfeb,Indira Radić,Pedeset godina,tranzicija,turbo_folk,0,0.488
f995e50d5ba5,Indira Radić,"Pije mi se, pije",tranzicija,turbo_folk,0,0.438
b1b6149ddd90,Indira Radić,Platio si sve,tranzicija,turbo_folk,2,0.548
6d1755a0b7ca,Indira Radić,Pocrnela burma,tranzicija,turbo_folk,8,0.515
d39610c481c0,Indira Radić,Pogledaj me sad u oči,tranzicija,turbo_folk,1,0.358
cd317e353dc6,Indira Radić,Poljubi me i videćeš,tranzicija,turbo_folk,1,0.505
7afe95d2d3a1,Indira Radić,Popij jednu,tranzicija,turbo_folk,0,0.355
8273622086b2,Indira Radić,"Preko,  preko",tranzicija,turbo_folk,0,0.644
5957ce09270b,Indira Radić,Prevara,tranzicija,turbo_folk,3,0.543
885f6327b263,Indira Radić,Prevaranti,tranzicija,turbo_folk,8,0.24
a81b59350594,Indira Radić,Proslaviću kraj,tranzicija,turbo_folk,6,0.22
b2be30378f57,Indira Radić,Prošlo je vreme ljubavi,tranzicija,turbo_folk,3,0.45
c43ef743f803,Indira Radić,"Proveri me, proveri",tranzicija,turbo_folk,1,0.491
f208e3819fea,Indira Radić,Pusti me,tranzicija,turbo_folk,9,0.431
2be64bf6d46f,Indira Radić,Ratovanje,tranzicija,turbo_folk,1,0.407
155c835f084f,Indira Radić,Samo noćas da si tu,tranzicija,turbo_folk,7,0.436
5675f2095ac2,Indira Radić,Sedam smrtnih grehova,tranzicija,turbo_folk,0,0.286
72231c6a2e8a,Indira Radić,Sezam (duet Azis),tranzicija,turbo_folk,7,0.582
68e5424ebcf4,Indira Radić,Spakuj svoje stvari,tranzicija,turbo_folk,8,0.548
e057b07bd8eb,Indira Radić,Srce puno otrova,tranzicija,turbo_folk,3,0.397
225d442692ca,Indira Radić,Srebrna dugo (duet Nikola Rešić Nino),tranzicija,turbo_folk,0,0.398
f962b9b2a3f2,Indira Radić,Srpkinja je mene majka rodila,tranzicija,turbo_folk,1,0.618
43eec4c9f702,Indira Radić,Sto godina sreće,tranzicija,turbo_folk,3,0.791
459aaa902f0b,Indira Radić,Sto na sat (duet Lexington),tranzicija,turbo_folk,0,0.407
a3939cb27708,Indira Radić,Sunce u daljini,tranzicija,turbo_folk,0,0.638
db909c3e3180,Indira Radić,Suze moje,tranzicija,turbo_folk,0,0.654
b28ac01439ba,Indira Radić,Suzo moja,tranzicija,turbo_folk,8,0.529
c8a8d4e19d75,Indira Radić,Sve je gore sa tobom,tranzicija,turbo_folk,8,0.356
ef16b63eeafe,Indira Radić,Sve su iste pesme moje,tranzicija,turbo_folk,0,0.478
be4e250b7be6,Indira Radić,Svejedno je,tranzicija,turbo_folk,7,0.226
690604edafba,Indira Radić,Teško meni bez mene,tranzicija,turbo_folk,7,0.243
c9eda11aa487,Indira Radić,Tetovaža,tranzicija,turbo_folk,7,0.392
af07ef792d89,Indira Radić,Ti si isti kao ostali,tranzicija,turbo_folk,6,0.255
84ddb2470513,Indira Radić,Ti si moj,tranzicija,turbo_folk,0,0.72
c8f9c0d8a5e8,Indira Radić,Tika tak,tranzicija,turbo_folk,0,0.347
c210a210d04f,Indira Radić,Tužna vrbo,tranzicija,turbo_folk,4,0.367
8c6b8e74e1cd,Indira Radić,Tvoj pogled,tranzicija,turbo_folk,9,0.482
089f2ca07495,Indira Radić,Ugasi me,tranzicija,turbo_folk,0,0.439
3b9a40d10b8a,Indira Radić,Ujed za srce,tranzicija,turbo_folk,1,0.31
6671008f0eb2,Indira Radić,Upaljač,tranzicija,turbo_folk,0,0.427
ccf9ee81ed16,Indira Radić,Uvek sam loša prvi put,tranzicija,turbo_folk,6,0.357
902b096bc30d,Indira Radić,"Uzmi, sve mi uzmi",tranzicija,turbo_folk,0,0.507
5e5362e18fa9,Indira Radić,Uzvodno od ljubavi,tranzicija,turbo_folk,3,0.423
40357ff84d6e,Indira Radić,Vatromet,tranzicija,turbo_folk,8,0.313
70c989f5ddc7,Indira Radić,Već dugo ne verujem,tranzicija,turbo_folk,3,0.308
ef7ce0772be9,Indira Radić,Verovala sam u tebe,tranzicija,turbo_folk,7,0.321
906e155ac9bd,Indira Radić,Vidi šta si sad bez mene,tranzicija,turbo_folk,7,0.424
d16809ac7761,Indira Radić,Vidim strast u tvojim očima,tranzicija,turbo_folk,0,0.372
b424cc4960f6,Indira Radić,Voliš li me ti,tranzicija,turbo_folk,3,0.726
252e231a51c3,Indira Radić,Vrata su ti uvek otvorena,tranzicija,turbo_folk,5,0.34
5cec40933556,Indira Radić,Vrati mi se,tranzicija,turbo_folk,8,0.606
6ca8ddfa646f,Indira Radić,Zabranjeno,tranzicija,turbo_folk,8,0.415
b359895b8f74,Indira Radić,Zaljubljena momka dva,tranzicija,turbo_folk,1,0.306
16ac5434d9fc,Indira Radić,Zašto sam se rodila,tranzicija,turbo_folk,8,0.454
b944065e0c8e,Indira Radić,Zašto tako naopako,tranzicija,turbo_folk,1,0.27
eab9484fecce,Indira Radić,Zavodnica,tranzicija,turbo_folk,0,0.319
ca51290c2205,Indira Radić,Zbog tebe,tranzicija,turbo_folk,1,0.29
2686b927ce30,Indira Radić,"Živim da živim, ako preživim",tranzicija,turbo_folk,8,0.442
b68ca482be85,Indira Radić,Život ide dalje,tranzicija,turbo_folk,3,0.297
0a5f8fed9ce5,Indira Radić,Zmaj,tranzicija,turbo_folk,9,0.308
bb20ebc08a48,Indira Radić,Zodiac,tranzicija,turbo_folk,7,0.466
65b04ea38224,Šeki Turković,Loša procena,tranzicija,turbo_folk,6,0.469
3e4ffb394640,Saša Matić,A ti si izabrala njega,tranzicija,turbo_folk,3,0.403
c2371cd15a3f,Saša Matić,Anđeo čuvar,tranzicija,turbo_folk,2,0.249
cf802ad7b0ad,Saša Matić,Ja se ne predajem,tranzicija,turbo_folk,8,0.435
bb25125b22eb,Saša Matić,Kad ljubav zakasni,tranzicija,turbo_folk,3,0.519
9ab170bc92bd,Saša Matić,Ko te ljubi ovih dana,tranzicija,turbo_folk,0,0.398
a9607f085b43,Saša Matić,Kralj izgubljenih stvari,tranzicija,turbo_folk,0,0.383
4cc40da51dc3,Saša Matić,Lagala je grade,tranzicija,turbo_folk,1,0.46
d43707bcfa08,Saša Matić,Lanac sreće,tranzicija,turbo_folk,8,0.305
d542f389ff93,Saša Matić,Loša stara vremena,tranzicija,turbo_folk,0,0.26
af6526f9ef8c,Saša Matić,Nađi novu ljubav,tranzicija,turbo_folk,8,0.269
f5d5af3473a2,Saša Matić,Ne idi s njim,tranzicija,turbo_folk,0,0.405
c301924cbce7,Saša Matić,Ne znam ja da muški poginem,tranzicija,turbo_folk,0,0.293
261eedad9154,Saša Matić,"Ne zovi, ne piši",tranzicija,turbo_folk,0,0.322
1c8a177a64d5,Saša Matić,Neke ptice nikad ne polete,tranzicija,turbo_folk,8,0.515
ed3c1d3e0891,Saša Matić,Neostvarena želja,tranzicija,turbo_folk,3,0.333
cafed13f3950,Saša Matić,Nije ovo moja noć,tranzicija,turbo_folk,2,0.303
e39ead9bd39d,Saša Matić,Opala,tranzicija,turbo_folk,0,0.416
4ac9a12fffa2,Saša Matić,Poklonite mi nju za rođendan,tranzicija,turbo_folk,0,0.251
993662cd5b01,Saša Matić,Pravi se,tranzicija,turbo_folk,7,0.34
2a4d29e30dd7,Saša Matić,Reskiraj,tranzicija,turbo_folk,0,0.503
80c86f6e8ad7,Saša Matić,Ruzmarin,tranzicija,turbo_folk,6,0.259
1fe92b51ce7b,Saša Matić,Sad je kasno,tranzicija,turbo_folk,3,0.302
75724dd1edc6,Saša Matić,Samo ovu noć,tranzicija,turbo_folk,0,0.285
a9172136fe94,Saša Matić,Sve je na prodaju,tranzicija,turbo_folk,0,0.479
ea47435bb4ea,Saša Matić,Svuda si oko mene,tranzicija,turbo_folk,8,0.252
8e37f714b839,Saša Matić,Ulični svirač (duet Bonami),tranzicija,turbo_folk,7,0.364
00b856ccdaa9,Saša Matić,Zažmuri sa mnom,tranzicija,turbo_folk,0,0.241
0ed62ebfdd8c,Saša Matić,Zbogom ljubavi,tranzicija,turbo_folk,0,0.44
9976f9b91182,Sandra Afrika,Abrakadabra,tranzicija,turbo_folk,2,0.443
c64c118b42cc,Sandra Afrika,Devojka tvog druga (feat. Costi),tranzicija,turbo_folk,0,0.311
a5d5e8bb92a9,Viki Miljković,Bajadera,tranzicija,turbo_folk,0,0.464
54f09df0b2c1,Viki Miljković,Čiki liki lajla,tranzicija,turbo_folk,0,0.577
c6f51051d464,Viki Miljković,Da li si dobro spavao,tranzicija,turbo_folk,1,0.294
1605745f52d8,Viki Miljković,"Hej, ko to pita",tranzicija,turbo_folk,0,0.425
2b9d0a96f836,Viki Miljković,"Idu mi, idu",tranzicija,turbo_folk,4,0.268
35e334ab6607,Viki Miljković,Ko to zna,tranzicija,turbo_folk,8,0.29
eb088af844e8,Seka Aleksić,Ako me voliš pusti me,tranzicija,turbo_folk,0,0.301
b1a14c2a5016,Seka Aleksić,Ako ti se desi,tranzicija,turbo_folk,3,0.422
ed873a7e8077,Seka Aleksić,Ale ale,tranzicija,turbo_folk,1,0.277
72324a3b2137,Seka Aleksić,Aspirin,tranzicija,turbo_folk,7,0.343
607bef53495c,Seka Aleksić,Balkan,tranzicija,turbo_folk,8,0.373
164a056516b7,Seka Aleksić,Boli stara ljubav,tranzicija,turbo_folk,1,0.281
e9248272b953,Seka Aleksić,Briga me,tranzicija,turbo_folk,7,0.363
d4a070122354,Seka Aleksić,Chivas,tranzicija,turbo_folk,6,0.354
c9964beeb560,Seka Aleksić,Crno i zlatno,tranzicija,turbo_folk,0,0.289
32ebf8dfdb83,Seka Aleksić,Crnooka,tranzicija,turbo_folk,0,0.386
461c2efd73bd,Seka Aleksić,Crveni ruž,tranzicija,turbo_folk,2,0.24
7d3f02cb313a,Seka Aleksić,Da sam muško,tranzicija,turbo_folk,7,0.335
155f011933f1,Seka Aleksić,Dan od života,tranzicija,turbo_folk,8,0.283
cb46e9daa733,Seka Aleksić,Devet dana,tranzicija,turbo_folk,0,0.239
6f9d8b55829f,Seka Aleksić,Dim srca mog,tranzicija,turbo_folk,0,0.459
a77c6ae816dc,Seka Aleksić,Dođi i uzmi me,tranzicija,turbo_folk,0,0.284
e1de25093553,Seka Aleksić,Doktore,tranzicija,turbo_folk,1,0.476
05a990fdff6a,Seka Aleksić,Dva srca na zidu,tranzicija,turbo_folk,0,0.422
1d445b0af48a,Seka Aleksić,Evo,tranzicija,turbo_folk,7,0.265
458b18ca5a45,Seka Aleksić,Gde sam ti ja,tranzicija,turbo_folk,7,0.42
4df338bcdd06,Seka Aleksić,Haljina na pruge,tranzicija,turbo_folk,0,0.194
068bcb4ea3e9,Seka Aleksić,Hirošima,tranzicija,turbo_folk,0,0.304
00f6b32473e4,Seka Aleksić,I u vatru i u vodu,tranzicija,turbo_folk,7,0.396
a16786bd6cc8,Seka Aleksić,Idealno tvoja,tranzicija,turbo_folk,3,0.299
18cd6459f988,Seka Aleksić,Idi lepi moj,tranzicija,turbo_folk,2,0.428
9c4a2eb651f3,Seka Aleksić,Idi pre jutra,tranzicija,turbo_folk,5,0.306
92c62f295af1,Seka Aleksić,Idi s njom,tranzicija,turbo_folk,7,0.328
3b406849dde0,Seka Aleksić,Impulsi,tranzicija,turbo_folk,0,0.331
cb23d99a43f2,Seka Aleksić,Iskoristi moje mane,tranzicija,turbo_folk,7,0.445
d841de79af43,Seka Aleksić,Izdajice,tranzicija,turbo_folk,0,0.264
2e8561f833d0,Seka Aleksić,Ja nisam nešto slatko,tranzicija,turbo_folk,0,0.44
1f771dd7a6d1,Seka Aleksić,Ja tuđe usne ljubim,tranzicija,turbo_folk,0,0.413
1ad111aeda14,Seka Aleksić,Jedna više,tranzicija,turbo_folk,4,0.282
0feb044e0662,Seka Aleksić,"Jednom tvoja, srećna nikada",tranzicija,turbo_folk,0,0.381
0529980f792b,Seka Aleksić,Jer takva sam se rodila,tranzicija,turbo_folk,0,0.4
399c928c37d3,Seka Aleksić,K’o da sutra ne postoji,tranzicija,turbo_folk,2,0.234
3ee5c0f10dae,Seka Aleksić,K’o ta čaša,tranzicija,turbo_folk,3,0.708
e1a431439b61,Seka Aleksić,Kad čujem korak tvoj,tranzicija,turbo_folk,5,0.268
ce34875bda4b,Seka Aleksić,Kažu svi,tranzicija,turbo_folk,1,0.42
2fbd6e586a6f,Seka Aleksić,Koma,tranzicija,turbo_folk,7,0.383
6f12bd8f846c,Seka Aleksić,Kraljica,tranzicija,turbo_folk,9,0.263
af0f4efa08fe,Seka Aleksić,Kučka,tranzicija,turbo_folk,1,0.243
bd7392db6a9e,Seka Aleksić,Laka meta,tranzicija,turbo_folk,1,0.314
7b8167a3b234,Seka Aleksić,Lek za spavanje,tranzicija,turbo_folk,9,0.236
7a8d70fc148f,Seka Aleksić,"Lom, lom",tranzicija,turbo_folk,7,0.443
c92e647278eb,Seka Aleksić,Majstor za žene,tranzicija,turbo_folk,7,0.325
b9a60b3f387d,Seka Aleksić,Milo za drago,tranzicija,turbo_folk,1,0.399
5b326b8f610c,Seka Aleksić,Moje prvo neverstvo,tranzicija,turbo_folk,6,0.353
0bb91f0bd7ad,Seka Aleksić,Moli me,tranzicija,turbo_folk,8,0.273
f8c35374b41a,Seka Aleksić,Ne ostavljaj me samu,tranzicija,turbo_folk,9,0.361
4ac8801b20db,Seka Aleksić,"Ne, nije",tranzicija,turbo_folk,8,0.318
e3d3d65d439a,Seka Aleksić,"Nemoj doći, ne",tranzicija,turbo_folk,0,0.347
3847113d789c,Seka Aleksić,Nije ona ta,tranzicija,turbo_folk,0,0.215
a472ef8cf21d,Seka Aleksić,Oči plave boje,tranzicija,turbo_folk,8,0.336
ec3181fb9c74,Seka Aleksić,Opet,tranzicija,turbo_folk,3,0.38
fd6f7431f822,Seka Aleksić,Otrovnica,tranzicija,turbo_folk,8,0.348
07cb31ca6d1c,Seka Aleksić,Početak kraja,tranzicija,turbo_folk,3,0.292
dbfdabdb28fa,Seka Aleksić,Poludela,tranzicija,turbo_folk,7,0.493
93ff5c5b4623,Seka Aleksić,Poslednji let,tranzicija,turbo_folk,8,0.191
005736b7552f,Seka Aleksić,Reci gde smo mi,tranzicija,turbo_folk,5,0.353
0694b7b3219a,Seka Aleksić,Rođena da budem druga,tranzicija,turbo_folk,7,0.377
083275828173,Seka Aleksić,Rođena s vukovima,tranzicija,turbo_folk,0,0.293
3d6eaa9ac5c3,Seka Aleksić,Slučajni partneri,tranzicija,turbo_folk,0,0.345
0ceeb253db67,Seka Aleksić,Soba 22,tranzicija,turbo_folk,6,0.309
2c0c17a6ea99,Seka Aleksić,Sokole moj,tranzicija,turbo_folk,8,0.214
152153125554,Seka Aleksić,"Šta je bilo, bilo je",tranzicija,turbo_folk,7,0.431
4d6828257498,Seka Aleksić,"Što je bilo moje, njeno je",tranzicija,turbo_folk,8,0.469
31922d8911bc,Seka Aleksić,Sudbino reci,tranzicija,turbo_folk,3,0.267
a0570089de09,Seka Aleksić,Sve je laž,tranzicija,turbo_folk,7,0.392
7fd6b5bf6c93,Seka Aleksić,Svi tvoji milioni,tranzicija,turbo_folk,7,0.282
e0875385bc73,Seka Aleksić,Sviđa mi se tvoja devojka,tranzicija,turbo_folk,0,0.247
3fef2bd9cacd,Seka Aleksić,Tamo gde si ti,tranzicija,turbo_folk,2,0.431
bc26724fff00,Seka Aleksić,Tesna koža,tranzicija,turbo_folk,2,0.25
cb55ecad71f5,Seka Aleksić,Ti i ja smo par,tranzicija,turbo_folk,9,0.341
445be3a51ca8,Seka Aleksić,Ti se hrani mojim bolom (feat. Sha),tranzicija,turbo_folk,3,0.313
6bd5fc24c2e4,Seka Aleksić,U kafani punoj dima,tranzicija,turbo_folk,9,0.393
731ac80e1666,Seka Aleksić,Za ljubav mobilna,tranzicija,turbo_folk,5,0.217
7d02922e0505,Dino Merlin,Ako me ikada sretneš,tranzicija,pop,0,0.418
eb47afdf3584,Dino Merlin,Ako nastaviš ovako,tranzicija,pop,7,0.319
81aa7b41b430,Dino Merlin,Baska ti,tranzicija,pop,0,0.484
d3ae3e3e79e4,Dino Merlin,Bez obzira na sve,tranzicija,pop,8,0.372
dde0b9b52ba4,Dino Merlin,Bijelo,tranzicija,pop,0,0.473
e581dbd940f0,Dino Merlin,Bosnom behar probeharao,tranzicija,pop,8,0.45
86dc79afd25f,Dino Merlin,Božić je,tranzicija,pop,5,0.294
07e2fd297077,Dino Merlin,Burek,tranzicija,pop,1,0.625
8fd3fe6efe88,Dino Merlin,Cijela Juga jedna avlija,tranzicija,pop,0,0.288
e0972cdfba55,Dino Merlin,Ćuskije,tranzicija,pop,2,0.296
a0b2a246b482,Dino Merlin,Da je tuga snijeg,tranzicija,pop,0,0.278
cc12ad372917,Dino Merlin,Da se kući vratim,tranzicija,pop,8,0.434
8091750c5107,Dino Merlin,Da šutiš,tranzicija,pop,7,0.433
fa1a47abfbb2,Dino Merlin,Da te nije alija,tranzicija,pop,2,0.454
8d223603c373,Dino Merlin,Da ti kažem šta mi je,tranzicija,pop,3,0.314
7403b881cb07,Dino Merlin,Dabogda,tranzicija,pop,0,0.31
1c031c7c4876,Dino Merlin,"Daj, nazovi me",tranzicija,pop,7,0.432
f2e12cf8d6fe,Dino Merlin,Danas sam O.K.,tranzicija,pop,0,0.511
3484176634e8,Dino Merlin,De facto Fato,tranzicija,pop,7,0.271
ecab8e905315,Dino Merlin,Deset mlađa,tranzicija,pop,7,0.466
5084181b4251,Dino Merlin,"Dobro veče, tugo",tranzicija,pop,8,0.275
31b81e4a7e85,Dino Merlin,Dođi il’ me se prođi,tranzicija,pop,0,0.653
3d16d6d52176,Dino Merlin,Duhovi konjaka,tranzicija,pop,0,0.593
1fb66105a6cb,Dino Merlin,"E, otkad mi se nisi javila",tranzicija,pop,0,0.366
80f3294c51f0,Dino Merlin,Esma,tranzicija,pop,0,0.642
48a74a8f312e,Dino Merlin,Fotografija,tranzicija,pop,0,0.656
b524a787609a,Dino Merlin,Godinama (with Ivana Banfić),tranzicija,pop,4,0.273
3ee2ef07d0b0,Dino Merlin,Halima,tranzicija,pop,0,0.325
5edeec0e8664,Dino Merlin,Harmonika,tranzicija,pop,0,0.41
93286d4cc4fb,Dino Merlin,Hitna,tranzicija,pop,0,0.274
bf61d8e5e6a6,Dino Merlin,I dok predajem se tebi (duet Henda),tranzicija,pop,0,0.425
167b2031ea48,Dino Merlin,I ovo prođe,tranzicija,pop,8,0.459
0e6cccad4d13,Dino Merlin,Individualizam,tranzicija,pop,1,0.607
8442821bf137,Dino Merlin,Ja potpuno trijezan umirem,tranzicija,pop,7,0.308
30b999080813,Dino Merlin,Ja sam na te navik’o,tranzicija,pop,0,0.564
93b17ba1d529,Dino Merlin,Je l’ Sarajevo gdje je nekad bilo,tranzicija,pop,0,0.328
2e385262adc2,Dino Merlin,Jedna si jedina,tranzicija,pop,0,0.565
db0f16b55607,Dino Merlin,Jutro u Splitu,tranzicija,pop,0,0.357
d0335d69e72e,Dino Merlin,Kad čovjek voli ženu,tranzicija,pop,1,0.298
7b80f562b234,Dino Merlin,Kad si rekla da me voliš,tranzicija,pop,3,0.339
a08b441bab1f,Dino Merlin,Kad sve ovo bude juče,tranzicija,pop,0,0.381
673ce9f261fb,Dino Merlin,Kad ti dođem nesrećo,tranzicija,pop,8,0.395
4e3c3ba6059d,Dino Merlin,Kad zamirišu jorgovani,tranzicija,pop,0,0.467
2a1538934b5f,Dino Merlin,Kokuzna vremena,tranzicija,pop,0,0.506
0c91fc7f3680,Dino Merlin,Korak do slobode,tranzicija,pop,5,0.443
e7810edcbc9e,Dino Merlin,Kremen,tranzicija,pop,0,0.391
e9f6b650a611,Dino Merlin,Lažu me,tranzicija,pop,8,0.32
1c0295f5cecf,Dino Merlin,Lejlo,tranzicija,pop,8,0.388
795793fda3b9,Dino Merlin,Ljubav nema granica,tranzicija,pop,3,0.28
c4e5cfff10fe,Dino Merlin,Ljubav nije paradajz,tranzicija,pop,0,0.306
64fbc5bec5a3,Dino Merlin,Lola,tranzicija,pop,5,0.28
6c901fd0279b,Dino Merlin,Majka ruži kćer,tranzicija,pop,5,0.38
e7cc7d5324a4,Dino Merlin,"Mama, neću da sam živ",tranzicija,pop,0,0.46
5909c21f1394,Dino Merlin,Med (duet Emina Jahović),tranzicija,pop,8,0.216
6dc1843253dc,Dino Merlin,Merjema,tranzicija,pop,8,0.313
449ea8b1dab4,Dino Merlin,Mišići,tranzicija,pop,5,0.352
ffb13fd16a28,Dino Merlin,Mjesečina,tranzicija,pop,0,0.462
21eb0440f443,Dino Merlin,Moj je život Švicarska,tranzicija,pop,0,0.475
f979d88ec916,Dino Merlin,Moja bogda sna,tranzicija,pop,1,0.245
c7370c85c348,Dino Merlin,Moja pjesma,tranzicija,pop,0,0.575
28d7d6264406,Dino Merlin,Mostarska,tranzicija,pop,1,0.367
3e8c0d8e35db,Dino Merlin,Može li se u ratu,tranzicija,pop,8,0.378
b3dbcef9251f,Dino Merlin,Na te mislim dušo,tranzicija,pop,8,0.608
c0d28fdd3c3a,Dino Merlin,Na vi,tranzicija,pop,0,0.412
32bbf5c665dc,Dino Merlin,Ne budi me seno,tranzicija,pop,0,0.433
381dfb410d5d,Dino Merlin,Ne daj me nikome,tranzicija,pop,7,0.44
b0b1315a323a,Dino Merlin,Ne plači mati,tranzicija,pop,0,0.375
e58baa850184,Dino Merlin,Ne zovi me na grijeh,tranzicija,pop,2,0.401
9aa01251011c,Dino Merlin,Nedostaješ,tranzicija,pop,7,0.493
f4555bc88917,Dino Merlin,Nek’ padaju ćuskije,tranzicija,pop,2,0.296
e9f445f3753a,Dino Merlin,Nemam ja osamnaest godina,tranzicija,pop,3,0.235
0efb2517e12f,Dino Merlin,Nešto lijepo treba da se desi,tranzicija,pop,0,0.433
a114fe92b117,Dino Merlin,Niko kao ja (tvoj veseli bosanac),tranzicija,pop,0,0.516
c7f287cd04c3,Dino Merlin,Ostat će istine dvije (kao nikada prije),tranzicija,pop,0,0.414
97256b72e929,Dino Merlin,Otkrit ću ti tajnu,tranzicija,pop,0,0.345
a588423c8658,Dino Merlin,Pala magla,tranzicija,pop,2,0.299
fd4bb20caf3e,Dino Merlin,Palidrvce,tranzicija,pop,8,0.622
1b59520cbc38,Dino Merlin,Paša moj solidni,tranzicija,pop,0,0.378
dff3a1f8552e,Dino Merlin,Pogledaj sa prozora,tranzicija,pop,3,0.205
9237f29f2462,Dino Merlin,Poljubih te sinoć,tranzicija,pop,0,0.412
8338b096e26a,Dino Merlin,Pričalica,tranzicija,pop,9,0.318
19de0faf9c78,Dino Merlin,Prokletog me Bog stvorio,tranzicija,pop,0,0.375
2fb6c7abb982,Dino Merlin,Ptica bijela,tranzicija,pop,5,0.404
950ac6418bbe,Dino Merlin,Pustite me (with Osman Hadžić),tranzicija,pop,0,0.4
ccda94e5585f,Dino Merlin,Putnici,tranzicija,pop,3,0.389
9f736112a66f,Dino Merlin,Ružan san,tranzicija,pop,0,0.384
fe2931f64510,Dino Merlin,Sa mojih usana,tranzicija,pop,3,0.314
2772ab70ca02,Dino Merlin,Sam,tranzicija,pop,7,0.459
f5c07c695fe1,Dino Merlin,Samo sam ti ja isti ost’o,tranzicija,pop,0,0.604
b48c6334e184,Dino Merlin,Sarajevo,tranzicija,pop,0,0.238
abb08b1a396f,Dino Merlin,Sibirska,tranzicija,pop,5,0.436
ad20090bf774,Dino Merlin,Smijehom strah pokrijem,tranzicija,pop,5,0.295
6f02841149bc,Dino Merlin,Sredinom,tranzicija,pop,9,0.36
fbfaf925ab7e,Dino Merlin,Sretna Nova,tranzicija,pop,1,0.494
9a1824f48740,Dino Merlin,Šta će mi sad ljubav,tranzicija,pop,3,0.687
ca7ce722be51,Dino Merlin,Šta ti značim ja,tranzicija,pop,3,0.577
fe41536049a1,Dino Merlin,Subota,tranzicija,pop,3,0.316
ef6d8fad8101,Dino Merlin,Supermen (with Željko Joksimović),tranzicija,pop,7,0.24
3a9b7647a64e,Dino Merlin,Sva bol svijeta,tranzicija,pop,0,0.385
94a48ba667c0,Dino Merlin,Sve je laž (with Almir Hukelić),tranzicija,pop,8,0.432
01b8b2e80fa0,Dino Merlin,Svila,tranzicija,pop,0,0.416
e266e4491171,Dino Merlin,Svjetla Zagreba,tranzicija,pop,0,0.596
693f732ba479,Dino Merlin,Svuda behar probeharao,tranzicija,pop,8,0.451
8f131e9613e8,Dino Merlin,Tebi je lako,tranzicija,pop,1,0.304
b23b8031bc63,Dino Merlin,Teško meni sa tobom (a jos teže bez tebe),tranzicija,pop,0,0.459
22be9944eefa,Dino Merlin,Ti i ja (sarajevski veliki park),tranzicija,pop,0,0.551
dbc1e8d77305,Dino Merlin,Ti si mene (with Nina Badrić),tranzicija,pop,4,0.278
b16c1ea658ec,Dino Merlin,U kandžama jastreba,tranzicija,pop,0,0.332
0c296bda9324,Dino Merlin,Učini mi pravu stvar,tranzicija,pop,0,0.239
f8223b9795fe,Dino Merlin,Umri prije smrti,tranzicija,pop,0,0.35
cefa8f7e9160,Dino Merlin,Uspavanka za Gorana B.,tranzicija,pop,0,0.474
ec89d8686f7e,Dino Merlin,Verletzt (with Edo Zanki),tranzicija,pop,2,0.518
8dfdff82d6b4,Dino Merlin,Vojnik sreće,tranzicija,pop,8,0.278
72d3ed0ea1b5,Dino Merlin,Zaboravi,tranzicija,pop,0,0.625
069c982ec5fd,Dino Merlin,Zar je to sve što imam od tebe (zar je to sve što je ostalo),tranzicija,pop,8,0.328
7957a76572c4,Dino Merlin,Zaspao je mjesec,tranzicija,pop,0,0.45
937d2f2050df,Dino Merlin,Želja,tranzicija,pop,0,0.61
31695bf8eb5a,Dino Merlin,Zid,tranzicija,pop,1,0.331
884b9f252d31,Dino Merlin,Znam za jedan grad zove se Beograd,tranzicija,pop,0,0.542
62183f51d04d,Van Gogh,Aerodrom,tranzicija,pop,0,0.438
5975639619d2,Van Gogh,Aleluja,tranzicija,pop,8,0.313
d2a6cc9729f6,Van Gogh,Apsolutno ne,tranzicija,pop,0,0.372
577bee6a8ea6,Van Gogh,Basna,tranzicija,pop,1,0.293
7c478e5ce50c,Van Gogh,Bez oblika,tranzicija,pop,7,0.239
eef5859d87e5,Van Gogh,Brod od papira,tranzicija,pop,8,0.367
1f0e0a6ff3c3,Van Gogh,Bulldog,tranzicija,pop,7,0.233
ec139f8a5e3c,Van Gogh,Da li zna?,tranzicija,pop,3,0.267
69edb18debc2,Van Gogh,Deja vu,tranzicija,pop,7,0.451
d85ec5fc9218,Van Gogh,Delfin,tranzicija,pop,0,0.275
2a8e844b36ca,Van Gogh,Demagogija,tranzicija,pop,0,0.44
45fa5823e425,Van Gogh,Deo oko tebe,tranzicija,pop,3,0.453
20f4da063023,Van Gogh,Dibuk,tranzicija,pop,0,0.44
f256ce053f6f,Van Gogh,Dišem,tranzicija,pop,8,0.238
565e597211d6,Van Gogh,Do kraja sveta,tranzicija,pop,0,0.516
6cfc7204dcad,Van Gogh,Emigrant,tranzicija,pop,8,0.325
5d8cbc5a90a8,Van Gogh,Linija,tranzicija,pop,0,0.421
213b39166877,Van Gogh,Opasan ples,tranzicija,pop,0,0.333
935e8f3732fd,Van Gogh,Otisak dlana,tranzicija,pop,5,0.513
d3e3ebcc11b8,Van Gogh,Pleme,tranzicija,pop,0,0.336
e1b0fa6c1427,Van Gogh,Puls,tranzicija,pop,0,0.4
e7166adef31f,Van Gogh,Teška ljubav,tranzicija,pop,8,0.402
80478a5c13d0,Van Gogh,Za godine tvoje,tranzicija,pop,0,0.495
59e1aa66ce65,Van Gogh,Zamisli,tranzicija,pop,0,0.28
55daf4db92b2,Van Gogh,Zauvek,tranzicija,pop,5,0.374
3daa26c71502,Ivana Banfić,Bila bi ti sve,tranzicija,pop,8,0.348
7ec8ff7fb38a,Ivana Banfić,Biti svoj,tranzicija,pop,0,0.409
c8f8db6d001b,Ivana Banfić,Cigareta,tranzicija,pop,0,0.476
6de755fa50e0,Ivana Banfić,Eldorado,tranzicija,pop,0,0.263
219813c1f39f,Ivana Banfić,Godinama (with Dino Merlin),tranzicija,pop,4,0.273
2cc4dd3732fe,Ivana Banfić,Hrvatice vas vole (with Claudia Beni),tranzicija,pop,0,0.505
c2a939819b01,Ivana Banfić,I bio je red,tranzicija,pop,5,0.253
8f4c1e021f0c,Ivana Banfić,I opet sama,tranzicija,pop,7,0.61
40e82e4f0268,Ivana Banfić,Imam te,tranzicija,pop,8,0.344
95358c3076d2,Ivana Banfić,Ja nikad neću znat,tranzicija,pop,8,0.513
3e4e9486f3cd,Ivana Banfić,Kad bi bila,tranzicija,pop,0,0.426
0f0230ed6678,Ivana Banfić,Kad se sklope kazaljke,tranzicija,pop,0,0.499
d63e5aa70488,Ivana Banfić,"Kad ti kažem, mali",tranzicija,pop,0,0.383
ef10cf0bf706,Ivana Banfić,Kao cvijet iz kamena (with Klapa Nostalgija),tranzicija,pop,0,0.278
a0d311ae755a,Ivana Banfić,Koljena,tranzicija,pop,0,0.584
e10fa47d2f8b,Ivana Banfić,Lav u srcu,tranzicija,pop,0,0.47
a654e827fc33,Ivana Banfić,Ljubav to si ti (with Ivo Gamulin – Gianni),tranzicija,pop,0,0.341
2ec3216c87bc,Ivana Banfić,Mogla sam te sto put’ izdati,tranzicija,pop,8,0.423
e2468bc5d4a1,Ivana Banfić,Mogu li te voljeti zauvijek,tranzicija,pop,0,0.472
376a035928f7,Ivana Banfić,Navigator,tranzicija,pop,1,0.316
03082b4223d5,Ivana Banfić,Navodno (featuring Hari Mata Hari),tranzicija,pop,6,0.479
5c37e053f2b9,Ivana Banfić,Ne mazi me k’o on,tranzicija,pop,8,0.524
67f4a2b2bc95,Ivana Banfić,Neću,tranzicija,pop,7,0.261
2e0a1bb0ee05,Ivana Banfić,Neću znati,tranzicija,pop,0,0.385
5061e488e14e,Ivana Banfić,Nedodirljiva,tranzicija,pop,0,0.319
425235a3042d,Ivana Banfić,Nema veze zlato,tranzicija,pop,3,0.436
322906e49a02,Ivana Banfić,Ni za živu glavu ne bi,tranzicija,pop,7,0.354
fd28eaf39de0,Ivana Banfić,Ničija žena,tranzicija,pop,0,0.47
b7f42e2d8c6a,Ivana Banfić,Nit,tranzicija,pop,0,0.261
d6303574cf80,Ivana Banfić,Oslobodi me,tranzicija,pop,8,0.3
0ef6cf2c3083,Ivana Banfić,Otisak prsta,tranzicija,pop,0,0.328
99e5820381db,Ivana Banfić,"Pjevam danju, pjevam noću",tranzicija,pop,0,0.598
4dbf8da2ca18,Ivana Banfić,Predaleko,tranzicija,pop,0,0.404
7ee0b20a3eef,Ivana Banfić,Sad,tranzicija,pop,0,0.443
520bd6b9e514,Ivana Banfić,Sad je kasno,tranzicija,pop,3,0.529
5fa1c8ff68da,Ivana Banfić,Sretan ti i stoti rođendan,tranzicija,pop,8,0.226
b41da690a5ef,Ivana Banfić,Šumica,tranzicija,pop,0,0.438
14611a3093c3,Ivana Banfić,To je vrijedilo čekati (with Tony Cetinski),tranzicija,pop,4,0.269
4e2ccc6b1b70,Ivana Banfić,Traži me po zvijezdama,tranzicija,pop,0,0.637
ad9afcfd1fac,Ivana Banfić,Trn u oku,tranzicija,pop,3,0.419
b7dd497b6ae3,Ivana Banfić,Vjerujem,tranzicija,pop,7,0.265
5a07ef5c7b4e,Ivana Banfić,Žena 90-ih,tranzicija,pop,0,0.496
245b6b047a91,Ivana Banfić,Žena zna,tranzicija,pop,1,0.403
b1cf70089a86,Colonia,1001 noć,tranzicija,pop,0,0.369
a96a789c67a5,Colonia,Ale ale,tranzicija,pop,0,0.537
4da048d61b75,Colonia,Avantura zove me,tranzicija,pop,0,0.297
2e79853e8768,Colonia,Bolja vremena,tranzicija,pop,3,0.276
15fed28918b6,Colonia,Božićna noć,tranzicija,pop,0,0.407
28e5ef10d9e5,Colonia,Budi mi zbogom,tranzicija,pop,9,0.246
6267425926e6,Colonia,Bye bye,tranzicija,pop,3,0.626
8ea929cb8841,Colonia,C’est la vie,tranzicija,pop,5,0.216
1f8a65c66805,Colonia,Čovjek s dva lica,tranzicija,pop,0,0.421
99ac036a0288,Colonia,Deja vu,tranzicija,pop,0,0.426
a7a550bd7179,Colonia,Dio nje,tranzicija,pop,7,0.301
c53352293ce6,Colonia,Dok je tebe i ljubavi,tranzicija,pop,7,0.277
410088965b08,Colonia,Dok spava grad,tranzicija,pop,9,0.369
e1f11218a060,Colonia,Dolazi oluja,tranzicija,pop,0,0.232
50fcbe1eb3b4,Colonia,Dvoje,tranzicija,pop,0,0.394
a0f992db3347,Colonia,Fjaka,tranzicija,pop,7,0.409
51848cbadf36,Colonia,Iluzija (featuring Turki Taata),tranzicija,pop,9,0.425
e83bf2cd0195,Colonia,Izgubljen svijet,tranzicija,pop,0,0.28
a82a8be5b1bc,Colonia,Ja nisam tvoja mala,tranzicija,pop,7,0.537
970cae87a56d,Colonia,Jača nego ikada,tranzicija,pop,0,0.278
e11f3e41a6e5,Colonia,Još jednom za kraj,tranzicija,pop,0,0.394
0b39f981f63f,Colonia,Jutro moje nema boje,tranzicija,pop,6,0.34
8d8675beebf6,Colonia,Kao pahulja,tranzicija,pop,0,0.529
43a8cb4208ac,Colonia,"Kiša, vjetar, oluja",tranzicija,pop,0,0.561
1d236412ab9e,Colonia,Korak do sna,tranzicija,pop,5,0.258
7589a7b630e2,Colonia,Lady blue,tranzicija,pop,0,0.234
065c3c960975,Colonia,Ljeto 80 i neke,tranzicija,pop,8,0.268
bcef844c5eae,Colonia,Ljubav mi treba,tranzicija,pop,0,0.507
a6f5c8ae7e8d,Colonia,Ljubav ne stanuje tu,tranzicija,pop,8,0.422
4841f3f32590,Colonia,Ljubavnici (duet Sinovi ravnice),tranzicija,pop,3,0.415
089763da3900,Colonia,Luda za tobom,tranzicija,pop,5,0.311
0cabf55a827c,Colonia,Mačka,tranzicija,pop,7,0.357
a09be293bba7,Colonia,Mala garava,tranzicija,pop,8,0.44
a53d23cdd942,Colonia,Marioneta,tranzicija,pop,7,0.363
5f923ab56f20,Colonia,Meni treba ljubavi,tranzicija,pop,6,0.249
8ded459ba22d,Colonia,Milijun milja od nigdje,tranzicija,pop,0,0.408
30a210654290,Colonia,Mirno more,tranzicija,pop,0,0.54
1b2ee118e710,Colonia,Mjesečari,tranzicija,pop,5,0.455
c038cee54a83,Colonia,Na tvojoj strani postelje,tranzicija,pop,1,0.285
1fd1b9088895,Colonia,Najbolje od svega,tranzicija,pop,3,0.379
8eba086d6924,Colonia,Ne volim rujan i listopad,tranzicija,pop,0,0.417
5006b5db2335,Colonia,Nebo iznad nas,tranzicija,pop,0,0.404
60a42239786c,Colonia,Nek’ vatre gore sve,tranzicija,pop,9,0.379
c44cfc4ba91a,Colonia,Nevjera,tranzicija,pop,5,0.442
e9c4e7241733,Colonia,"Ni traga, ni glasa",tranzicija,pop,3,0.294
31b0cccac7da,Colonia,Nikad više (with Jaqcues Houdek),tranzicija,pop,8,0.329
1de0827a93b3,Colonia,Nisam više tvoja,tranzicija,pop,7,0.539
a921b2f47c13,Colonia,Nisi ti više crno vino,tranzicija,pop,0,0.403
a979d4bb3213,Colonia,Njeno ime ne zovi u snu,tranzicija,pop,0,0.33
40b185693cbc,Colonia,No puedo mas sin ti,tranzicija,pop,5,0.352
ec663f3f8754,Colonia,Novi ratovi,tranzicija,pop,0,0.509
efd4d9600ec0,Colonia,Oči boje meda,tranzicija,pop,8,0.671
349be1438c20,Colonia,Oči u oči,tranzicija,pop,0,0.273
fb22a3fe2260,Colonia,Od tvojih osmijeha,tranzicija,pop,0,0.3
3343547f0ce7,Colonia,Oduzimaš mi dah,tranzicija,pop,0,0.379
f2fd16ca6d18,Colonia,Padaju domine,tranzicija,pop,8,0.262
716c94b7701d,Colonia,Pali kreni gas i fiju briju,tranzicija,pop,7,0.433
36003f1d95ce,Colonia,Plamen od ljubavi,tranzicija,pop,0,0.45
3cd8a843a393,Colonia,Pod sretnom zvijezdom,tranzicija,pop,0,0.472
bd2b96e9807c,Colonia,Pogledom me skini,tranzicija,pop,7,0.356
ed156bac8086,Colonia,Primadona,tranzicija,pop,0,0.256
88d3767a8ce6,Colonia,Prvi i zadnji,tranzicija,pop,0,0.495
b6d89057de24,Colonia,Prvi poljubac,tranzicija,pop,5,0.229
3f97fa8f1941,Colonia,Red light zone,tranzicija,pop,4,0.85
fe9e7d291a73,Colonia,Rendevous,tranzicija,pop,3,0.349
fa9139ee3520,Colonia,Ruke u zrak,tranzicija,pop,0,0.348
4816a6d44ee9,Colonia,"Sad te ima, sad te nema",tranzicija,pop,2,0.253
12bf0bb90a6a,Colonia,Samo tvoja,tranzicija,pop,9,0.277
980a57852675,Colonia,Sexy Body,tranzicija,pop,0,0.379
69912d5d9e04,Colonia,Sjene,tranzicija,pop,0,0.463
15bf28a4d68e,Colonia,Slijepi putnik,tranzicija,pop,0,0.432
49b43f09c21f,Colonia,Što mi je ovo trebalo,tranzicija,pop,7,0.639
5e47e6e8a627,Colonia,Suvenir,tranzicija,pop,0,0.316
808628fd4e11,Colonia,Suze sa zvijezde,tranzicija,pop,0,0.487
219cffac7356,Colonia,Svašta mi pada na pamet,tranzicija,pop,6,0.246
2e4cec5e291b,Colonia,Sve oko mene je grijeh,tranzicija,pop,0,0.386
dd11c5c7c552,Colonia,Svijet voli pobjednike,tranzicija,pop,0,0.509
536c54af1ca5,Colonia,Svjetla grada,tranzicija,pop,5,0.314
3ae1f5c4fb8d,Colonia,Tako kratko te znam,tranzicija,pop,1,0.468
a58c24d42fce,Colonia,Tako sexy,tranzicija,pop,0,0.736
9d71f4fd483b,Colonia,Tako ti je mali moj,tranzicija,pop,6,0.263
4a5950915d10,Colonia,Takvi kao ti,tranzicija,pop,7,0.365
fa173417589b,Colonia,Ti da bu di bu da,tranzicija,pop,0,0.522
9de0c40b7c2b,Colonia,Ti si moja najveća greška,tranzicija,pop,3,0.284
2b7526f9141f,Colonia,U ritmu ljubavi,tranzicija,pop,0,0.544
98cd50901d28,Colonia,U treptaj oka,tranzicija,pop,0,0.424
c1e83d205d1e,Colonia,Varalico,tranzicija,pop,0,0.277
c72e50e35ab5,Colonia,Vatra i led,tranzicija,pop,0,0.296
599d6ec3902c,Colonia,Za tvoje snene oči,tranzicija,pop,0,0.41
3f8080127ff4,Colonia,Zadnji let za Pariz,tranzicija,pop,0,0.434
44967a93c4d4,Colonia,Zavoli me u prolazu,tranzicija,pop,0,0.586
3cbcd97cb3e4,Colonia,Zima je,tranzicija,pop,0,0.465
eef274b5b9a1,Colonia,Zrno istine,tranzicija,pop,0,0.33
8afec1a77600,Rasta,"5 minuta (feat. DaVid, Tatula, KC Blaze & DJ Sinke)",savremeno,hip_hop_rep,9,0.334
6e1bcc04dd62,Rasta,Alkohol (feat. KC Blaze),savremeno,hip_hop_rep,6,0.459
4235a67c441b,Rasta,Balkan (feat. Dado Polumenta & Žuti),savremeno,hip_hop_rep,7,0.237
d237845a2360,Rasta,Bezobrazna,savremeno,hip_hop_rep,7,0.658
ae58cbe73156,Rasta,Bili smo klinci (ft. Vice),savremeno,hip_hop_rep,3,0.311
0907dd01039b,Rasta,Drugo ime kajanje,savremeno,hip_hop_rep,6,0.291
2ff4fc11be6f,Rasta,Duga devetka,savremeno,hip_hop_rep,7,0.26
9de330946b95,Rasta,Gorim,savremeno,hip_hop_rep,9,0.309
236f854c03c6,Rasta,Kao da sanjam,savremeno,hip_hop_rep,9,0.38
a620df8818a0,Rasta,Kasno je,savremeno,hip_hop_rep,3,0.365
51b51fe1ebfc,Rasta,Kavali,savremeno,hip_hop_rep,9,0.35
bf0ec2c6dce8,Rasta,Kavasaki,savremeno,hip_hop_rep,6,0.238
0da69d75cddf,Rasta,Lako zapaljiva (feat. LMR),savremeno,hip_hop_rep,7,0.25
d1c0eb417098,Rasta,Legalizuj,savremeno,hip_hop_rep,7,0.265
e5b5b04e35a0,Rasta,Sex manijak (ft. Jura & Zli Toni),savremeno,hip_hop_rep,7,0.237
dbe957899dc5,Gru,5ak,savremeno,hip_hop_rep,0,0.32
3c7b1f520062,Gru,Adrenalin džanki,savremeno,hip_hop_rep,7,0.331
371136879040,Gru,Baš kao ti,savremeno,hip_hop_rep,7,0.415
41daf1327895,Gru,Biću tu,savremeno,hip_hop_rep,7,0.455
ee0c994f0ae9,Gru,Dosta mi je svega,savremeno,hip_hop_rep,7,0.347
27ce71c350c8,Gru,I dalje me žele (ft. Ajs Nigrutin),savremeno,hip_hop_rep,7,0.374
8fd7f6fe1be6,Gru,Kiša (feat. Tijana Dapčević),savremeno,hip_hop_rep,7,0.24
0a0ddb746168,Gru,Komercijala,savremeno,hip_hop_rep,7,0.352
4382aa406ac2,Gru,Leto,savremeno,hip_hop_rep,0,0.345
f2f1733db4c6,Gru,Ljuba nudi ljubav,savremeno,hip_hop_rep,9,0.181
53d72ee1806b,Gru,Pizza vegetariana,savremeno,hip_hop_rep,7,0.319
75bba0d4bc58,Gru,Pravi broj (feat. Irina 2Hot),savremeno,hip_hop_rep,7,0.257
59490a10ff96,Gru,Pravo u raj,savremeno,hip_hop_rep,7,0.252
adeacc5f482b,Gru,Samo seks Srbina spasava,savremeno,hip_hop_rep,7,0.425
795deffd6473,Gru,Srce,savremeno,hip_hop_rep,7,0.328
ccc1e2df71f2,Gru,"Stara škola, nova škola",savremeno,hip_hop_rep,7,0.397
a6cbfc8e46a6,Gru,Tamo gde si ti,savremeno,hip_hop_rep,7,0.242
69c019b9d3a0,Gru,Ti to zoveš ljubav (ft. MVP),savremeno,hip_hop_rep,6,0.174
1e9ec0a1315d,Gru,Vegeta,savremeno,hip_hop_rep,7,0.334
038cff7da565,Gru,Vetrenjače,savremeno,hip_hop_rep,7,0.289
e42b7193a784,Gru,Zašto sam tu,savremeno,hip_hop_rep,7,0.392
3a47a1cc1a5a,Škabo,Muzika za demonstracije,savremeno,hip_hop_rep,0,0.26
b8badfe22130,Relja Popović,Beograd jos živi,savremeno,trep,3,0.374
235e4cd3b53f,Relja Popović,Samo jako (feat Coby & Stoja),savremeno,trep,1,0.262
384fe35189a7,Senidah,#77,savremeno,trep,7,0.492
be5bb030823c,Senidah,"Alo, alo",savremeno,trep,6,0.358
642c24637f95,Senidah,Behute,savremeno,trep,4,0.266
4014b3c45007,Senidah,Delija,savremeno,trep,0,0.355
98fc8acba5ab,Senidah,Greh (feat. Cazzafura),savremeno,trep,9,0.294
1b8b3260ec07,Senidah,Idi gade,savremeno,trep,2,0.753
1c388b4f7c35,Severina,Adam i Seva,savremeno,pop,2,0.405
8624ad3daf45,Severina,"Adio, ljube",savremeno,pop,0,0.529
f841e620f273,Severina,"Aj, aj, aj, aj",savremeno,pop,7,0.36
114c173d3a8f,Severina,"Ajde, ajde zlato moje",savremeno,pop,7,0.355
eadd4edc62b5,Severina,"Ako odeš, ljubavi",savremeno,pop,0,0.395
e3f7908391fc,Severina,Alcatraz,savremeno,pop,0,0.27
7f3160809130,Severina,Ante,savremeno,pop,1,0.286
c4596fffeb23,Severina,"Baby, baby",savremeno,pop,0,0.459
426d223f8b63,Severina,Bambola,savremeno,pop,0,0.323
1f13b4cd3f54,Severina,Bojate bane buski,savremeno,pop,0,0.506
25f48d0c05c6,Severina,Bolna ti bolujem,savremeno,pop,3,0.347
e80c11b4d9a2,Severina,Bože moj,savremeno,pop,0,0.63
b7f9df97b468,Severina,Brad Pitt,savremeno,pop,7,0.303
d7a12fe1c49b,Severina,Brazil,savremeno,pop,0,0.364
eccfee03e0fa,Severina,Broš,savremeno,pop,0,0.253
04641b2100e1,Severina,Budi happy,savremeno,pop,0,0.354
479dbe260f4d,Severina,Budim se s imenom tvojim,savremeno,pop,0,0.771
0ebe31a678fb,Severina,Čovjek kojeg volim,savremeno,pop,6,0.247
c89be145e641,Severina,Cvate šafran bijeli,savremeno,pop,0,0.511
d92cea9ad499,Severina,Da nisi možda gej?,savremeno,pop,0,0.31
c6f2af31d27a,Severina,Da si moj,savremeno,pop,0,0.359
53ebefc7e7ba,Severina,Daj da biram,savremeno,pop,4,0.605
08bc4c3b99df,Severina,Daj mi daj,savremeno,pop,8,0.398
bac292793251,Severina,Dala bih sve,savremeno,pop,1,0.427
c7b970e7a7e2,Severina,Dalmatinka,savremeno,pop,0,0.429
8e3a8007bd9f,Severina,"Danju, noću",savremeno,pop,7,0.46
3b3f593c53ee,Severina,Djevojka sa sela,savremeno,pop,0,0.462
818881c4731f,Severina,Dodirni mi koljena,savremeno,pop,0,0.28
c50e803d4371,Severina,Esmeralda,savremeno,pop,1,0.468
4b9c243e913a,Severina,Gade,savremeno,pop,2,0.281
3026e290e191,Severina,Gardelin,savremeno,pop,0,0.679
1ac8e55261f8,Severina,"Gas, gas",savremeno,pop,2,0.39
4d0b4ed42771,Severina,Generale,savremeno,pop,8,0.285
429fb13ac613,Severina,Grad bez ljudi,savremeno,pop,5,0.336
ecb4d20cdf8a,Severina,Haljinica boje lila,savremeno,pop,4,0.451
18b72a436049,Severina,Hrvatica,savremeno,pop,6,0.268
b02531e0f1c1,Severina,Hurem,savremeno,pop,0,0.376
2c15f87f7b90,Severina,Idemo se ljubiti,savremeno,pop,6,0.274
65697746ba56,Severina,Idi,savremeno,pop,0,0.506
11f6c76e9f41,Severina,Imam novog dečka,savremeno,pop,6,0.352
e397535e77c5,Severina,Ispovid,savremeno,pop,8,0.441
d4dab5b3ce15,Severina,Italiana (feat. FM Band),savremeno,pop,0,0.349
c2703f909759,Severina,Iz glave,savremeno,pop,0,0.274
bcd6075c871b,Severina,Iznad Tešnja zora sviće,savremeno,pop,0,0.761
737db4dab9dd,Severina,Ja samo pjevam,savremeno,pop,9,0.369
00b5d21e757e,Severina,Kad si sam (with Gibonni),savremeno,pop,6,0.255
e3de86e00ebb,Severina,Kaži da l’ je ljubav,savremeno,pop,0,0.287
f99c9ed99e87,Severina,Ko je kriv (with Boris Novković),savremeno,pop,0,0.294
66fe2f2a1c79,Severina,Kreni (with Amir Kazić Leo),savremeno,pop,0,0.51
8ddf4e3af232,Severina,Krivi spoj,savremeno,pop,8,0.272
a82cbbf5d2d5,Severina,Ljubi me noćas,savremeno,pop,6,0.353
473e264c1671,Severina,Ljubimo se,savremeno,pop,0,0.645
ba59f7e56be4,Severina,Ljute cigare,savremeno,pop,0,0.75
1f90e7ebe4d3,Severina,Lude godine,savremeno,pop,8,0.291
1202ade7f2f2,Severina,Ludo moja,savremeno,pop,0,0.49
c6b07b3b6dc6,Severina,Ma daj,savremeno,pop,6,0.387
f73cef102569,Severina,Mala je dala,savremeno,pop,0,0.294
ad142bd136dc,Severina,Marjane moj,savremeno,pop,0,0.641
578bb094b2d8,Severina,Meni fali on,savremeno,pop,7,0.296
6af78ef7c0ef,Severina,Mili moj,savremeno,pop,8,0.29
4f888bc9024a,Severina,Milost,savremeno,pop,5,0.363
c4a0e683e84b,Severina,Moj sokole,savremeno,pop,1,0.472
2cb5eced79e6,Severina,Moja štikla,savremeno,pop,8,0.334
fa0a64acddca,Severina,Moja stvar,savremeno,pop,7,0.369
0ee011735646,Severina,Moji jadi,savremeno,pop,0,0.432
ad73a119b0b8,Severina,More na leđa,savremeno,pop,0,0.287
3101fd8e68e6,Severina,More tuge (duet Saša Matić),savremeno,pop,0,0.344
01851534fc1d,Severina,Mornarica mlada,savremeno,pop,0,0.587
473d769c37af,Severina,Mr Taliman,savremeno,pop,0,0.348
4dbcbf9c49a2,Severina,Muškarcu samo treba kurva,savremeno,pop,6,0.377
94ddad7f9d6c,Severina,Na punti Marjana,savremeno,pop,0,0.374
e969098d88ad,Severina,Ne bi ti oprostila,savremeno,pop,3,0.339
dcdedd9bf786,Severina,Ne spavaj mala moja,savremeno,pop,7,0.279
9d740a30a331,Severina,Nedostaješ mi,savremeno,pop,1,0.337
d5365183aafd,Severina,Nit s tobom nit’ bez tebe,savremeno,pop,8,0.432
3ac27ea17085,Severina,"Noću, danju",savremeno,pop,7,0.53
d6faca6dfd21,Severina,Od rođendana do rođendana,savremeno,pop,0,0.315
d42b78bbb6e7,Severina,Odavde do vječnosti,savremeno,pop,8,0.38
cd5e220d93a3,Severina,Odlazim,savremeno,pop,3,0.245
46c2682a0bd2,Severina,Otrove (feat. Jala Brat),savremeno,pop,0,0.362
6224c2abad1e,Severina,Paloma nera,savremeno,pop,0,0.413
bbf358c290b7,Severina,Parfem,savremeno,pop,0,0.333
05015a91e339,Severina,Pogled ispod obrva,savremeno,pop,0,0.273
41c7ccf7fc0a,Severina,Pomalo,savremeno,pop,0,0.333
b9866e5fcf7f,Severina,Poželi me,savremeno,pop,0,0.377
bfc20a84c507,Severina,Prijateljice,savremeno,pop,0,0.475
f14c06a67558,Severina,Prijevara,savremeno,pop,0,0.362
4ed32271ac49,Severina,Priznajem,savremeno,pop,0,0.254
e2d3b083142e,Severina,Pruži mi ruke,savremeno,pop,0,0.68
07076fe4fd1d,Severina,Pucajte u tamburaše,savremeno,pop,1,0.315
98b300238430,Severina,Rastajem se od života (with Željko Bebek),savremeno,pop,8,0.375
61301042be2d,Severina,Rođena da budem prva (with Lana),savremeno,pop,0,0.271
b53a183c7d06,Severina,Sama na sceni,savremeno,pop,3,0.551
b004b98b6acf,Severina,Savršena žena,savremeno,pop,0,0.305
56daea9ad433,Severina,"Sija sunce, trava miriše",savremeno,pop,0,0.657
3b830803bced,Severina,Sklopi oči muzika dok svira,savremeno,pop,0,0.508
a75b6db80771,Severina,Slike sve mu ljubim,savremeno,pop,0,0.647
b494ddcf327e,Severina,Slobodna,savremeno,pop,3,0.261
d82ced09952b,Severina,Spreman za to,savremeno,pop,0,0.364
4aaf11c8cddb,Severina,Srce dječije,savremeno,pop,5,0.388
8f47b5e74383,Severina,Srce je moje veliko k’o kuća,savremeno,pop,0,0.291
d7596936e4c4,Severina,Šta me sada pitaš šta mi je,savremeno,pop,1,0.288
ae9af4b83e0e,Severina,Šta to ona ima što ja nemam,savremeno,pop,7,0.375
a1c929a7022c,Severina,Sutra odlaziš,savremeno,pop,3,0.523
afbfb0888fa2,Severina,Sve do zore,savremeno,pop,0,0.82
7e5c282ad831,Severina,"Sve što imam, to si ti",savremeno,pop,1,0.278
f941c4e83de1,Severina,Svirajte mi rokeri,savremeno,pop,3,0.723
99823ed9988c,Severina,Tako je to,savremeno,pop,0,0.354
bc7d6fdbb56d,Severina,Tarapana,savremeno,pop,6,0.304
534cae3679a3,Severina,"Tata, tata, čuješ muziku",savremeno,pop,9,0.491
b17078fd7f4d,Severina,Ti bi u skuribandu,savremeno,pop,6,0.484
2b8c95bdd958,Severina,Ti si moj,savremeno,pop,8,0.499
38f3444dc20d,Severina,Ti si srce moje,savremeno,pop,0,0.58
4476c640ae8b,Severina,Ti si suza na mome jastuku,savremeno,pop,8,0.846
02c62cc7cacb,Severina,Trava zelena,savremeno,pop,8,0.629
f703047375ce,Severina,Tridesete,savremeno,pop,0,0.317
2865927d7cb7,Severina,Tuge od sna,savremeno,pop,8,0.52
dde8543d524a,Severina,Tužna pjesma,savremeno,pop,0,0.402
a815ed8ed5a1,Severina,Tvoja prva djevojka,savremeno,pop,0,0.442
cbdaa29f2d20,Severina,Uno momento (feat. Ministarke),savremeno,pop,6,0.334
d6aa1c162c2c,Severina,Uzbuna,savremeno,pop,0,0.427
2b5b9bad7b22,Severina,Vatra i led,savremeno,pop,7,0.544
d4067f50f397,Severina,Virujen u te,savremeno,pop,8,0.396
8707a06e13b2,Severina,Vodi me na ples,savremeno,pop,0,0.488
c33052463417,Severina,"Voli me, ne voli",savremeno,pop,0,0.338
32385a08fbb9,Severina,Vrati se pod hitno,savremeno,pop,6,0.317
0a5f359ac440,Severina,Zakuni se ljubavi,savremeno,pop,0,0.458
533d5d019bb6,Severina,Zamisli,savremeno,pop,0,0.374
553ef6cd21d4,Severina,Zaustavite tramvaj,savremeno,pop,0,0.486
8cc947bcc7f3,Severina,Zdravo Marijo,savremeno,pop,6,0.382
7094f0a0d28d,Severina,"Zime, ljeta, jeseni",savremeno,pop,0,0.414
d4992a23d135,Jelena Rozga,Aha,savremeno,pop,0,0.345
1c90b7d14ddc,Jelena Rozga,Bižuterija,savremeno,pop,9,0.358
2d5612b857fc,Jelena Rozga,Cirkus,savremeno,pop,0,0.212
016e0f6ed6a4,Jelena Rozga,Daj šta daš (with Slavonia band),savremeno,pop,0,0.323
f44376d8da4b,Jelena Rozga,Dalmatinka (featuring Connect),savremeno,pop,0,0.274
ea32e3e32754,Jelena Rozga,Djevica,savremeno,pop,0,0.414
47622b92cae4,Jelena Rozga,Dobitna kombinacija,savremeno,pop,0,0.526
a7a7f90bb838,Jelena Rozga,Gospe moja,savremeno,pop,0,0.506
b195d8df3f02,Jelena Rozga,Grizem,savremeno,pop,7,0.392
945e07d9f84a,Jelena Rozga,Ima nade (with Željko Samardžić),savremeno,pop,6,0.309
848e03201226,Jelena Rozga,Ja znam dobro što mi je,savremeno,pop,3,0.373
7c20a2c1940d,Jelena Rozga,Jubit ću te kako Bog zapovida (ft. Klapa Iskon),savremeno,pop,0,0.437
eb62c8abd78d,Jelena Rozga,Kad u vojsku pođeš,savremeno,pop,0,0.643
586203175143,Jelena Rozga,Karantena,savremeno,pop,8,0.261
fd055af2f0ff,Jelena Rozga,Kraljica,savremeno,pop,0,0.347
b7c49e64aa09,Jelena Rozga,Lijepa samo za tebe,savremeno,pop,9,0.371
f45067022f6e,Jelena Rozga,Moderna žena,savremeno,pop,7,0.287
3157f0664cc5,Jelena Rozga,Nasljednik,savremeno,pop,3,0.229
9bead5ccd55f,Jelena Rozga,"Ne pijem, ne pušim",savremeno,pop,8,0.36
cad3dbdee7e4,Jelena Rozga,Ne zovi me Marija,savremeno,pop,6,0.302
6e6d929819e9,Jelena Rozga,Nemam,savremeno,pop,8,0.763
87715771d08f,Jelena Rozga,Nevjeran do groba,savremeno,pop,8,0.474
dbb6d78b3238,Jelena Rozga,Nevjeran do groba (duet Miligram 2009),savremeno,pop,8,0.35
6b1fd0d6a4d7,Jelena Rozga,Nirvana,savremeno,pop,6,0.353
81cd49630803,Jelena Rozga,Obožavam,savremeno,pop,6,0.446
52940660828b,Jelena Rozga,Odo’ ja,savremeno,pop,4,0.27
221bc3391da2,Jelena Rozga,Okus mentola,savremeno,pop,9,0.327
51dab3ed2266,Jelena Rozga,Ona ili ja,savremeno,pop,9,0.32
316dfe19e533,Jelena Rozga,Oprosti mala,savremeno,pop,9,0.427
fc84ed78db1f,Jelena Rozga,Opusti se,savremeno,pop,0,0.403
ec594bdd9eff,Jelena Rozga,Ostavit ću svitlo (duet klapa Iskon),savremeno,pop,0,0.566
b7d4ce68cfc1,Jelena Rozga,Otrov,savremeno,pop,3,0.226
6902f8076d73,Jelena Rozga,Ožiljak,savremeno,pop,7,0.222
e26c45f03359,Jelena Rozga,Pismo-glava,savremeno,pop,7,0.395
27f80c774d4e,Jelena Rozga,Prsti zapleteni (duet Klapa Rišpet),savremeno,pop,0,0.444
0069f665d6b4,Jelena Rozga,Razmažena,savremeno,pop,0,0.488
7273d841f699,Jelena Rozga,Roba s greškom,savremeno,pop,2,0.396
4f67acb29aa6,Jelena Rozga,Rodit ću ti ‘ćer i sina,savremeno,pop,0,0.368
da600f32d745,Jelena Rozga,Rođena sam,savremeno,pop,1,0.307
f14043b1f5ff,Jelena Rozga,Roza boja,savremeno,pop,3,0.301
21da45b8d178,Jelena Rozga,Sad il’ nikad,savremeno,pop,9,0.335
80cf4a723e52,Jelena Rozga,Solo igračica,savremeno,pop,7,0.231
8de416580967,Jelena Rozga,Suze od kristala,savremeno,pop,7,0.37
2d696f5c71c3,Jelena Rozga,Sve mi tvoje oči govore,savremeno,pop,1,0.395
8b8dc7883f1e,Jelena Rozga,Sve se meni čini,savremeno,pop,3,0.457
d375fdcdaa98,Jelena Rozga,"Svega ima, al’ bi još",savremeno,pop,2,0.321
a7cb53bf3cfe,Jelena Rozga,Svjetla neona,savremeno,pop,6,0.469
a2ceedf43934,Jelena Rozga,Tsunami,savremeno,pop,7,0.512
829dcf649754,Jelena Rozga,Udajem se,savremeno,pop,6,0.346
b8e652ba8dd0,Jelena Rozga,Vršnjaci moji (zlatokosa),savremeno,pop,1,0.41
a531c1786dcb,Jelena Rozga,Zanemari,savremeno,pop,0,0.374
18de403309d1,Jelena Rozga,Žileti,savremeno,pop,0,0.434
1feaeb4920a1,Jelena Rozga,Život je čudo,savremeno,pop,7,0.361
bcd548288663,Nina Badrić,Ako odeš ti,savremeno,pop,5,0.235
e01d933c47f1,Nina Badrić,Ako pogledaš u mene,savremeno,pop,3,0.577
446243ca4707,Nina Badrić,Bolja od najbolje,savremeno,pop,7,0.272
3a95dfa1a4fe,Nina Badrić,Budi tu,savremeno,pop,3,0.467
4397c72e4d82,Nina Badrić,Čarobno jutro,savremeno,pop,0,0.673
19b2a3d92548,Nina Badrić,Da se opet tebi vratim,savremeno,pop,8,0.285
131effcd8ebc,Nina Badrić,Daleko od tebe,savremeno,pop,1,0.344
4e489a241e0c,Nina Badrić,Dat će nam Bog,savremeno,pop,6,0.309
d3672a01e76a,Nina Badrić,Ja sam vlak (with Emilija Kokić),savremeno,pop,0,0.374
48d223f025b2,Nina Badrić,Ja za ljubav neću moliti,savremeno,pop,3,0.523
7770c3932afb,Nina Badrić,Ne daj mi da odem,savremeno,pop,0,0.394
afa78325ce92,Nina Badrić,Nebo,savremeno,pop,7,0.387
016d74ae076e,Nina Badrić,Nek ti bude kao meni,savremeno,pop,0,0.438
21910a004a75,Nina Badrić,Ostani,savremeno,pop,3,0.465
275e9ebfeefe,Nina Badrić,Ostavljam ti sve,savremeno,pop,0,0.413
c3cc3c7cde99,Nina Badrić,Pomiluj jubav moju,savremeno,pop,0,0.28
bea3b7648c2b,Nina Badrić,Prospi riječi (duet Massimo),savremeno,pop,0,0.252
fd4b79142c4d,Nina Badrić,Pusti me da živim,savremeno,pop,3,0.369
93046babc9bd,Nina Badrić,Takvi kao ti,savremeno,pop,7,0.374
6276273ea3e4,Nina Badrić,Ti si mene (with Dino Merlin),savremeno,pop,4,0.278
673a8ea267bd,Nina Badrić,Trebam te,savremeno,pop,3,0.228
c906c59e57bd,Ana Nikolić,Ako ikad ostarim,savremeno,pop,8,0.522
0c6c1cb47325,Ana Nikolić,Atina,savremeno,pop,6,0.212
2dfb3eb26b5f,Ana Nikolić,Baksuze,savremeno,pop,8,0.286
08ec88e04b94,Ana Nikolić,Bili smo najlepši,savremeno,pop,0,0.357
e1c6f6f2bc03,Ana Nikolić,Cunami,savremeno,pop,0,0.448
598b814d4a2c,Ana Nikolić,Da te vratim,savremeno,pop,8,0.348
906f62edacc1,Ana Nikolić,Devojka od čokolade,savremeno,pop,6,0.332
f0423913d26d,Ana Nikolić,Dum jedan konjak,savremeno,pop,7,0.53
a9181d0cb7c5,Ana Nikolić,Džukelo,savremeno,pop,0,0.283
2c14435bfcb1,Ana Nikolić,Ekstaza,savremeno,pop,9,0.501
7d137f279847,Ana Nikolić,Hali gali,savremeno,pop,0,0.353
30b68b1e4c42,Ana Nikolić,Hoću da te gledam,savremeno,pop,9,0.339
6eeaa42337dc,Ana Nikolić,Ipak se okreće,savremeno,pop,0,0.532
18161135bc44,Ana Nikolić,Januar,savremeno,pop,1,0.269
38ff103e1438,Ana Nikolić,Klovn,savremeno,pop,0,0.389
1b065799cc9d,Ana Nikolić,Ko mi to poruke šalje,savremeno,pop,7,0.353
6d5bb910c284,Ana Nikolić,Labilna,savremeno,pop,6,0.45
36afd762c17d,Ana Nikolić,Ljubiti se znamo,savremeno,pop,6,0.306
ce4e76c26266,Ana Nikolić,Mafia caffe (featuring Ami G),savremeno,pop,7,0.443
88b0ae319487,Ana Nikolić,Milion dolara (feat. Nikolija),savremeno,pop,0,0.329
9e4fcf9012f6,Ana Nikolić,Mišo moj,savremeno,pop,3,0.265
d1ba4253da2f,Ana Nikolić,Moj klub,savremeno,pop,7,0.58
b543ceee85a8,Ana Nikolić,Muvanje,savremeno,pop,7,0.373
c403f3f8aeee,Ana Nikolić,Nisam za triput,savremeno,pop,0,0.626
843fc957aef0,Ana Nikolić,Od ljubavi do horora,savremeno,pop,2,0.284
dfe0a7d9bb8a,Ana Nikolić,Plakaćete za mnom oboje,savremeno,pop,3,0.371
ac2b88cd30db,Ana Nikolić,Ptica skitnica,savremeno,pop,8,0.314
d31505e0b649,Ana Nikolić,"Romale, Romali",savremeno,pop,2,0.288
89de5f8fff7e,Ana Nikolić,Šizofrenija,savremeno,pop,7,0.335
f80be01e0104,Ana Nikolić,Slučajnost (Rasta),savremeno,pop,7,0.594
4a8866b1d0b3,Ana Nikolić,"Solo ti, solo ja",savremeno,pop,8,0.397
ebc6e78a642c,Ana Nikolić,Srećan mi ne dolazi,savremeno,pop,0,0.315
27ca5a9d9c88,Ana Nikolić,Uvek ima jedan još,savremeno,pop,3,0.35
43699f255700,Ana Nikolić,Vatra (with Haris Džinović),savremeno,pop,0,0.404
db87d135d6ef,Ana Nikolić,Verna do kolena,savremeno,pop,2,0.434
8be9e27f629d,Ana Nikolić,Zadnji voz,savremeno,pop,0,0.441
4093362a6b12,Ana Nikolić,Želim da mogu,savremeno,pop,0,0.258
11ed071d4c76,Aleksandra Prijović,Klizav pod,savremeno,narodna_narodnjacka,8,0.319
1e219bbf9e1f,Aleksandra Prijović,Poslednji kabare,savremeno,narodna_narodnjacka,0,0.382
29bebd9eab6f,Aleksandra Prijović,Totalna anestezija,savremeno,narodna_narodnjacka,9,0.385
d55255e47d06,Aleksandra Prijović,Za nas kasno je,savremeno,narodna_narodnjacka,0,0.346
382810bfbaf5,Milica Pavlović,Alter ego,savremeno,turbo_folk,0,0.306
26d110c112ca,Milica Pavlović,Boginja,savremeno,turbo_folk,7,0.415
ef4123e0e2ca,Milica Pavlović,Dominacija,savremeno,turbo_folk,2,0.268
684443cba3eb,Milica Pavlović,Dve po dve,savremeno,turbo_folk,6,0.267
bb4bdb14c882,Milica Pavlović,"Ljubi, ljubi",savremeno,turbo_folk,0,0.353
3e5356ae2ad4,Milica Pavlović,Mogla sam,savremeno,turbo_folk,3,0.314
f0a937938598,Milica Pavlović,Operisan od ljubavi,savremeno,turbo_folk,9,0.455
659a530e226d,Milica Pavlović,Pakleni plan,savremeno,turbo_folk,0,0.489
cc71e081f619,Milica Pavlović,Tango,savremeno,turbo_folk,1,0.35
aa075afd2672,Dara Bubamara,Aj odlazi,savremeno,turbo_folk,8,0.367
399597e8faed,Dara Bubamara,Ako poželiš,savremeno,turbo_folk,8,0.352
031d9c9c4e44,Dara Bubamara,Ako umrem ove noći,savremeno,turbo_folk,8,0.343
24172280ce27,Dara Bubamara,Bez tebe,savremeno,turbo_folk,5,0.207
4954face338e,Dara Bubamara,Bilo je proleće,savremeno,turbo_folk,0,0.544
37f039a1b70b,Dara Bubamara,Bludni sine,savremeno,turbo_folk,0,0.257
a10b6b206d1b,Dara Bubamara,Bolje da ne znam ništa o tebi,savremeno,turbo_folk,0,0.353
b078a244efbd,Dara Bubamara,Ciao amore,savremeno,turbo_folk,8,0.285
0b54eb1da072,Dara Bubamara,"Ćuti, ne govori",savremeno,turbo_folk,7,0.346
2f5d00ef71f3,Dara Bubamara,Da nije ovo srce u grudima,savremeno,turbo_folk,8,0.443
e1cbfa545754,Dara Bubamara,Devojka na 12 sati,savremeno,turbo_folk,0,0.345
89f85da37244,Dara Bubamara,Dobro jutro,savremeno,turbo_folk,9,0.275
36de91322331,Dara Bubamara,Dodirni me,savremeno,turbo_folk,9,0.255
81c436cec53e,Dara Bubamara,Dosada,savremeno,turbo_folk,7,0.308
bfd270c22b63,Dara Bubamara,Dunav,savremeno,turbo_folk,1,0.353
d5e0a37c0564,Dara Bubamara,Dvojnica,savremeno,turbo_folk,0,0.395
4e7ab5432706,Dara Bubamara,"Folirantu, prevarantu",savremeno,turbo_folk,0,0.374
92cf32de4c4c,Dara Bubamara,Galama,savremeno,turbo_folk,8,0.226
f2a987004805,Dara Bubamara,Gar,savremeno,turbo_folk,8,0.292
bc285312c2fc,Dara Bubamara,Golube,savremeno,turbo_folk,0,0.339
31b063cbe368,Dara Bubamara,Iz dana u dan,savremeno,turbo_folk,3,0.389
77b59f4fbe94,Dara Bubamara,Izađi sam,savremeno,turbo_folk,0,0.363
37ec1b05f6e2,Dara Bubamara,Izdali smo našu ljubav,savremeno,turbo_folk,8,0.286
6571d30eda45,Dara Bubamara,Ja neću da ga vidim,savremeno,turbo_folk,0,0.417
e971e783098c,Dara Bubamara,"Jače, jače",savremeno,turbo_folk,3,0.661
0693d900d904,Dara Bubamara,Juče sam,savremeno,turbo_folk,0,0.278
7bb7ae15c0d2,Dara Bubamara,"Kad se vratiš, biću daleko",savremeno,turbo_folk,8,0.344
2a07dccfb897,Dara Bubamara,Kilometri tuge,savremeno,turbo_folk,0,0.378
61fca9293125,Dara Bubamara,Košava sa Dunava,savremeno,turbo_folk,8,0.396
a44541977438,Dara Bubamara,Kraj sezone,savremeno,turbo_folk,9,0.276
0af65ce4c21c,Dara Bubamara,Kunem te (feat. Siniša show bend),savremeno,turbo_folk,8,0.416
edcf2e1f2410,Dara Bubamara,Lažne ljubavi (duet Šako Polumenta),savremeno,turbo_folk,8,0.457
054af794aac3,Dara Bubamara,Loša ljubav,savremeno,turbo_folk,3,0.565
8d6e4278690a,Dara Bubamara,Mala,savremeno,turbo_folk,6,0.288
a5e31801ba28,Dara Bubamara,"Mami, mami",savremeno,turbo_folk,7,0.385
b9546eeb2d5a,Dara Bubamara,Mesečina,savremeno,turbo_folk,0,0.508
fb464ebe2911,Dara Bubamara,Mili moj,savremeno,turbo_folk,1,0.449
542aa0cf676b,Dara Bubamara,Mogu ja bez tebe,savremeno,turbo_folk,1,0.322
d2005ffc5c70,Dara Bubamara,Mojih pet minute,savremeno,turbo_folk,6,0.259
a8e559e8408c,Dara Bubamara,Možeš da mi uzmeš sve,savremeno,turbo_folk,3,0.284
035144825c32,Dara Bubamara,Ne čujem,savremeno,turbo_folk,7,0.386
75c9018c3962,Dara Bubamara,Ne gledaj me tako,savremeno,turbo_folk,3,0.397
5290bce06dbb,Dara Bubamara,Ne planiram,savremeno,turbo_folk,0,0.288
6a889d6cc82d,Dara Bubamara,Ne verujem tvojim očima,savremeno,turbo_folk,0,0.694
af9f85eb1078,Dara Bubamara,Neka malo,savremeno,turbo_folk,3,0.323
78ac661566a4,Dara Bubamara,Neka pukne grom,savremeno,turbo_folk,0,0.483
c1a5e7721eed,Dara Bubamara,Nema šanse,savremeno,turbo_folk,6,0.219
fc8c7f7b8e18,Dara Bubamara,Nemam elana,savremeno,turbo_folk,3,0.376
fccfee17773e,Dara Bubamara,"Nemoj da brineš, mali",savremeno,turbo_folk,6,0.242
e62dde9b2230,Dara Bubamara,"Nikada više, ljubavi moja",savremeno,turbo_folk,0,0.514
eed63a51e276,Dara Bubamara,Nisam ja dete,savremeno,turbo_folk,0,0.318
164797b9bb4f,Dara Bubamara,Ništa od inata,savremeno,turbo_folk,0,0.317
ff74b2cf49b3,Dara Bubamara,Nisu to kiše,savremeno,turbo_folk,8,0.327
7ae37695969d,Dara Bubamara,"Niti me ljubiš, nit’ me drugom daješ",savremeno,turbo_folk,0,0.36
e482039cf26b,Dara Bubamara,"Njemu sreća, meni bol",savremeno,turbo_folk,0,0.403
2ac67afe587a,Dara Bubamara,Noć za nas (duet Cvija),savremeno,turbo_folk,7,0.31
996dc074d523,Dara Bubamara,"Novi Sad, Beograd",savremeno,turbo_folk,3,0.477
d356d0dfaead,Dara Bubamara,Novogodišnja,savremeno,turbo_folk,0,0.222
f475f969114d,Dara Bubamara,Od kad nema te,savremeno,turbo_folk,8,0.461
8741b3f09cba,Dara Bubamara,Od želja umorna,savremeno,turbo_folk,0,0.533
243073430358,Dara Bubamara,Oko stola,savremeno,turbo_folk,4,0.5
07562e833ce7,Dara Bubamara,Ona te pali,savremeno,turbo_folk,7,0.434
bcc4abbcdd50,Dara Bubamara,"Opa, opa",savremeno,turbo_folk,0,0.274
6f35249ffd57,Dara Bubamara,Ovo neće izaći na dobro,savremeno,turbo_folk,3,0.502
2de475795310,Dara Bubamara,Pali mali,savremeno,turbo_folk,7,0.308
11cbf9895d72,Dara Bubamara,"Pevam, a duša mi plače",savremeno,turbo_folk,1,0.318
6d7537ecb1ca,Dara Bubamara,Polje jagoda,savremeno,turbo_folk,0,0.375
8f9997062a05,Dara Bubamara,Protiv sebe ne mogu,savremeno,turbo_folk,1,0.253
9aa9a0ec129f,Dara Bubamara,Prva do prve,savremeno,turbo_folk,0,0.392
ad6b91a95650,Dara Bubamara,Pusti me da te zaboravim,savremeno,turbo_folk,8,0.36
e52fbc742c59,Dara Bubamara,Raskidam,savremeno,turbo_folk,0,0.55
99ed753cbc10,Dara Bubamara,Samo jedno još te molim,savremeno,turbo_folk,1,0.31
5027b97d17b3,Dara Bubamara,Samo napred,savremeno,turbo_folk,3,0.466
25be86050950,Dara Bubamara,Sebična,savremeno,turbo_folk,9,0.313
cb246cd8db21,Dara Bubamara,"Sedam gora, sedam mora",savremeno,turbo_folk,0,0.446
2dd9fc58462a,Dara Bubamara,Sele moja (feat. Siniša show bend),savremeno,turbo_folk,8,0.489
82c533f0aeff,Dara Bubamara,Školska ljubav,savremeno,turbo_folk,8,0.433
11cf9423277f,Dara Bubamara,Spremaj srce,savremeno,turbo_folk,0,0.276
86576b086b88,Dara Bubamara,Sto života,savremeno,turbo_folk,8,0.669
7e3d50eaab6a,Dara Bubamara,Sve devojke,savremeno,turbo_folk,7,0.231
9cc75b86c572,Dara Bubamara,Svi su tu kao nekada,savremeno,turbo_folk,0,0.306
82294caadca0,Dara Bubamara,Ti i ja minus ona,savremeno,turbo_folk,0,0.614
4beabb6ba32f,Dara Bubamara,Ti si kao i ja,savremeno,turbo_folk,3,0.229
5b5b8450ce61,Dara Bubamara,Trebaš mi,savremeno,turbo_folk,0,0.254
aaa5a98e07be,Dara Bubamara,"Trese mene ljubav, trese",savremeno,turbo_folk,0,0.6
3c268bb3a45d,Dara Bubamara,Trn u oku,savremeno,turbo_folk,0,0.383
cd5a9f0ba642,Dara Bubamara,Umiru zore (feat. Siniša show bend),savremeno,turbo_folk,8,0.291
0e6895d77af6,Dara Bubamara,Uzmi ili ostavi (duet Nikola Rokvić),savremeno,turbo_folk,3,0.437
0aa534a6902c,Dara Bubamara,Već sam navikla,savremeno,turbo_folk,0,0.408
676766e1d256,Dara Bubamara,Vero nevero,savremeno,turbo_folk,3,0.483
eb8384b55078,Dara Bubamara,Volim da te volim,savremeno,turbo_folk,0,0.531
becf6808eb50,Dara Bubamara,Za tvoju ljubav,savremeno,turbo_folk,8,0.735
25a3e0eb3cb7,Dara Bubamara,"Zaboravi me, moja ljubavi",savremeno,turbo_folk,0,0.284
e461787133ad,Dara Bubamara,Željo moja,savremeno,turbo_folk,1,0.318
6a0ac0bdd582,Dara Bubamara,Zidovi,savremeno,turbo_folk,5,0.274
6ddb6c2b997b,Dara Bubamara,Žika,savremeno,turbo_folk,3,0.418
06ca614371ed,Saša Kovačević,Bežimo iz grada,savremeno,pop,7,0.303
edf2a7d339da,Saša Kovačević,Bolji čovek,savremeno,pop,0,0.305
3fe53bbcd085,Saša Kovačević,Branim,savremeno,pop,0,0.434
6337ea0ed32e,Saša Kovačević,Idemo do mene (feat. Nikolina Pišek),savremeno,pop,9,0.404
e4f3ac40ac6b,Saša Kovačević,Jasno k’o dan,savremeno,pop,5,0.367
f61bb65a10f9,Saša Kovačević,Jedina si vredela,savremeno,pop,9,0.299
f8bdf36fd716,Saša Kovačević,Još ti se nadam (duet Emina Jahović),savremeno,pop,0,0.42
959f4f8208d4,Saša Kovačević,Kada nisi tu,savremeno,pop,0,0.47
d23003660f7c,Saša Kovačević,Kako sada sam,savremeno,pop,7,0.518
fa5eaffab0ba,Saša Kovačević,Kome da verujem,savremeno,pop,3,0.518
f9cbd564f8ba,Saša Kovačević,Korak do dna,savremeno,pop,0,0.303
d57807638851,Saša Kovačević,Lagala me il’ ne lagala,savremeno,pop,9,0.305
6dc361c15e7e,Saša Kovačević,Lapsus,savremeno,pop,7,0.304
5f162e891a57,Saša Kovačević,Lažu te,savremeno,pop,0,0.337
5c75af926221,Saša Kovačević,Ludak,savremeno,pop,3,0.303
6cad48d962c1,Saša Kovačević,Mila,savremeno,pop,0,0.54
8bb0255b0f1e,Saša Kovačević,Moje poslednje,savremeno,pop,1,0.322
e7c7c14b94e5,Saša Kovačević,Ne umem sa njom,savremeno,pop,1,0.329
d25cc9bb92ba,Saša Kovačević,Ornament,savremeno,pop,0,0.345
b7aa0f560c01,Saša Kovačević,Ostavi me,savremeno,pop,7,0.396
0bf9821a401e,Saša Kovačević,Pakao i raj,savremeno,pop,7,0.344
c6ed69a5ea12,Saša Kovačević,Piši propalo,savremeno,pop,3,0.252
f8b0ebf2113f,Saša Kovačević,Ponosna na nas,savremeno,pop,1,0.272
709a1aee7d22,Saša Kovačević,Ruka za spas,savremeno,pop,3,0.658
aca99388a965,Saša Kovačević,Slučajno,savremeno,pop,7,0.395
dd0e4592cafd,Saša Kovačević,Tišina,savremeno,pop,0,0.676
ca0136a86412,Kaliopi,Crno i belo,sfrj,rok,2,0.315
ec0b58cc79ec,Kaliopi,Pesma za nas,sfrj,rok,0,0.356
9deb540d2354,Piloti,Kao ptica na mom dlanu,sfrj,rok,8,0.676
62f928bc4fd6,Piloti,Tajna je u tebi skrivena,sfrj,rok,0,0.796
9646f85d619f,Piloti,Tiho tiho,sfrj,rok,0,0.579
c5e3b156204c,Piloti,Zaboravljeni,sfrj,rok,0,0.309
9e9d8a75885c,Aerodrom,24 sata,sfrj,pop,3,0.295
db34ba32daab,Aerodrom,A do Splita pet,sfrj,pop,0,0.507
da89d047a8be,Aerodrom,Badnja noć,sfrj,pop,0,0.294
2a234a89d918,Aerodrom,Digni me visoko,sfrj,pop,0,0.651
e1187ea75a2f,Aerodrom,Dobro se zabavljaj,sfrj,pop,6,0.53
dc4ee5c7065c,Aerodrom,Fratello,sfrj,pop,0,0.429
cdf8c707a989,Aerodrom,Kad je sa mnom kvari sve,sfrj,pop,7,0.55
90283c99af09,Aerodrom,Kad misli mi vrludaju,sfrj,pop,7,0.631
13eeadea5ab4,Aerodrom,Kvari sve,sfrj,pop,7,0.47
c9c8262de134,Aerodrom,Laž,sfrj,pop,1,0.467
0191bf032269,Aerodrom,Ljubav nije knjiga,sfrj,pop,8,0.233
7858eaf7f34d,Aerodrom,Metar vina,sfrj,pop,6,0.35
25fbd03b1a8c,Aerodrom,Obična ljubavna pjesma,sfrj,pop,0,0.371
f5f1c120dcd0,Aerodrom,Otkazani let,sfrj,pop,0,0.275
037ea8b5b8e0,Aerodrom,Pogled sa bardo ravni,sfrj,pop,0,0.5
b6137fb92ff1,Aerodrom,Pozdrav sa bardo ravni,sfrj,pop,0,0.5
99bc8f69050b,Aerodrom,Stavi pravu stvar na pravo mjesto,sfrj,pop,7,0.497
90075e5bf0f0,Aerodrom,Stranac,sfrj,pop,7,0.263
42d1cc361e9b,Aerodrom,Tvoje lice,sfrj,pop,6,0.266
54d1c218b5a9,Aerodrom,Vatra je na nebu,sfrj,pop,0,0.7
0d993c06243e,Tereza Kesovija,A to je za tebe,sfrj,pop,0,0.359
5b8e5eb75d97,Tereza Kesovija,Balada o tovaru,sfrj,pop,6,0.382
c5c08f489fba,Tereza Kesovija,Balada o zelenom kralju,sfrj,pop,8,0.394
1d50b14a1b30,Tereza Kesovija,Barkarola,sfrj,pop,0,0.591
397af1ed6ffe,Tereza Kesovija,Bilo je lijepo,sfrj,pop,0,0.526
bcb9f4505d66,Tereza Kesovija,"Bit će bolje, znam",sfrj,pop,0,0.364
6912d0d52c36,Tereza Kesovija,"Bože, kako te volim",sfrj,pop,0,0.599
7d425a212aec,Tereza Kesovija,Ćakule o siromajima,sfrj,pop,0,0.383
d15b301d36a4,Tereza Kesovija,Con te partiro,sfrj,pop,0,0.6
0f6f3dddcb8d,Tereza Kesovija,Da li su me voljeli,sfrj,pop,0,0.642
cc6b60adbb90,Tereza Kesovija,Da sam te samo prije srela,sfrj,pop,0,0.56
22c1beef5458,Tereza Kesovija,Dalmatinko,sfrj,pop,0,0.543
bcdef66f4ce5,Tereza Kesovija,Divlja strast,sfrj,pop,0,0.797
7a10194daa2b,Tereza Kesovija,Dok istina postoji,sfrj,pop,8,0.369
ec951a750c3b,Tereza Kesovija,Dubrovačka zvona,sfrj,pop,5,0.484
02729f1cab17,Tereza Kesovija,Forca maestro,sfrj,pop,0,0.458
7b672fbf567e,Tereza Kesovija,"Gdje ima srca, tu sam i ja",sfrj,pop,0,0.528
57a2e70da079,Tereza Kesovija,I ni me stra’,sfrj,pop,8,0.413
aa332a78e724,Tereza Kesovija,Izlazi sunce,sfrj,pop,0,0.701
cbe528a9ab92,Tereza Kesovija,Ja ću uvijek biti tvoja,sfrj,pop,0,0.515
9e74e65dc5c5,Tereza Kesovija,Ja jubin te zauvik,sfrj,pop,6,0.414
b28e891e0b5c,Tereza Kesovija,Ja sam pjesma,sfrj,pop,0,0.671
c3ebefc58c8d,Tereza Kesovija,Ja sam tvoja muzika,sfrj,pop,0,0.425
70943e70f82b,Tereza Kesovija,Ja ti samo pjevat mogu,sfrj,pop,6,0.558
5525b234e602,Tereza Kesovija,Još se srce umorilo nije,sfrj,pop,0,0.661
e59869c4252c,Tereza Kesovija,Kad bi vratio se ti,sfrj,pop,3,0.384
cabbc4959128,Tereza Kesovija,Kad jednog dana prisjetim se svega,sfrj,pop,0,0.479
31f384a32185,Tereza Kesovija,Kad se jednom vratiš ti,sfrj,pop,0,0.544
5fa047df728e,Tereza Kesovija,Katedrala,sfrj,pop,8,0.364
8bd4d8f7fcae,Tereza Kesovija,Kristinka,sfrj,pop,0,0.791
e5f9c55e5899,Tereza Kesovija,Larina pjesma,sfrj,pop,0,0.562
13cba59edade,Tereza Kesovija,Ljubavni tango,sfrj,pop,8,0.638
30d28b0571e5,Tereza Kesovija,Ljudi,sfrj,pop,0,0.445
4f28e96ced63,Tereza Kesovija,Ludi dani naše mladosti,sfrj,pop,0,0.547
e99984ede1b6,Tereza Kesovija,Moja dalmacija,sfrj,pop,0,0.638
3eb959600466,Tereza Kesovija,Moja ljubavi,sfrj,pop,0,0.79
4509921d3bda,Tereza Kesovija,Moja mala pjesmo,sfrj,pop,0,0.521
d937643ed510,Tereza Kesovija,Moja prva i poslednja ljubavi,sfrj,pop,0,0.487
4430390cd900,Tereza Kesovija,Moje suze,sfrj,pop,0,0.571
7e6b26208756,Tereza Kesovija,"Molim te, ostani",sfrj,pop,0,0.465
e37225481aea,Tereza Kesovija,Na stradunu,sfrj,pop,6,0.387
f90ace933e98,Tereza Kesovija,Nek idu lađe,sfrj,pop,0,0.889
2b4a37c348ad,Tereza Kesovija,Nek’ zapjeva stara klapa,sfrj,pop,0,0.487
32a48ea29f5b,Tereza Kesovija,Neka cijeli ovaj svijet,sfrj,pop,0,0.673
12283494b454,Tereza Kesovija,Nikad ne reci nikad,sfrj,pop,3,0.498
8e16f944038e,Tereza Kesovija,Nikad te nisan prokljela,sfrj,pop,6,0.433
2adebe241450,Tereza Kesovija,Nima Splita do Splita,sfrj,pop,4,0.405
95103b0bb700,Tereza Kesovija,Nisam žena bez tebe,sfrj,pop,3,0.297
4cf3d776d085,Tereza Kesovija,Nježne strune mandoline,sfrj,pop,8,0.298
6a111c5ef618,Tereza Kesovija,"Nono, moj dobri nono",sfrj,pop,6,0.375
87ca530f40a8,Tereza Kesovija,"Oprostit ću, zaboraviti neću",sfrj,pop,0,0.448
12ca56965d50,Tereza Kesovija,Otvori prozore sna,sfrj,pop,0,0.493
257295333bfa,Tereza Kesovija,Parkovi,sfrj,pop,0,0.692
68f6c9a043a5,Tereza Kesovija,Pjesma suncu,sfrj,pop,0,0.511
59358282ba57,Tereza Kesovija,Plavi nokturno,sfrj,pop,0,0.733
e4608411c254,Tereza Kesovija,Pomozi mi da zaboravim,sfrj,pop,9,0.234
7ff54887cb60,Tereza Kesovija,Potraži me,sfrj,pop,0,0.396
592adb19fb04,Tereza Kesovija,Pred tvojim vratima,sfrj,pop,5,0.538
93cde341f48b,Tereza Kesovija,Prijatelji stari gdje ste,sfrj,pop,0,0.51
4481ebd5d1c1,Tereza Kesovija,Pronađi put,sfrj,pop,7,0.349
08547b3d7c97,Tereza Kesovija,Rastanimo se,sfrj,pop,0,0.515
2e114734a414,Tereza Kesovija,Samo malo intime,sfrj,pop,0,0.425
6d7f1a877855,Tereza Kesovija,San julske noći,sfrj,pop,0,0.534
466eed6ed0d9,Tereza Kesovija,Sinoć kad sklopih oči,sfrj,pop,0,0.537
272cb79c662b,Tereza Kesovija,Sjaj,sfrj,pop,5,0.338
17d0b4a2921c,Tereza Kesovija,Školjka,sfrj,pop,0,0.428
95a0c139264f,Tereza Kesovija,Srećo moja,sfrj,pop,8,0.307
d96dcaaca343,Tereza Kesovija,Sretan rođendan,sfrj,pop,0,0.334
3cf442eaf6f4,Tereza Kesovija,Stani,sfrj,pop,8,0.444
62c075c2c115,Tereza Kesovija,"Stani, stani",sfrj,pop,0,0.411
bbb0fd8211df,Tereza Kesovija,Stare ljubavi,sfrj,pop,5,0.392
c7c5ce5d3f2d,Tereza Kesovija,Što je ostalo od ljubavi,sfrj,pop,0,0.66
4e199afe9454,Tereza Kesovija,Sunčane fontane,sfrj,pop,0,0.458
67416cd15cab,Tereza Kesovija,Šutjeti,sfrj,pop,0,0.53
3581e494e21a,Tereza Kesovija,Sutra,sfrj,pop,0,0.419
3da918f0610d,Tereza Kesovija,Sutra je novi dan,sfrj,pop,3,0.456
c7c7b56d608a,Tereza Kesovija,Sva su moja proljeća u meni,sfrj,pop,0,0.712
8ffad5063087,Tereza Kesovija,"Sve se vraća, sve se plaća",sfrj,pop,0,0.382
a3f1da2cbcbd,Tereza Kesovija,"Sviraj mi, sviraj",sfrj,pop,0,0.454
285fcd001bc8,Tereza Kesovija,Ti si moj grijeh,sfrj,pop,0,0.369
4ee5dda504a8,Tereza Kesovija,"Ti, anđele zla",sfrj,pop,9,0.293
1d6006fecc68,Tereza Kesovija,"Tko gubi, gubi sve",sfrj,pop,0,0.443
a380e38f74ef,Tereza Kesovija,To sam ja,sfrj,pop,3,0.411
5582b37f612b,Tereza Kesovija,Tvoj glas,sfrj,pop,4,0.366
cf6de1cd4fa3,Tereza Kesovija,Tvoje su ruke u mojoj kosi,sfrj,pop,0,0.573
ad9d37cc0bdc,Tereza Kesovija,Uspavanka za Ivu,sfrj,pop,0,0.309
fea5ce7b845b,Tereza Kesovija,Voli me… voli me…,sfrj,pop,0,0.568
14e2cd54554d,Tereza Kesovija,Za jedan tren,sfrj,pop,0,0.438
a923e31c7dcb,Tereza Kesovija,Za jubav san dala sve,sfrj,pop,6,0.364
9b8774443ef2,Tereza Kesovija,"Za sva vremena, Dubrovnik",sfrj,pop,0,0.661
604cb2562bcd,Tereza Kesovija,Zaboravi ako možeš,sfrj,pop,0,0.686
1359296bfc14,Tereza Kesovija,"Zapjevajmo, prijatelji",sfrj,pop,0,0.812
a3419e057fab,Zdenka Kovačićek,Na kraju ponosna,sfrj,rok,7,0.487
8c1280be9e40,Zdenka Kovačićek,To nisam bila ja,sfrj,rok,3,0.377
05562f0ddf66,Zabranjeno pušenje,12 sati,sfrj,rok,6,0.352
44b38198fff2,Zabranjeno pušenje,Abid,sfrj,rok,1,0.534
cc5ffc723f39,Zabranjeno pušenje,Agent tajne sile,sfrj,rok,5,0.367
0e935a471bc9,Zabranjeno pušenje,Anarhija all over Baščaršija,sfrj,rok,6,0.389
c93916a69f1a,Zabranjeno pušenje,Balada o Gigi Bosniću,sfrj,rok,6,0.307
9ea3d79a646e,Zabranjeno pušenje,Balada o Pišonji i Žugi,sfrj,rok,0,0.258
38d4aca50769,Zabranjeno pušenje,Baš Čelik (1. dio),sfrj,rok,0,0.535
c2bfebca1f74,Zabranjeno pušenje,Baš Čelik (2. dio),sfrj,rok,0,0.535
cc3ae2ae4304,Zabranjeno pušenje,Brut,sfrj,rok,0,0.269
af68e4bbcf15,Zabranjeno pušenje,Čejeni odlaze,sfrj,rok,0,0.296
36cf344eeba8,Zabranjeno pušenje,Dan Republike,sfrj,rok,3,0.469
21c48af61817,Zabranjeno pušenje,Djevojčice kojima miriše koža,sfrj,rok,0,0.207
bb7f305bbb0a,Zabranjeno pušenje,Dobri jarani,sfrj,rok,7,0.379
ba409edb3703,Zabranjeno pušenje,Dok čekaš sabah sa šejtanom,sfrj,rok,5,0.288
090853d87345,Zabranjeno pušenje,Dok jezdiš k Alemanji,sfrj,rok,6,0.249
1185e3c06024,Zabranjeno pušenje,Fikreta,sfrj,rok,0,0.425
cfbd0583921e,Zabranjeno pušenje,Fildžan viška,sfrj,rok,1,0.331
31ac57ee68cc,Zabranjeno pušenje,Gđa. Brams,sfrj,rok,5,0.295
faf3eef8be08,Zabranjeno pušenje,Guzonjin sin,sfrj,rok,7,0.479
6f2c6a55467e,Zabranjeno pušenje,Hadžija ili bos,sfrj,rok,5,0.461
56358c9a0ce9,Zabranjeno pušenje,Haile Selasije,sfrj,rok,0,0.299
92b16184b821,Zabranjeno pušenje,Halid umjesto Halida,sfrj,rok,7,0.346
1ac223abbd42,Zabranjeno pušenje,Ibro dirka,sfrj,rok,0,0.292
a8865bf126f1,Zabranjeno pušenje,Ja imam kuhinju,sfrj,rok,0,0.62
3fd614951ba1,Zabranjeno pušenje,Javi mi,sfrj,rok,0,0.432
46fef24b8212,Zabranjeno pušenje,Kada dernek utihne,sfrj,rok,7,0.387
c62f7be4e904,Zabranjeno pušenje,Kako je Velika Britanija postala probušeni dolar,sfrj,rok,0,0.409
32bac6fd431a,Zabranjeno pušenje,Kanjon Drine,sfrj,rok,5,0.346
fa9e62593f8a,Zabranjeno pušenje,Karabaja,sfrj,rok,7,0.386
143c888cbec8,Zabranjeno pušenje,Kažu mi da novog frajera imaš,sfrj,rok,7,0.259
09bfc0284ad4,Zabranjeno pušenje,Kino “Prvi maj”,sfrj,rok,0,0.408
905ed35661ea,Zabranjeno pušenje,Lijepa Alma,sfrj,rok,0,0.33
0a885dd8e724,Zabranjeno pušenje,Lutka sa naslovne strane,sfrj,rok,0,0.452
1f53f81b73d7,Zabranjeno pušenje,Manijak,sfrj,rok,6,0.298
4512d475da8f,Zabranjeno pušenje,Meteor,sfrj,rok,0,0.332
a4b9448c03d8,Zabranjeno pušenje,Mile Hašišar,sfrj,rok,6,0.309
7118d990fada,Zabranjeno pušenje,Modni guru,sfrj,rok,6,0.44
559ffbeb2b66,Zabranjeno pušenje,Murga drot,sfrj,rok,7,0.335
9837e6568969,Zabranjeno pušenje,Neću da budem Švabo u dotiranom filmu,sfrj,rok,2,0.455
6d5c1e0f5302,Zabranjeno pušenje,Nedelja kad je otišao Hase,sfrj,rok,0,0.509
ca11b6a984e0,Zabranjeno pušenje,Oprosti mi pape,sfrj,rok,6,0.332
8005832297f5,Zabranjeno pušenje,"Otpor, stoko",sfrj,rok,0,0.304
5ecd2e71a0f7,Zabranjeno pušenje,Pamtim to kao da je bilo danas,sfrj,rok,0,0.294
371c7150523a,Zabranjeno pušenje,Piccola storia de grande amore,sfrj,rok,0,0.242
62ad4b41764a,Zabranjeno pušenje,Pismo,sfrj,rok,0,0.44
f185def84789,Zabranjeno pušenje,Pismo Elvisu,sfrj,rok,4,0.217
22d5307938d7,Zabranjeno pušenje,Pišonja i Žuga u paklu droge,sfrj,rok,7,0.351
d2d675e0d36b,Zabranjeno pušenje,Pklatovi I – Invazija Pklatova,sfrj,rok,0,0.357
f67885f7f93f,Zabranjeno pušenje,Pklatovi II – Veliki bijeg,sfrj,rok,0,0.526
7494b17f5881,Zabranjeno pušenje,Posljednja oaza (U lošoj formi sam),sfrj,rok,0,0.425
826dc9af1e07,Zabranjeno pušenje,Pravo zajebani DJ iz Chicaga,sfrj,rok,9,0.331
a02ed20f3968,Zabranjeno pušenje,Pubertet,sfrj,rok,6,0.296
4e8a654ba922,Zabranjeno pušenje,Pupoljak,sfrj,rok,0,0.41
112f538334ec,Zabranjeno pušenje,Put u središte rudnika Kreka Banovići,sfrj,rok,0,0.386
6b4c100f197a,Zabranjeno pušenje,Radost prvog žita,sfrj,rok,0,0.354
57b77f6c2385,Zabranjeno pušenje,Sanjao sam noćas da te imam,sfrj,rok,0,0.382
54b941149218,Zabranjeno pušenje,Šareno kamenje,sfrj,rok,0,0.545
ab086c5d2171,Zabranjeno pušenje,Šeki is on the road again,sfrj,rok,0,0.352
e78eadb648fa,Zabranjeno pušenje,"Selena, vrati se, Selena",sfrj,rok,8,0.254
36d5a13d0e47,Zabranjeno pušenje,"Srce, ruke i lopata",sfrj,rok,0,0.471
88a751aca0c1,Zabranjeno pušenje,Stanje šoka,sfrj,rok,5,0.393
a470369075f1,Zabranjeno pušenje,Straža pored Prizrena,sfrj,rok,7,0.234
08847a19d57c,Zabranjeno pušenje,Test za dženet,sfrj,rok,5,0.24
a7bdea53ffaf,Zabranjeno pušenje,Tigar iz Kladnja,sfrj,rok,0,0.297
ad513b63e2f5,Zabranjeno pušenje,Tijesno,sfrj,rok,5,0.264
6b8a34817edd,Zabranjeno pušenje,Tri ratna havera,sfrj,rok,0,0.31
a6052179bccf,Zabranjeno pušenje,Ujka Sam,sfrj,rok,7,0.259
d9287970b325,Zabranjeno pušenje,Uvod (Tema iz filma “Walter brani Sarajevo”),sfrj,rok,2,0.451
d7a354aad212,Zabranjeno pušenje,Vuk,sfrj,rok,0,0.451
7f04480ae900,Zabranjeno pušenje,Yugo 45,sfrj,rok,6,0.294
3f0febaac4cb,Zabranjeno pušenje,Zenica blues,sfrj,rok,5,0.522
11a24c939aa9,Zabranjeno pušenje,"Zoka, ja sam trudna",sfrj,rok,0,0.262
614543433860,Zabranjeno pušenje,Zvijezda nad Balkanom,sfrj,rok,5,0.202
6b0523e4f221,Bombaj štampa,Bolje letim sam,sfrj,rok,0,0.378
c9311d581d63,Bombaj štampa,Ćerka jedinica,sfrj,rok,9,0.283
27f9a5d6535b,Bombaj štampa,Često poželim,sfrj,rok,0,0.411
2eb7ac9711ed,Bombaj štampa,Da li da,sfrj,rok,9,0.421
9636b6683dea,Bombaj štampa,Dubrovački trubaduri,sfrj,rok,3,0.341
691c9ad3bc23,Bombaj štampa,Điđi miđi,sfrj,rok,7,0.285
7b3ddbe7f666,Bombaj štampa,Kiša je prošla,sfrj,rok,0,0.44
8f4ba3f131a3,Bombaj štampa,Ljubav nije za mene,sfrj,rok,0,0.625
b964b3914157,Bombaj štampa,Ludnica,sfrj,rok,6,0.542
a162993b7247,Bombaj štampa,Mali motorin,sfrj,rok,6,0.432
22022a9aecc3,Bombaj štampa,Mrak i ja,sfrj,rok,7,0.462
e0b2f4aeedce,Bombaj štampa,Nedim,sfrj,rok,7,0.299
802e91c88fe9,Bombaj štampa,Ona je moj R’n’R,sfrj,rok,9,0.252
0f69d5db184d,Bombaj štampa,Otvorena Pjesma Đorđu,sfrj,rok,1,0.332
6baee9fb0280,Bombaj štampa,San ljetnjeg dana,sfrj,rok,0,0.447
55651eeecede,Bombaj štampa,Šarene ulice,sfrj,rok,2,0.575
7ad4ee4c1b1b,Bombaj štampa,Supermen,sfrj,rok,0,0.312
3e54aca582a6,Bombaj štampa,Svjetla su daleko,sfrj,rok,0,0.279
3e1ee03366a1,Bombaj štampa,Uzalud me podsjećaš,sfrj,rok,0,0.468
1513d0fe280a,Bombaj štampa,Večeras sam sjajan,sfrj,rok,9,0.475
7f221d55de4e,Bombaj štampa,"Željo, to je moj tim",sfrj,rok,0,0.661
3834ecd5ab81,Crvena jabuka,6.00 (šest nula nula),sfrj,pop,0,0.261
164c2ac5998d,Crvena jabuka,"Ako me pitaš, kamarade",sfrj,pop,0,0.497
a5449df2a45b,Crvena jabuka,Ako odeš ti,sfrj,pop,0,0.308
55c554a0d197,Crvena jabuka,Anđeli,sfrj,pop,7,0.237
817359b9e67e,Crvena jabuka,Bacila je sve niz rijeku,sfrj,pop,0,0.625
6e2a8a8bfbb7,Crvena jabuka,Bijeli Božić,sfrj,pop,5,0.421
724dc6046616,Crvena jabuka,"Bivše djevojčice, bivši dječaci",sfrj,pop,9,0.222
db3770def350,Crvena jabuka,Bježi kišo s prozora,sfrj,pop,0,0.446
81357a45d7ee,Crvena jabuka,Boje kišnog neba,sfrj,pop,3,0.344
bcfa48bd9ebc,Crvena jabuka,Bolujem,sfrj,pop,5,0.401
0de0cb9ba06e,Crvena jabuka,Bombona,sfrj,pop,0,0.496
d1ae37089950,Crvena jabuka,Čarolija (kad prestane),sfrj,pop,0,0.295
fe1fc02f2466,Crvena jabuka,Često pitam za tebe,sfrj,pop,0,0.633
82ad7a8b0b07,Crvena jabuka,Četkice za zube,sfrj,pop,0,0.396
1c159aed6618,Crvena jabuka,Crvena jabuka,sfrj,pop,0,0.334
f8718f57c74b,Crvena jabuka,Crveni poljupci (feat. Kemal Monteno),sfrj,pop,0,0.48
b401a19843a7,Crvena jabuka,Čuvaj se,sfrj,pop,0,0.44
4e9169a41981,Crvena jabuka,Da je samo malo sreće,sfrj,pop,8,0.307
76cef95d8127,Crvena jabuka,Da mi je do nje,sfrj,pop,7,0.287
0886bce40b55,Crvena jabuka,Da nije ljubavi,sfrj,pop,5,0.271
8e22750b66e2,Crvena jabuka,"Da tebe nema, Bože",sfrj,pop,0,0.263
e32f7dc3fa32,Crvena jabuka,Da znaš da me boliš,sfrj,pop,0,0.32
d7b97535c7c0,Crvena jabuka,Dirlija,sfrj,pop,0,0.479
83b8494f55cc,Crvena jabuka,Do neba,sfrj,pop,0,0.461
7f189143629c,Crvena jabuka,Dobro neka svira,sfrj,pop,0,0.357
04a77b3a0fb5,Crvena jabuka,Dođi kod mene,sfrj,pop,0,0.615
a631ace83fb7,Crvena jabuka,Došla od Boga,sfrj,pop,3,0.332
a21770e0048e,Crvena jabuka,"Duj, duj",sfrj,pop,0,0.43
9ec34dae22f9,Crvena jabuka,Duša Sarajeva,sfrj,pop,8,0.313
147288f17f7d,Crvena jabuka,Dva i dva i ona mala barka,sfrj,pop,6,0.399
86deb0a43b8e,Crvena jabuka,Emira (kad je noć hladna i zvjezdana),sfrj,pop,0,0.441
b7811b19843f,Crvena jabuka,Fura me,sfrj,pop,0,0.29
e39aeb397247,Crvena jabuka,Gluho doba,sfrj,pop,0,0.561
945b7734c2d1,Crvena jabuka,Godinama (duet Halid Bešlić),sfrj,pop,0,0.322
dce660a6e467,Crvena jabuka,Govore mi svi,sfrj,pop,0,0.32
858925bd2c5e,Crvena jabuka,"Hajde, dođi mi",sfrj,pop,0,0.689
b466a0d39ce9,Crvena jabuka,"Hajde, hajde de opusti se",sfrj,pop,0,0.413
deebe4c55488,Crvena jabuka,"Hoćeš, nećeš",sfrj,pop,7,0.234
7d531f1469cb,Crvena jabuka,Ima nešto od srca do srca,sfrj,pop,0,0.384
44fcf301151b,Crvena jabuka,Imaš me u šaci,sfrj,pop,0,0.47
28a221288177,Crvena jabuka,Iza prozora,sfrj,pop,5,0.289
0941848df2d2,Crvena jabuka,Ja te volim,sfrj,pop,5,0.197
7c790947cac6,Crvena jabuka,Jazz.ba,sfrj,pop,0,0.504
31e21a144da0,Crvena jabuka,Jedanaesta Božja zapovijed (Tarik Filipović),sfrj,pop,3,0.362
9626c994da26,Crvena jabuka,Jukebox,sfrj,pop,0,0.345
99d9c8d7dd00,Crvena jabuka,Kad ćeš mi doć,sfrj,pop,0,0.529
97bad004e40b,Crvena jabuka,Kad je noć hladna i zvjezdana,sfrj,pop,0,0.435
9de525b0331d,Crvena jabuka,Kad kazaljke sata se poklope,sfrj,pop,0,0.505
5a6cb85cef58,Crvena jabuka,Kad te jednom pitam,sfrj,pop,0,0.555
aa07deef0b83,Crvena jabuka,Kao da sanjam,sfrj,pop,0,0.361
bb4924e9ff1d,Crvena jabuka,Kletva (Željko Bebek),sfrj,pop,7,0.254
f3e0f958c594,Crvena jabuka,Lagano umirem u tvome sjećanju,sfrj,pop,0,0.562
af1089894414,Crvena jabuka,Ljeta koja dolaze,sfrj,pop,5,0.306
c0d664cb6e33,Crvena jabuka,Ljubav je jaka (duet Saša Lošić),sfrj,pop,7,0.406
e6714700f498,Crvena jabuka,Ljubav mladog Werthera,sfrj,pop,7,0.341
b5ed04be9b51,Crvena jabuka,Ljubav ne pita,sfrj,pop,3,0.404
34e9583c7969,Crvena jabuka,Lud za tobom,sfrj,pop,0,0.354
bac9daa8cd60,Crvena jabuka,Mahala,sfrj,pop,0,0.311
1be81fea70d2,Crvena jabuka,Malo ćemo da se kupamo,sfrj,pop,0,0.489
7c2f2f962b70,Crvena jabuka,"Mjeseče, reci",sfrj,pop,0,0.29
42e3f137cdaf,Crvena jabuka,Mnogo ruža,sfrj,pop,0,0.587
4158532dab2c,Crvena jabuka,Moj grad,sfrj,pop,0,0.473
67b31f16dea5,Crvena jabuka,"Mojca, Mojca",sfrj,pop,0,0.413
c13c6f8c22c1,Crvena jabuka,Moje najmilije,sfrj,pop,0,0.329
57d928991d34,Crvena jabuka,Moje pjesme stih,sfrj,pop,0,0.336
f9644520ce4a,Crvena jabuka,Mozart,sfrj,pop,0,0.475
ceb0204d153a,Crvena jabuka,Na dlanu mi piše,sfrj,pop,8,0.398
6e774873f97b,Crvena jabuka,Na mom licu tople ruke,sfrj,pop,0,0.415
d200c9a4165f,Crvena jabuka,Na oluje navikli smo,sfrj,pop,0,0.568
38c64d17cf97,Crvena jabuka,Napiši jednu ljubavnu,sfrj,pop,0,0.395
f218de83c46b,Crvena jabuka,Ne daj na sebe,sfrj,pop,8,0.275
e5c6dd28adc9,Crvena jabuka,Ne dam da ovaj osjećaj ode,sfrj,pop,0,0.398
2b7c1c383dd4,Crvena jabuka,Ne govori više,sfrj,pop,1,0.665
7beed96b68f0,Crvena jabuka,Ne mogu da te dijelim,sfrj,pop,0,0.252
c51b0fef2047,Crvena jabuka,Nek’ te on ljubi (kad ne mogu ja),sfrj,pop,0,0.461
9ed4b7e3c4a2,Crvena jabuka,Nek’ ti je prosto,sfrj,pop,0,0.367
a5b7f04aa83d,Crvena jabuka,Neka gore svjetovi,sfrj,pop,3,0.342
56e5c038d6a4,Crvena jabuka,Neka se sanja,sfrj,pop,8,0.289
c0924e82e53b,Crvena jabuka,Neka vrijeme mijenja sve,sfrj,pop,0,0.501
4127382a909d,Crvena jabuka,Nekako s proljeća (with Kemal Monteno),sfrj,pop,5,0.334
42aee1593d58,Crvena jabuka,Nema više vremena,sfrj,pop,0,0.44
2809ea070368,Crvena jabuka,Nemoj da sudiš preoštro o meni,sfrj,pop,8,0.337
da816d0e32f0,Crvena jabuka,"Ni zadnji, ni prvi",sfrj,pop,0,0.385
7b5f559e5a74,Crvena jabuka,Niko nije lud da spava,sfrj,pop,0,0.369
c2c39c848acf,Crvena jabuka,Noćas lipe opet mirišu na tebe,sfrj,pop,0,0.327
b5bd307c2fe6,Crvena jabuka,Noći su hladne,sfrj,pop,0,0.467
7583ff872422,Crvena jabuka,Nova ljubav,sfrj,pop,1,0.367
52fdec8ab8a0,Crvena jabuka,Oči boje srne,sfrj,pop,7,0.26
952ccbf04e96,Crvena jabuka,Oči su se navikle na mrak,sfrj,pop,0,0.415
17b8e787e618,Crvena jabuka,On je poput djeteta,sfrj,pop,7,0.258
57b24c80506f,Crvena jabuka,Ona mi se smije,sfrj,pop,7,0.38
ec21736c905c,Crvena jabuka,Oprosti sto je ljubavna,sfrj,pop,3,0.309
2cdc7ce218b5,Crvena jabuka,Osim tebe,sfrj,pop,4,0.449
3ffb9301ee2a,Crvena jabuka,Osjećaj,sfrj,pop,7,0.358
2ba885f1f723,Crvena jabuka,Ovo je kraj (feat. Neverne bebe),sfrj,pop,0,0.386
72416467a98d,Crvena jabuka,Ples nevjernih godina,sfrj,pop,0,0.437
1a2a4874eddd,Crvena jabuka,Pravi ljudi,sfrj,pop,0,0.393
919d14349b92,Crvena jabuka,Prijatelji moji,sfrj,pop,0,0.524
86bb99b28b51,Crvena jabuka,Principessa,sfrj,pop,0,0.216
f07932cfdb9c,Crvena jabuka,Priznat ću joj sve (duet Rusko),sfrj,pop,0,0.271
86b21ea0006c,Crvena jabuka,Pusti neka gori,sfrj,pop,0,0.536
fc623b261d68,Crvena jabuka,Radio,sfrj,pop,9,0.194
77cb3cc192b6,Crvena jabuka,Riznice sjećanja,sfrj,pop,0,0.561
89ca50ef462c,Crvena jabuka,Sa tobom znam,sfrj,pop,0,0.563
a5c0eeab8dc9,Crvena jabuka,Sa tvojih usana,sfrj,pop,5,0.321
aa345320934a,Crvena jabuka,Sad je srce stijena,sfrj,pop,3,0.25
1ab7e5457c81,Crvena jabuka,Samo da me ne iznevjeriš ti,sfrj,pop,3,0.312
36a2f3039b83,Crvena jabuka,Šampanjski poljubac,sfrj,pop,8,0.332
7b58dd994d09,Crvena jabuka,Sanjati,sfrj,pop,9,0.29
1e67f9ade9f9,Crvena jabuka,Sarajlija,sfrj,pop,8,0.392
7b17091045ba,Crvena jabuka,Sestro srca mog,sfrj,pop,8,0.354
7c43d1a41595,Crvena jabuka,Šetajući daljinama,sfrj,pop,0,0.418
5a694270237e,Crvena jabuka,Srce si mi slomila,sfrj,pop,8,0.428
fc955e79692a,Crvena jabuka,Starke,sfrj,pop,0,0.399
eb22d28ddf79,Crvena jabuka,Stižu me sjećanja,sfrj,pop,0,0.414
22ac1c6b3621,Crvena jabuka,Sto pijanih noći,sfrj,pop,5,0.399
39eb106cc6a7,Crvena jabuka,"Suzo moja, strpi se",sfrj,pop,0,0.314
c391346130af,Crvena jabuka,Sve što imaš ti,sfrj,pop,0,0.609
27a905f5f8d0,Crvena jabuka,Sve što sanjam,sfrj,pop,0,0.577
fa9d52ce35f5,Crvena jabuka,Sviđa mi se ova stvar (Twist and Shout),sfrj,pop,9,0.626
540a9846d8b5,Crvena jabuka,Svijet je lopta šarena,sfrj,pop,2,0.324
f84bae9f87eb,Crvena jabuka,Tamo gdje ljubav počinje,sfrj,pop,0,0.419
042603a996aa,Crvena jabuka,Tebe imam sam da ostarim,sfrj,pop,0,0.29
0b0f6fc93d3d,Crvena jabuka,Tebi je do mene stalo,sfrj,pop,1,0.367
48d169fb2ed3,Crvena jabuka,Ti mi dušu uzimaš,sfrj,pop,7,0.409
aaa5325e4523,Crvena jabuka,Ti si lijepa,sfrj,pop,5,0.197
8c6868e5f036,Crvena jabuka,"Tuga, ti i ja",sfrj,pop,8,0.29
5c9f1b87b12a,Crvena jabuka,"Tugo, nesrećo",sfrj,pop,3,0.377
985078d43864,Crvena jabuka,Tvoga srca vrata,sfrj,pop,0,0.461
1846836d36f9,Crvena jabuka,Tvojim željama vođen,sfrj,pop,0,0.418
21bda790dc4d,Crvena jabuka,Učiniću sve da te zadovoljim,sfrj,pop,0,0.466
51359c1a0862,Crvena jabuka,Ukrast ću ti snove,sfrj,pop,8,0.282
9add42721f7f,Crvena jabuka,Umrijeću noćas od ljepote,sfrj,pop,8,0.383
00203ae8d1f5,Crvena jabuka,Uzmi me (kad hoćeš ti),sfrj,pop,0,0.612
7a9989d2d1f8,Crvena jabuka,Uzmi sve,sfrj,pop,4,0.367
6ea36c0c0bac,Crvena jabuka,Vjerujem (feat. Karlo Martinović),sfrj,pop,0,0.396
10c9d88046ae,Crvena jabuka,Volio bih da si tu,sfrj,pop,0,0.616
0c21244b3722,Crvena jabuka,Voljelo se dvoje mladih,sfrj,pop,0,0.791
d8096057eb0b,Crvena jabuka,Vozovi polaze,sfrj,pop,5,0.353
241598ff3987,Crvena jabuka,"Vraćam se tebi, seko",sfrj,pop,0,0.628
0bd9d64b0c5a,Crvena jabuka,Za njene oči,sfrj,pop,8,0.433
b03a1d30400a,Crvena jabuka,Za svaku boru,sfrj,pop,0,0.679
62f21e0a92e4,Crvena jabuka,Za sve ove godine,sfrj,pop,0,0.503
550ee5f5d528,Crvena jabuka,Zadnji put me pogledaj,sfrj,pop,0,0.281
71ed125cd30f,Crvena jabuka,Žarjavele trobente,sfrj,pop,2,0.476
0b2aad2852c2,Crvena jabuka,Zlatna ruža (duet Dado Čaušević),sfrj,pop,0,0.55
386fb1f08a23,Crvena jabuka,"Zlato moje, dobar dan",sfrj,pop,0,0.4
504f69295627,Crvena jabuka,Znam (with Arsen Dedić),sfrj,pop,3,0.403
2be77228f3e2,Crvena jabuka,Znaš da nekad mislim na tebe,sfrj,pop,3,0.366
0c456a7d0c5a,Crvena jabuka,Zovu nas ulice,sfrj,pop,0,0.387
66bc51f02bb5,Crvena jabuka,Zvona zvone,sfrj,pop,7,0.302
8b537f7c9d59,Plavi orkestar,Ako su to samo bile laži,sfrj,pop,6,0.22
be863e7cd806,Plavi orkestar,Bolje biti pijan nego star,sfrj,pop,7,0.412
a49d19e51cc4,Plavi orkestar,Djevojka iz snova,sfrj,pop,0,0.403
bf806b078de0,Plavi orkestar,Goodbye teens,sfrj,pop,0,0.593
1b0a7babd165,Plavi orkestar,Kad si sam druže moj,sfrj,pop,0,0.572
82d8afb80799,Plavi orkestar,Kad ti ljubav ime prozove,sfrj,pop,0,0.352
f1275612df28,Plavi orkestar,Kaja,sfrj,pop,0,0.448
db5158db4287,Plavi orkestar,Medena curice,sfrj,pop,0,0.486
9b9edf1b5902,Plavi orkestar,Mi smo pijane budale,sfrj,pop,8,0.461
174480937759,Plavi orkestar,Mladene,sfrj,pop,2,0.354
f409c660de0c,Plavi orkestar,Ne brini mama,sfrj,pop,2,0.255
3220819d5bdc,Plavi orkestar,Ne mogu ti ništa osim srca dati,sfrj,pop,3,0.516
c533ecbb822c,Plavi orkestar,Nisam je probudio,sfrj,pop,0,0.48
e7d2429ebe3c,Plavi orkestar,Od rođendana pa do rođendana,sfrj,pop,0,0.324
7d0bc10a3a7d,Plavi orkestar,Odlazi nam raja,sfrj,pop,7,0.763
c83fabb7ea52,Plavi orkestar,Odlazim,sfrj,pop,8,0.504
2739ec08408d,Plavi orkestar,Oka tvoja dva,sfrj,pop,8,0.489
eb0b7493c331,Plavi orkestar,Parajlija,sfrj,pop,0,0.562
cbfac8f97b3e,Plavi orkestar,Samo ponekad na tvoj rođendan,sfrj,pop,3,0.368
505f1308eab1,Plavi orkestar,Sava tiho teče,sfrj,pop,0,0.813
b70feb1bab1e,Plavi orkestar,"Seks, keks & rock ‘n’ roll",sfrj,pop,4,0.449
02c303059492,Plavi orkestar,Soldatski bal,sfrj,pop,9,0.638
84a93c4884d7,Plavi orkestar,Suada,sfrj,pop,0,0.538
f6afd95e97e8,Plavi orkestar,Tako male stvari,sfrj,pop,0,0.393
cd3ed57a49d2,Plavi orkestar,Ti misliš da je meni lako (duet Dragana Mirković),sfrj,pop,8,0.345
dda3bbf1726e,Plavi orkestar,To je šok,sfrj,pop,5,0.373
912a9087ff09,Plavi orkestar,"Ustani, voljena sejo",sfrj,pop,8,0.378
16a1cf754391,Plavi orkestar,Valcer,sfrj,pop,0,0.393
a48c67305651,Plavi orkestar,Zelene su bile oči te,sfrj,pop,0,0.437
21546f68af3c,Regina,Gdje si sada ti,sfrj,pop,5,0.303
283ed775ab09,Regina,Kad zatvorim oči,sfrj,pop,0,0.58
2f13abd7a8a2,Regina,Ljubav nije za nas,sfrj,pop,0,0.671
112cbe3bed03,Regina,Minijatura,sfrj,pop,7,0.351
767daef55c7c,Regina,Na jedan dan,sfrj,pop,3,0.362
a82d4260190c,Regina,Ne pitaj me,sfrj,pop,0,0.464
e4c33f6be536,Regina,Nikada,sfrj,pop,0,0.453
e8ff9ba231b1,Regina,Proti vetru,sfrj,pop,0,0.552
c3f67d677c16,Regina,Ružo moja,sfrj,pop,0,0.481
c433eb932ba2,Regina,Samo jednom kada noć,sfrj,pop,3,0.376
7aabdf09e120,Halid Muslimović,"Ako, ako",sfrj,narodna_narodnjacka,2,0.281
9888108cb904,Halid Muslimović,Amela,sfrj,narodna_narodnjacka,1,0.452
df3f08502c8e,Halid Muslimović,Anita,sfrj,narodna_narodnjacka,0,0.389
3c4d70cba9e4,Halid Muslimović,"Bolan sam ti, majko",sfrj,narodna_narodnjacka,8,0.217
a7d4e1eee487,Halid Muslimović,Bole stare rane (duet Ella B),sfrj,narodna_narodnjacka,0,0.458
e35d435a8fa0,Halid Muslimović,Bolje svatovi,sfrj,narodna_narodnjacka,3,0.435
45170b5ca2aa,Halid Muslimović,Čaša tuge,sfrj,narodna_narodnjacka,7,0.583
f7c3c27e9ee6,Halid Muslimović,Častio bih sve jarane,sfrj,narodna_narodnjacka,0,0.667
544d76f085bd,Halid Muslimović,Čerga i Ciganka,sfrj,narodna_narodnjacka,8,0.541
f58b6d1f4258,Halid Muslimović,Čuvaj prvu ljubav,sfrj,narodna_narodnjacka,0,0.645
a433499f88f5,Halid Muslimović,Da mi nije ovog svijeta,sfrj,narodna_narodnjacka,0,0.533
db0f52f1f8df,Halid Muslimović,"Da, da, da",sfrj,narodna_narodnjacka,0,0.391
6681111ee555,Halid Muslimović,Do bola,sfrj,narodna_narodnjacka,3,0.528
a693bada174c,Halid Muslimović,"Dođi, srećo moja",sfrj,narodna_narodnjacka,6,0.363
62852a2aa839,Halid Muslimović,Drugom na grudima,sfrj,narodna_narodnjacka,1,0.277
0450d8b52f59,Halid Muslimović,Džulijeta,sfrj,narodna_narodnjacka,6,0.765
ffe7b47d4884,Halid Muslimović,"Eh, kako smo se ljubili",sfrj,narodna_narodnjacka,8,0.381
5911e3d5b5d2,Halid Muslimović,"Gdje si sada, da me vidiš",sfrj,narodna_narodnjacka,2,0.58
83ccfb55c97b,Halid Muslimović,"Gdje si sada, lijepa ženo",sfrj,narodna_narodnjacka,1,0.306
e798774f0f3b,Halid Muslimović,"Halo, dušo, kako si",sfrj,narodna_narodnjacka,1,0.474
9e80fa3e58b4,Halid Muslimović,"Hej, jarani",sfrj,narodna_narodnjacka,0,0.341
44b80e3f1de5,Halid Muslimović,"Hej, kafano, neću više",sfrj,narodna_narodnjacka,7,0.2
5cd9c9435d5b,Halid Muslimović,"Hej, ljubavi u dalekom gradu",sfrj,narodna_narodnjacka,3,0.388
040055184e38,Halid Muslimović,Hoću s tobom da se viđam,sfrj,narodna_narodnjacka,0,0.325
78b4f8bf6173,Halid Muslimović,I muškarac plakat’ može,sfrj,narodna_narodnjacka,8,0.463
9f70e57a538a,Halid Muslimović,"Idemo kući, moj brate (duet Armin Šaković)",sfrj,narodna_narodnjacka,8,0.532
7de6f968ea40,Halid Muslimović,"Idi druže, laku noć",sfrj,narodna_narodnjacka,8,0.395
17d554ef5168,Halid Muslimović,"Idi, moram da ti kažem",sfrj,narodna_narodnjacka,7,0.393
64ffbc42ad48,Halid Muslimović,Idite i zovite je,sfrj,narodna_narodnjacka,4,0.334
f860c2f23a0b,Halid Muslimović,Imaš neku tajnu vezu,sfrj,narodna_narodnjacka,8,0.279
c7d20cd4f90c,Halid Muslimović,Jarani,sfrj,narodna_narodnjacka,0,0.257
8612329e0b17,Halid Muslimović,Jasmina,sfrj,narodna_narodnjacka,8,0.614
fc79f19a41d3,Halid Muslimović,Još ovu noć,sfrj,narodna_narodnjacka,3,0.357
0fe663385274,Halid Muslimović,"Kako živiš, sestro",sfrj,narodna_narodnjacka,0,0.284
4f48e938b129,Halid Muslimović,Kćeri moja,sfrj,narodna_narodnjacka,3,0.28
98f78c5dc367,Halid Muslimović,Ključ srca moga,sfrj,narodna_narodnjacka,0,0.228
7b0f51398f1c,Halid Muslimović,Ko li spava pokraj tebe,sfrj,narodna_narodnjacka,8,0.333
baa40c7fba30,Halid Muslimović,Kradljivica srca,sfrj,narodna_narodnjacka,1,0.241
194bb03fa4dd,Halid Muslimović,Kunem se,sfrj,narodna_narodnjacka,5,0.434
4880b9bba86e,Halid Muslimović,"Kunem ti se, Jano",sfrj,narodna_narodnjacka,0,0.393
9a877cf9dfc4,Halid Muslimović,Lažeš sebe,sfrj,narodna_narodnjacka,7,0.442
ec71d666c47e,Halid Muslimović,Lijte suze bola,sfrj,narodna_narodnjacka,1,0.388
5a882783f60e,Halid Muslimović,Ljubavna afera,sfrj,narodna_narodnjacka,0,0.498
47aa80f811fe,Halid Muslimović,Ljube mi se usne tvoje,sfrj,narodna_narodnjacka,6,0.403
3d75957bde8b,Halid Muslimović,Loša navika,sfrj,narodna_narodnjacka,6,0.395
9e75645e80fe,Halid Muslimović,"Majko, pomozi mi",sfrj,narodna_narodnjacka,1,0.55
84ccc71b6afa,Halid Muslimović,Maksuz selam,sfrj,narodna_narodnjacka,4,0.382
770a0f0f7dba,Halid Muslimović,Mala misli da sam lud,sfrj,narodna_narodnjacka,9,0.342
3bedadc37a9b,Halid Muslimović,Mala sa Dunava,sfrj,narodna_narodnjacka,6,0.338
82ef15f5f1e2,Halid Muslimović,Malo sam se zaljubio,sfrj,narodna_narodnjacka,6,0.357
881502bf71eb,Halid Muslimović,Mama ne da da te diram,sfrj,narodna_narodnjacka,1,0.548
ccb507c023d5,Halid Muslimović,Maska anđela,sfrj,narodna_narodnjacka,8,0.356
0c8d9d5b974a,Halid Muslimović,Mene je učilo vrijeme,sfrj,narodna_narodnjacka,3,0.544
be267770290d,Halid Muslimović,Metak ljubavi,sfrj,narodna_narodnjacka,0,0.422
c82308f31dc0,Halid Muslimović,Milena,sfrj,narodna_narodnjacka,3,0.582
eac7fe106376,Halid Muslimović,Mladost više doći neće,sfrj,narodna_narodnjacka,1,0.375
2387189f8544,Halid Muslimović,Moj brate (duet Zorica Brunclik),sfrj,narodna_narodnjacka,8,0.448
42016cc41972,Halid Muslimović,Moj Prijedore,sfrj,narodna_narodnjacka,0,0.566
78924de74ce8,Halid Muslimović,"Moj živote, ljubavi i tugo",sfrj,narodna_narodnjacka,0,0.412
0e08deb67681,Halid Muslimović,Ne dozvoli,sfrj,narodna_narodnjacka,8,0.673
db1fec8d54ba,Halid Muslimović,"Ne mogu više, idem spavati",sfrj,narodna_narodnjacka,7,0.364
2a950f9f1d27,Halid Muslimović,Ne možemo dalje,sfrj,narodna_narodnjacka,8,0.609
9570004a8b7a,Halid Muslimović,Ne plači,sfrj,narodna_narodnjacka,0,0.425
bf8bf7a3f58f,Halid Muslimović,Ne stavljaj so na ranu,sfrj,narodna_narodnjacka,3,0.635
9b2568d191c7,Halid Muslimović,Ne traži da praštam,sfrj,narodna_narodnjacka,8,0.426
6c6d220380c5,Halid Muslimović,Ne tražite,sfrj,narodna_narodnjacka,8,0.634
d7f0b743e0b4,Halid Muslimović,Ne troši suze na mene,sfrj,narodna_narodnjacka,8,0.55
3317f8649b3b,Halid Muslimović,Ne vraćaj mi prsten,sfrj,narodna_narodnjacka,0,0.785
464e3b1927f8,Halid Muslimović,"Ne žali je, druže",sfrj,narodna_narodnjacka,8,0.491
b03571d2d282,Halid Muslimović,"Ne, ne idi drugom",sfrj,narodna_narodnjacka,9,0.537
69a06369ba10,Halid Muslimović,Nekad si moj saputnik bila,sfrj,narodna_narodnjacka,0,0.45
a856e254e3f9,Halid Muslimović,Nema pravde,sfrj,narodna_narodnjacka,5,0.479
1ec52f580b93,Halid Muslimović,Nemoj me tražiti,sfrj,narodna_narodnjacka,5,0.469
536a41aea14c,Halid Muslimović,"Nemoj tako, hej sviraču",sfrj,narodna_narodnjacka,8,0.456
d392c84f5ccd,Halid Muslimović,Nemojte je drugom dati,sfrj,narodna_narodnjacka,8,0.472
be8d7680b5a9,Halid Muslimović,Nepoznati druže moj,sfrj,narodna_narodnjacka,1,0.366
1d4dc8e78cd8,Halid Muslimović,Nestala si kao dim,sfrj,narodna_narodnjacka,5,0.365
87762332e4e0,Halid Muslimović,Nešto me za tebe veže,sfrj,narodna_narodnjacka,9,0.478
b1e2366d9a07,Halid Muslimović,"Nevjero, moja nevjero",sfrj,narodna_narodnjacka,5,0.324
354b225f0751,Halid Muslimović,"Nije mene, dušo, ubilo",sfrj,narodna_narodnjacka,8,0.629
19ecc575b48a,Halid Muslimović,Nisam bezobrazan,sfrj,narodna_narodnjacka,1,0.643
7ddff2d0aafb,Halid Muslimović,Nisi više jaran moj,sfrj,narodna_narodnjacka,1,0.406
e1f21432c9fd,Halid Muslimović,Nisi znala da te volim,sfrj,narodna_narodnjacka,8,0.459
b827a957ace7,Halid Muslimović,Ništa od nas biti neće,sfrj,narodna_narodnjacka,3,0.48
125b0a2c0d13,Halid Muslimović,Noć sa tobom,sfrj,narodna_narodnjacka,0,0.722
05ccaad21d19,Halid Muslimović,Noćas točim svoju mladost,sfrj,narodna_narodnjacka,8,0.406
1ef21f7e752a,Halid Muslimović,"O, Ciganko moja",sfrj,narodna_narodnjacka,8,0.391
1b0dec433681,Halid Muslimović,Oboje smo ostavljeni,sfrj,narodna_narodnjacka,0,0.398
43061811589c,Halid Muslimović,Od rakije nema bolje žene,sfrj,narodna_narodnjacka,3,0.535
f0dd52a92d88,Halid Muslimović,"Oj, jarane, jarane",sfrj,narodna_narodnjacka,1,0.376
38ebb139ce9a,Halid Muslimović,Oluja se sprema (duet Amela Zuković),sfrj,narodna_narodnjacka,0,0.616
9004cdde8256,Halid Muslimović,Ona zna,sfrj,narodna_narodnjacka,8,0.415
93f003b72b96,Halid Muslimović,"Ona, prijatelju",sfrj,narodna_narodnjacka,8,0.421
8ec992832d98,Halid Muslimović,Opsesija,sfrj,narodna_narodnjacka,0,0.306
533dfec6f1a8,Halid Muslimović,Ostala si sama,sfrj,narodna_narodnjacka,0,0.401
678de27726a1,Halid Muslimović,Pamtit ćemo ovaj grad,sfrj,narodna_narodnjacka,0,0.291
bd50450dbeeb,Halid Muslimović,Pas bez lanca,sfrj,narodna_narodnjacka,8,0.288
c37ef7ac0b9c,Halid Muslimović,"Piši, piši, jarane",sfrj,narodna_narodnjacka,0,0.447
de8da14aa5e0,Halid Muslimović,Pitala me kako mi je,sfrj,narodna_narodnjacka,7,0.436
7835701f5fa3,Halid Muslimović,Pjesma prijatelju,sfrj,narodna_narodnjacka,0,0.513
ab8b009c4b24,Halid Muslimović,Pjesma za fajront,sfrj,narodna_narodnjacka,0,0.409
411680f12940,Halid Muslimović,"Plakao bih, plakao",sfrj,narodna_narodnjacka,1,0.371
96d7b5ea6c81,Halid Muslimović,Pomozi kukavici,sfrj,narodna_narodnjacka,0,0.399
60912ffc5626,Halid Muslimović,Ponos ne da da te molim,sfrj,narodna_narodnjacka,0,0.331
299b14892e1a,Halid Muslimović,Pozdravi mi jarane,sfrj,narodna_narodnjacka,0,0.258
17464d79618a,Halid Muslimović,Poželjet ćeš opet mene,sfrj,narodna_narodnjacka,7,0.334
f34a78444f25,Halid Muslimović,Prijedorčanka,sfrj,narodna_narodnjacka,0,0.457
d9730d930c96,Halid Muslimović,Prođoh tada pored tebe,sfrj,narodna_narodnjacka,0,0.361
0a28250a823f,Halid Muslimović,Prokleti grad,sfrj,narodna_narodnjacka,5,0.26
bbd1ee9076dc,Halid Muslimović,Prsten moje majke,sfrj,narodna_narodnjacka,0,0.545
a141fe42fa83,Halid Muslimović,Prva ljubav,sfrj,narodna_narodnjacka,8,0.422
c98a6a5933f4,Halid Muslimović,"Putuj, putuj, srećo moja",sfrj,narodna_narodnjacka,8,0.455
01bc9b18977e,Halid Muslimović,Rado bih opet sa tobom,sfrj,narodna_narodnjacka,8,0.458
feee5ab84aa1,Halid Muslimović,Rastaju se zaljubljeni,sfrj,narodna_narodnjacka,8,0.45
0ce5ba89827d,Halid Muslimović,Reci mi,sfrj,narodna_narodnjacka,0,0.565
fee67970f4ee,Halid Muslimović,"Reci, srećo",sfrj,narodna_narodnjacka,0,0.268
54f3fdec8eff,Halid Muslimović,Romana,sfrj,narodna_narodnjacka,1,0.307
49d9e3644d8e,Halid Muslimović,Rosna livada,sfrj,narodna_narodnjacka,0,0.528
3a2996bad6e4,Halid Muslimović,Sad mi vino dušu grije,sfrj,narodna_narodnjacka,0,0.533
d96e90e39a21,Halid Muslimović,Samo ti možeš slomiti mi srce,sfrj,narodna_narodnjacka,1,0.419
e17e2c9906f1,Halid Muslimović,Šank,sfrj,narodna_narodnjacka,1,0.515
099d4d8fcc32,Halid Muslimović,Sijeda kosa počela je,sfrj,narodna_narodnjacka,0,0.385
09309f5ccdbf,Halid Muslimović,Slomljena srca,sfrj,narodna_narodnjacka,0,0.412
6eb61a034740,Halid Muslimović,"Slušaj, majko, moju pjesmu",sfrj,narodna_narodnjacka,1,0.335
b16b3f2ad29d,Halid Muslimović,Srce ludo još je voli,sfrj,narodna_narodnjacka,8,0.543
78b15fc1b324,Halid Muslimović,Srno malena,sfrj,narodna_narodnjacka,8,0.509
5350c30f185a,Halid Muslimović,Šta ćeš mi sad,sfrj,narodna_narodnjacka,8,0.419
96a4e1a8d0a7,Halid Muslimović,"Šta uradi, druže",sfrj,narodna_narodnjacka,3,0.352
5fffdf88f0f3,Halid Muslimović,"Stani malo, hej ljepoto",sfrj,narodna_narodnjacka,1,0.37
c639bef77413,Halid Muslimović,Što si sinu dala moje ime,sfrj,narodna_narodnjacka,0,0.393
914c5e1b573a,Halid Muslimović,"Stoj, jarane",sfrj,narodna_narodnjacka,1,0.317
cf33d02d6c89,Halid Muslimović,Stranac u svom gradu,sfrj,narodna_narodnjacka,7,0.5
8a376fb64d05,Halid Muslimović,Suđeno nam nije,sfrj,narodna_narodnjacka,8,0.456
abd0bbcb1a11,Halid Muslimović,Suzana,sfrj,narodna_narodnjacka,0,0.303
e9618366cdc6,Halid Muslimović,Svako ko nema ljubavi,sfrj,narodna_narodnjacka,7,0.622
eb5c788fdb30,Halid Muslimović,Sve je ovo prokleto,sfrj,narodna_narodnjacka,1,0.474
b3df7302a913,Halid Muslimović,Sve me tebi vraća,sfrj,narodna_narodnjacka,0,0.785
5a45b7ead442,Halid Muslimović,Sve te žene,sfrj,narodna_narodnjacka,8,0.577
c74d82ef5fe2,Halid Muslimović,"Svirajte mi đelem, đelem",sfrj,narodna_narodnjacka,8,0.414
a6095a04d473,Halid Muslimović,Takav sam ja,sfrj,narodna_narodnjacka,6,0.441
6f104f4bc433,Halid Muslimović,Ti i ja,sfrj,narodna_narodnjacka,0,0.434
62e5b87512e8,Halid Muslimović,Ti si moja djevojka,sfrj,narodna_narodnjacka,8,0.411
099468f9e49d,Halid Muslimović,Ti si vino koje pijem,sfrj,narodna_narodnjacka,3,0.348
0012ad1344a1,Halid Muslimović,"To nisi ti, to nisam ja",sfrj,narodna_narodnjacka,8,0.215
ba84bdacbdf5,Halid Muslimović,Tražila si sve,sfrj,narodna_narodnjacka,0,0.41
738c6953e563,Halid Muslimović,Tuđino,sfrj,narodna_narodnjacka,1,0.423
9a1c727de41e,Halid Muslimović,Tvoje ime kao vino,sfrj,narodna_narodnjacka,0,0.437
0f6340141e05,Halid Muslimović,U ovom malenom gradu,sfrj,narodna_narodnjacka,8,0.248
1849d159dd63,Halid Muslimović,Učini bar jedan pogrešan korak,sfrj,narodna_narodnjacka,0,0.326
ffd05ee2a17f,Halid Muslimović,Vjeruj meni (duet Adelisa),sfrj,narodna_narodnjacka,8,0.331
f0df30224e90,Halid Muslimović,Volimo te ja i moja mama,sfrj,narodna_narodnjacka,0,0.273
56e1e5afe548,Halid Muslimović,Volio sam te,sfrj,narodna_narodnjacka,8,0.504
a0422b1e9356,Halid Muslimović,Voz bez granica,sfrj,narodna_narodnjacka,1,0.337
fd1372689d79,Halid Muslimović,Vrati se dok mladosti ima,sfrj,narodna_narodnjacka,0,0.442
eb29d7040b35,Halid Muslimović,"Vrati se, sunce moje",sfrj,narodna_narodnjacka,8,0.439
ae7d086817a9,Halid Muslimović,Za moju tugu nosača nema,sfrj,narodna_narodnjacka,0,0.538
ccc36edce76b,Halid Muslimović,Zagrli me i radosna budi,sfrj,narodna_narodnjacka,0,0.503
732bd6da6b45,Halid Muslimović,"Zapjevaj mi, brate",sfrj,narodna_narodnjacka,0,0.344
55d8f5314937,Halid Muslimović,Zaplakala Bosna,sfrj,narodna_narodnjacka,0,0.522
3598a44946f5,Halid Muslimović,Zašto sam ostao sam,sfrj,narodna_narodnjacka,3,0.667
7a51e8064917,Halid Muslimović,"Zbogom ostaj, malena",sfrj,narodna_narodnjacka,0,0.432
6bcb004eb907,Halid Muslimović,Želim da te zaboravim,sfrj,narodna_narodnjacka,0,0.41
56937e1a5733,Halid Muslimović,Želiš me,sfrj,narodna_narodnjacka,0,0.419
3f41659b461c,Halid Muslimović,Želiš mi sreću,sfrj,narodna_narodnjacka,1,0.632
d22bedc2f278,Halid Muslimović,Želja si mi samo ti,sfrj,narodna_narodnjacka,0,0.402
91336ef80a0b,Halid Muslimović,"Znam, ne mogu biti tvoj",sfrj,narodna_narodnjacka,3,0.43
80de17ff3b49,Halid Muslimović,"Znam, za sve sam kriv",sfrj,narodna_narodnjacka,9,0.485
6528bda7a37f,Šemsa Suljaković,Što me pitaš,sfrj,narodna_narodnjacka,7,0.438
6b4515d7369b,Dragan Kojić Keba,A bila si zaljubljena,tranzicija,turbo_folk,3,0.491
3f3dbf6276e3,Dragan Kojić Keba,Ako te sutra pitaju,tranzicija,turbo_folk,0,0.26
12e6ef933fc7,Dragan Kojić Keba,Bensedini,tranzicija,turbo_folk,0,0.312
8254eb464fbd,Dragan Kojić Keba,Bog mi je svedok,tranzicija,turbo_folk,8,0.577
659d6412b9b3,Dragan Kojić Keba,Bogovi ljubavi (duet Gorica Ilić),tranzicija,turbo_folk,1,0.757
e7a232985057,Dragan Kojić Keba,"Bolestan sam, dušo",tranzicija,turbo_folk,8,0.511
af5fa6c30dc4,Dragan Kojić Keba,Boli me,tranzicija,turbo_folk,3,0.373
14338ec61235,Dragan Kojić Keba,Bre gidi džanum,tranzicija,turbo_folk,1,0.663
c875c5d65496,Dragan Kojić Keba,Četiri suze,tranzicija,turbo_folk,0,0.38
5ebeabc4da38,Dragan Kojić Keba,Crno vino,tranzicija,turbo_folk,1,0.327
9c3d02e4c5ab,Dragan Kojić Keba,Cvećar,tranzicija,turbo_folk,0,0.386
749abee27177,Dragan Kojić Keba,Cveta trešnja,tranzicija,turbo_folk,0,0.368
54e406638fa9,Dragan Kojić Keba,Dođi da se pozdravimo,tranzicija,turbo_folk,0,0.354
9e1a9950b01e,Dragan Kojić Keba,"Dođi, srce da ozdravi",tranzicija,turbo_folk,0,0.644
1ebb1ea9d014,Dragan Kojić Keba,Dok Loznica mirno spava,tranzicija,turbo_folk,0,0.462
3ba9ac8319b9,Dragan Kojić Keba,Dve litre vina (duet Sinan Sakić),tranzicija,turbo_folk,0,0.333
dc2ecd109516,Dragan Kojić Keba,"Ej, sudbino",tranzicija,turbo_folk,8,0.527
723161dad830,Dragan Kojić Keba,"Idem, idem dušo moja",tranzicija,turbo_folk,0,0.378
290f07b251ee,Dragan Kojić Keba,Ikona,tranzicija,turbo_folk,6,0.386
eedd22b387ec,Dragan Kojić Keba,Imao sam,tranzicija,turbo_folk,4,0.398
7b36c6f90df7,Dragan Kojić Keba,Isti san (duet Esma Redžepova),tranzicija,turbo_folk,0,0.255
8c6faba02302,Dragan Kojić Keba,Ja dalje putujem sam,tranzicija,turbo_folk,8,0.283
5fb61344cd5b,Dragan Kojić Keba,Jasmina,tranzicija,turbo_folk,0,0.313
c6359a455398,Dragan Kojić Keba,Jedan dan života,tranzicija,turbo_folk,0,0.459
5ac6f143534c,Dragan Kojić Keba,Jednom u životu,tranzicija,turbo_folk,0,0.516
b8c926836d05,Dragan Kojić Keba,Još te sanjam,tranzicija,turbo_folk,8,0.331
8d86bae679e3,Dragan Kojić Keba,Juče je moglo biti sve,tranzicija,turbo_folk,1,0.292
1fd9ccd70f31,Dragan Kojić Keba,Ko te ima taj te nema,tranzicija,turbo_folk,7,0.328
96ac9918a95b,Dragan Kojić Keba,Količina,tranzicija,turbo_folk,0,0.437
f8caee2fddc4,Dragan Kojić Keba,Kosa,tranzicija,turbo_folk,6,0.328
7819c29a6986,Dragan Kojić Keba,Košulja plava,tranzicija,turbo_folk,0,0.269
a04f113d13e0,Dragan Kojić Keba,Kukavica,tranzicija,turbo_folk,0,0.368
00326ab26147,Dragan Kojić Keba,Lagala si,tranzicija,turbo_folk,8,0.482
7a9c61c761e4,Dragan Kojić Keba,Lako je umreti,tranzicija,turbo_folk,8,0.524
ec5156175f36,Dragan Kojić Keba,Lice,tranzicija,turbo_folk,3,0.435
ffc8244dc69a,Dragan Kojić Keba,Lili,tranzicija,turbo_folk,0,0.52
f4e06367b51f,Dragan Kojić Keba,Ljiljana,tranzicija,turbo_folk,8,0.605
765781b78661,Dragan Kojić Keba,Ložač ugljena,tranzicija,turbo_folk,6,0.281
64b7acadf2d1,Dragan Kojić Keba,Majko,tranzicija,turbo_folk,5,0.532
89db5319722f,Dragan Kojić Keba,Mani me se,tranzicija,turbo_folk,2,0.278
b6939608f8d7,Dragan Kojić Keba,Mara,tranzicija,turbo_folk,8,0.329
403bdb1a5167,Dragan Kojić Keba,Marina,tranzicija,turbo_folk,0,0.698
6d31d2c01a2d,Dragan Kojić Keba,Medeni kolači,tranzicija,turbo_folk,8,0.493
757425defcb8,Dragan Kojić Keba,Mesečina,tranzicija,turbo_folk,8,0.507
25c1d9c3b7c5,Dragan Kojić Keba,Moj brate,tranzicija,turbo_folk,3,0.767
1766ebc20072,Dragan Kojić Keba,Moj Dragane,tranzicija,turbo_folk,4,0.484
006e273c4a49,Dragan Kojić Keba,Moj život,tranzicija,turbo_folk,8,0.333
c16d48c873d1,Dragan Kojić Keba,Najlepša si uspomena,tranzicija,turbo_folk,0,0.394
f61478c52758,Dragan Kojić Keba,Ne dirajte uspomene te,tranzicija,turbo_folk,0,0.644
eb93d3d78214,Dragan Kojić Keba,Ne kradi mi godine,tranzicija,turbo_folk,1,0.351
2fb1baaed112,Dragan Kojić Keba,Ne mogu da dočekam,tranzicija,turbo_folk,0,0.706
9231812c0c28,Dragan Kojić Keba,Ne mogu da te ne volim,tranzicija,turbo_folk,3,0.39
947df5f0857f,Dragan Kojić Keba,"Ne varaj me, ženo, ti",tranzicija,turbo_folk,8,0.391
3165539d6d6e,Dragan Kojić Keba,Ne zovite doktore,tranzicija,turbo_folk,0,0.372
12380fa0dbad,Dragan Kojić Keba,Neka ide dođavola,tranzicija,turbo_folk,8,0.743
75e40abcbdd8,Dragan Kojić Keba,"Nemam drage, nemam druga",tranzicija,turbo_folk,8,0.491
6fc5c91bd244,Dragan Kojić Keba,Nemoj ništa pričati (duet Ana Bekuta),tranzicija,turbo_folk,1,0.491
223ebe61383a,Dragan Kojić Keba,Nevera,tranzicija,turbo_folk,0,0.443
09aea8aa9c0c,Dragan Kojić Keba,Nevidljiva suza,tranzicija,turbo_folk,9,0.728
1e700aac9334,Dragan Kojić Keba,Nije meni žao mene,tranzicija,turbo_folk,8,0.357
d23af34722b9,Dragan Kojić Keba,"Oj, livado",tranzicija,turbo_folk,0,0.361
80eca7a8f5b9,Dragan Kojić Keba,Ostavi me,tranzicija,turbo_folk,5,0.305
d8d1cbe49886,Dragan Kojić Keba,Ovo srce,tranzicija,turbo_folk,7,0.346
ba7638651a7e,Dragan Kojić Keba,"Plače mi se, ali ne smem",tranzicija,turbo_folk,8,0.401
6e6ecf5748d7,Dragan Kojić Keba,Plavo oko plakalo je,tranzicija,turbo_folk,3,0.407
4d2ffa0616e7,Dragan Kojić Keba,Po svetu lutaću sam,tranzicija,turbo_folk,1,0.281
ca03f7b5dc37,Dragan Kojić Keba,Postao sam drug samoće,tranzicija,turbo_folk,8,0.522
eff355d1ce78,Dragan Kojić Keba,Predosećam,tranzicija,turbo_folk,9,0.458
7aa5fe54e6e7,Dragan Kojić Keba,Procvetala lipa stara,tranzicija,turbo_folk,6,0.4
74f1b7d31767,Dragan Kojić Keba,Sanjam,tranzicija,turbo_folk,3,0.337
e9597cd37db7,Dragan Kojić Keba,Sedam dana,tranzicija,turbo_folk,8,0.613
00f564b5ed6f,Dragan Kojić Keba,Sena,tranzicija,turbo_folk,5,0.452
cc03312c1d14,Dragan Kojić Keba,Srce piše suzama,tranzicija,turbo_folk,0,0.529
c642a7dee36c,Dragan Kojić Keba,Stranca dva,tranzicija,turbo_folk,7,0.282
d4a34e1d680e,Dragan Kojić Keba,Svako svojim putem,tranzicija,turbo_folk,0,0.448
5908daabae4a,Dragan Kojić Keba,Sve ću tuge poneti sa sobom,tranzicija,turbo_folk,8,0.595
c285c7fb2acc,Dragan Kojić Keba,Sve ljubavi nove,tranzicija,turbo_folk,6,0.304
c42250264559,Dragan Kojić Keba,Sve na pesmu i veselje,tranzicija,turbo_folk,8,0.481
9d8364ebb8c6,Dragan Kojić Keba,Sve si rane izlečila,tranzicija,turbo_folk,0,0.322
b1a93dbf1bab,Dragan Kojić Keba,Sve što duže živim,tranzicija,turbo_folk,0,0.579
95df2755c96a,Dragan Kojić Keba,Ti hodaš sa njom,tranzicija,turbo_folk,0,0.232
4247f850c1a2,Dragan Kojić Keba,Ti si uvek tu,tranzicija,turbo_folk,7,0.322
08580e4aec76,Dragan Kojić Keba,Tiho noćas,tranzicija,turbo_folk,0,0.569
330089b23679,Dragan Kojić Keba,Treba vremena (duet Ana Bekuta),tranzicija,turbo_folk,0,0.414
07529b5e3113,Dragan Kojić Keba,Tuđi život,tranzicija,turbo_folk,1,0.41
9c1cb7bca1f7,Dragan Kojić Keba,"Tugo, moja tugo",tranzicija,turbo_folk,8,0.548
1cdd87b6299d,Dragan Kojić Keba,U snu ljubim medna usta (duet Ceca),tranzicija,turbo_folk,0,0.798
5595b83b97c3,Dragan Kojić Keba,Za tvoju ljubav,tranzicija,turbo_folk,8,0.537
3eba9684b450,Dragan Kojić Keba,Žal za usnama,tranzicija,turbo_folk,0,0.748
1a3bb9b87719,Dragan Kojić Keba,Zapaliću pola grada,tranzicija,turbo_folk,2,0.35
f2bd46a1193d,Dragan Kojić Keba,Zar da živim bez tebe (duet Jovana Tipšin),tranzicija,turbo_folk,1,0.361
1460a3d27455,Dragan Kojić Keba,Zašto se rastajemo mi,tranzicija,turbo_folk,1,0.561
3bf1c2be6eb1,Dragan Kojić Keba,Zbog tebe,tranzicija,turbo_folk,8,0.535
51da4a4ce276,Aca Lukas,A kada odem,tranzicija,turbo_folk,8,0.294
fa36ba85f995,Aca Lukas,Ako misliš da sam,tranzicija,turbo_folk,9,0.266
f742eb86ed15,Aca Lukas,Ako su tvoja usta otrov sipala,tranzicija,turbo_folk,6,0.373
fb7e64067b15,Aca Lukas,Amajlija,tranzicija,turbo_folk,7,0.408
fa9f2311cecf,Aca Lukas,Balkan Express,tranzicija,turbo_folk,0,0.49
d6112c5dbdcd,Aca Lukas,Bele ruže,tranzicija,turbo_folk,8,0.531
afc5c9b0796d,Aca Lukas,Bila si odlična,tranzicija,turbo_folk,7,0.354
5b3f80e48750,Aca Lukas,Blamiraš me,tranzicija,turbo_folk,0,0.536
61c355010dfa,Aca Lukas,Burbon,tranzicija,turbo_folk,7,0.453
127053ae91f2,Aca Lukas,By pass,tranzicija,turbo_folk,1,0.188
ac7c35df0fba,Aca Lukas,Čivas,tranzicija,turbo_folk,8,0.283
3810b5991972,Aca Lukas,Coma,tranzicija,turbo_folk,7,0.428
e831ce5184c7,Aca Lukas,Crni sneg (with Ceca),tranzicija,turbo_folk,9,0.275
ca3452ff9001,Aca Lukas,Čudna žena beše Vera,tranzicija,turbo_folk,0,0.649
2d946f696ec0,Aca Lukas,Da mi je bolja sudbina,tranzicija,turbo_folk,3,0.357
70368e85fe22,Aca Lukas,Da podnesem bol,tranzicija,turbo_folk,8,0.36
1114a6e5fa65,Aca Lukas,Deset ruku,tranzicija,turbo_folk,3,0.457
d5bc20bc0d0f,Aca Lukas,Digla si mi cenu,tranzicija,turbo_folk,3,0.253
1851b82c5780,Aca Lukas,Dijabolik,tranzicija,turbo_folk,2,0.331
3a14fe2ae9d3,Aca Lukas,Dobro jutro noći,tranzicija,turbo_folk,1,0.267
fb914e814e3b,Aca Lukas,Dođi gore,tranzicija,turbo_folk,0,0.263
c9b6034735be,Aca Lukas,Gotovo,tranzicija,turbo_folk,6,0.459
24d030b72c7d,Aca Lukas,Hiljadu puta,tranzicija,turbo_folk,8,0.276
b6d3a384a2ae,Aca Lukas,Imate li dušu tamburaši,tranzicija,turbo_folk,0,0.303
5d30f486f0cf,Aca Lukas,Ista kao ja,tranzicija,turbo_folk,8,0.482
700ea15235e3,Aca Lukas,Istina je da te lažem,tranzicija,turbo_folk,7,0.392
257e398de861,Aca Lukas,Iza tvojih koraka,tranzicija,turbo_folk,8,0.467
515abbf11c9e,Aca Lukas,Ja i ti,tranzicija,turbo_folk,8,0.439
a6d5afa7ac2d,Aca Lukas,Ja ne mogu bez tebe,tranzicija,turbo_folk,6,0.455
21153f768381,Aca Lukas,Ja ovaj život imam,tranzicija,turbo_folk,8,0.665
2776056ed278,Aca Lukas,Ja živim sam,tranzicija,turbo_folk,7,0.478
5ae342c6e08e,Aca Lukas,Jagnje moje,tranzicija,turbo_folk,1,0.338
53ac9b63cdfb,Aca Lukas,Jelena,tranzicija,turbo_folk,0,0.34
b616f884fb44,Aca Lukas,Još pomišljam na najgore,tranzicija,turbo_folk,7,0.405
22e0621fcbab,Aca Lukas,Kad odu svatovi,tranzicija,turbo_folk,0,0.424
14cc9ecb1d00,Aca Lukas,Kad umrem,tranzicija,turbo_folk,5,0.413
863d095d8809,Aca Lukas,Kafana na balkanu,tranzicija,turbo_folk,8,0.239
d601052cabfc,Aca Lukas,Koma,tranzicija,turbo_folk,7,0.509
dea11c173efa,Aca Lukas,Kuda idu ljudi kao ja,tranzicija,turbo_folk,1,0.37
422d5c2b952f,Aca Lukas,Lešće,tranzicija,turbo_folk,0,0.382
26fe108ec16e,Aca Lukas,Lična karta,tranzicija,turbo_folk,0,0.317
1ef9b187ffb4,Aca Lukas,Lisica,tranzicija,turbo_folk,0,0.687
182239948a6e,Aca Lukas,Luda glava balkanska (duet Marija Šerifović),tranzicija,turbo_folk,0,0.292
ef424951291f,Aca Lukas,Miris tamjana,tranzicija,turbo_folk,8,0.529
83802ae3af78,Aca Lukas,Nažalost,tranzicija,turbo_folk,1,0.266
3a572d07eb68,Aca Lukas,Ne daj da ti ljubav sreću kvari,tranzicija,turbo_folk,0,0.298
7d7e3f843998,Aca Lukas,Ne ljuti se krčmaru,tranzicija,turbo_folk,2,0.385
8a5e566102e6,Aca Lukas,Ne pitaj me,tranzicija,turbo_folk,7,0.242
fc533d438937,Aca Lukas,Ne rađaj grešnike,tranzicija,turbo_folk,6,0.38
be5f0f23a2eb,Aca Lukas,"Ne slušaj, majko",tranzicija,turbo_folk,5,0.365
cd92ee5e3238,Aca Lukas,Neće mama doći,tranzicija,turbo_folk,0,0.334
4be8c86cdf91,Aca Lukas,Neka me po dobru pamte,tranzicija,turbo_folk,0,0.316
cec069821105,Aca Lukas,Nešto protiv bolova,tranzicija,turbo_folk,0,0.329
41c8c219e8f1,Aca Lukas,Nije ti ovo Amerika,tranzicija,turbo_folk,0,0.321
bdaa8c8a04e3,Aca Lukas,"Niko 1, 2 i 3",tranzicija,turbo_folk,8,0.391
42b67be85235,Aca Lukas,Nisam dobar bio,tranzicija,turbo_folk,3,0.367
860548c1d228,Aca Lukas,Nisam preživeo,tranzicija,turbo_folk,0,0.445
8766e3a2cc2d,Aca Lukas,Noćas mi se ne spava,tranzicija,turbo_folk,8,0.32
811e5dd69843,Aca Lukas,Oprosti što te volim,tranzicija,turbo_folk,8,0.462
425b2fee0505,Aca Lukas,Ove noći jedna žena,tranzicija,turbo_folk,0,0.534
00901e278511,Aca Lukas,Pao sam na dno,tranzicija,turbo_folk,8,0.216
e92d413ee1a0,Aca Lukas,Pesma od bola,tranzicija,turbo_folk,0,0.418
0cf12255beb2,Aca Lukas,Pevaj mi o njoj,tranzicija,turbo_folk,0,0.658
185e0372c347,Aca Lukas,Pijanstvo je moje carstvo,tranzicija,turbo_folk,3,0.356
ad6688672a99,Aca Lukas,Počnite bez mene,tranzicija,turbo_folk,0,0.589
f656a44c04b0,Aca Lukas,Ponos i laž,tranzicija,turbo_folk,8,0.433
87145f9bed35,Aca Lukas,Poslednje pijanstvo,tranzicija,turbo_folk,7,0.409
37f5f49b7f96,Aca Lukas,Pustinja,tranzicija,turbo_folk,0,0.473
a88bedd82a8c,Aca Lukas,"Ramo, druže moj",tranzicija,turbo_folk,8,0.341
d6d64762f82a,Aca Lukas,Reci,tranzicija,turbo_folk,3,0.406
e1706b9bb0de,Aca Lukas,Rođendan,tranzicija,turbo_folk,4,0.423
595d255da19d,Aca Lukas,Rospija,tranzicija,turbo_folk,0,0.252
785efe00d5b1,Aca Lukas,Ruže su uvele,tranzicija,turbo_folk,0,0.384
dc8ea2f32db4,Aca Lukas,S ljubavi se skidam,tranzicija,turbo_folk,8,0.257
a0ef8b488f32,Aca Lukas,Samo ona zna,tranzicija,turbo_folk,0,0.316
1f5d27e30676,Aca Lukas,Soba za plakanje,tranzicija,turbo_folk,0,0.624
2fce2af8169a,Aca Lukas,Spavaj Beograde,tranzicija,turbo_folk,7,0.338
03b846e88d55,Aca Lukas,Šta učini crni gavrane,tranzicija,turbo_folk,0,0.299
dd0e02675a89,Aca Lukas,Što si tužan prijatelju (with Džej Ramadanovski),tranzicija,turbo_folk,0,0.42
df62b54e1817,Aca Lukas,Suncokreti,tranzicija,turbo_folk,0,0.401
8715d490c420,Aca Lukas,Sve su žene moje,tranzicija,turbo_folk,3,0.268
239b5e133b4c,Aca Lukas,Ti dobro znaš,tranzicija,turbo_folk,3,0.333
7e7d5b3f4a75,Aca Lukas,Treća čaša,tranzicija,turbo_folk,0,0.361
a9e43ecbf934,Aca Lukas,Tuđa si odavno,tranzicija,turbo_folk,4,0.307
30388e248f0c,Aca Lukas,Udari prva,tranzicija,turbo_folk,0,0.291
ebc18ed6bf51,Aca Lukas,Umri u samoći,tranzicija,turbo_folk,0,0.365
2892a78a6567,Aca Lukas,Upali svetlo,tranzicija,turbo_folk,7,0.203
8cd8c8fbf2fe,Aca Lukas,Usluga za uslugu,tranzicija,turbo_folk,7,0.332
4ca76aac2c1d,Aca Lukas,Voljena,tranzicija,turbo_folk,0,0.318
5135f10c0a6c,Aca Lukas,Vrati nam se druže moj (with Mira Škorić),tranzicija,turbo_folk,0,0.391
9453e90a298b,Aca Lukas,Zagrli me,tranzicija,turbo_folk,0,0.56
69c9ae080506,Aca Lukas,Zapišite mi broj,tranzicija,turbo_folk,0,0.412
c0c13a57f3e4,Aca Lukas,Zemun (duet Mance),tranzicija,turbo_folk,0,0.347
cfd9f768508b,Mitar Mirić,Doberman,tranzicija,narodna_narodnjacka,3,0.406
1955bfc7fc7b,Boban Rajović,011 (duet Ivana Selakov),savremeno,turbo_folk,3,0.328
ef7c729e07d1,Boban Rajović,Aerodrom,savremeno,turbo_folk,0,0.368
19b8c51f3447,Boban Rajović,Alkoholna injekcija,savremeno,turbo_folk,8,0.235
b35a166f5d54,Boban Rajović,Autoput,savremeno,turbo_folk,2,0.358
87788dc9386c,Boban Rajović,Baraba,savremeno,turbo_folk,0,0.304
329475f0c0b5,Boban Rajović,Bata,savremeno,turbo_folk,0,0.626
c27127715de2,Boban Rajović,Bila si moj nemir,savremeno,turbo_folk,3,0.375
82f90e816dcc,Boban Rajović,Bilo bi zabavno,savremeno,turbo_folk,9,0.479
1de4369d7ab3,Boban Rajović,Broj 23,savremeno,turbo_folk,3,0.295
b6c7699bd822,Boban Rajović,Crna lala,savremeno,turbo_folk,0,0.397
435e002453e4,Boban Rajović,"Da li, da li je",savremeno,turbo_folk,0,0.425
fe1ae90da3fa,Boban Rajović,Da pređemo na stvar,savremeno,turbo_folk,0,0.445
f3b350910bcb,Boban Rajović,Dripac,savremeno,turbo_folk,3,0.275
369da682c86c,Boban Rajović,Flaša,savremeno,turbo_folk,7,0.277
5f165b8dfdfa,Boban Rajović,Gromovi (with Dragana Mirković),savremeno,turbo_folk,0,0.564
6f01435e8fc7,Boban Rajović,Igraj,savremeno,turbo_folk,2,0.337
93e764832174,Boban Rajović,Jesen je,savremeno,turbo_folk,3,0.395
ea08bc06cdc5,Boban Rajović,Jugoslavijo,savremeno,turbo_folk,0,0.37
0eb433ac1cf0,Boban Rajović,Kad se opet dotjeraš za mene,savremeno,turbo_folk,8,0.305
f1fbd84445cd,Boban Rajović,Koga foliraš,savremeno,turbo_folk,7,0.448
5f5bdcc1baec,Boban Rajović,Kosači,savremeno,turbo_folk,8,0.218
163c1ddbac2f,Boban Rajović,Kraljica i kralj (duet Alka Vuica),savremeno,turbo_folk,4,0.304
2abec6c55c05,Boban Rajović,Latice od ruža,savremeno,turbo_folk,0,0.39
b830ad83f603,Boban Rajović,Lijepa k’o grijeh,savremeno,turbo_folk,1,0.446
e339dcc7c1a3,Boban Rajović,Luda glava,savremeno,turbo_folk,7,0.364
21fb5b9a2995,Boban Rajović,Mijenjam,savremeno,turbo_folk,0,0.403
96bbb65c5798,Boban Rajović,Na dan kad si rođena,savremeno,turbo_folk,0,0.338
2536ff6159b1,Boban Rajović,Nazdravi i zapjevaj,savremeno,turbo_folk,3,0.251
0ef3cbd1574d,Boban Rajović,Njena vrata,savremeno,turbo_folk,5,0.431
250c0af19b65,Boban Rajović,Papreno,savremeno,turbo_folk,0,0.415
bb1c86e86ac1,Boban Rajović,Piroman,savremeno,turbo_folk,9,0.516
ef2b0201b1b9,Boban Rajović,Podgorica,savremeno,turbo_folk,0,0.336
cb5db71a6084,Boban Rajović,Pola sata do Beograda,savremeno,turbo_folk,0,0.319
5736448786bd,Boban Rajović,Pomozite mi drugovi,savremeno,turbo_folk,9,0.176
5f0360e40a97,Boban Rajović,Presuda,savremeno,turbo_folk,8,0.283
e4ffe3b48126,Boban Rajović,Princeza,savremeno,turbo_folk,7,0.261
0e64eed5c21a,Boban Rajović,Provokacija,savremeno,turbo_folk,6,0.235
dc96b747a0a6,Boban Rajović,Ptica selica,savremeno,turbo_folk,0,0.319
fbb995834c90,Boban Rajović,Puklo srce,savremeno,turbo_folk,8,0.601
cf380eb7b1db,Boban Rajović,Ruže daješ u pelinu,savremeno,turbo_folk,0,0.431
c50a71813f47,Boban Rajović,Ružno pače,savremeno,turbo_folk,7,0.331
f7f1b97c66bf,Boban Rajović,Sad si s njim,savremeno,turbo_folk,1,0.285
f79a9119d5c8,Boban Rajović,Šta mi vredi,savremeno,turbo_folk,4,0.297
9d9d07a5f610,Boban Rajović,Svako traži svoj put,savremeno,turbo_folk,8,0.819
fb5a9e4b40e6,Boban Rajović,Teci mi kroz vene (duet Kristina Ivanović),savremeno,turbo_folk,8,0.306
65dbc0e2ec3e,Boban Rajović,Ti si mene vezala,savremeno,turbo_folk,0,0.37
41a0cbfc1c45,Boban Rajović,Ubi me ti,savremeno,turbo_folk,8,0.548
262d35cb4b84,Boban Rajović,Usne boje vina,savremeno,turbo_folk,0,0.25
461575dab86e,Boban Rajović,Vratit ću se ja,savremeno,turbo_folk,0,0.323
403a9a64ea58,Boban Rajović,Živog ću ga sahraniti,savremeno,turbo_folk,1,0.277
ac7c3f848b50,Ivana Selakov,Briga me (feat. Harrtmann),savremeno,turbo_folk,9,0.294
228e857377f6,Ivana Selakov,Daleko si (feat. Aca Lukas),savremeno,turbo_folk,8,0.259
6d2820aefaa8,Ivana Selakov,Grad grad,savremeno,turbo_folk,0,0.478
fdc5892821b6,Ivana Selakov,Heroj,savremeno,turbo_folk,0,0.435
be95727df336,Ivana Selakov,Izabran,savremeno,turbo_folk,0,0.427
bee7d56a8dea,Ivana Selakov,Između redova,savremeno,turbo_folk,5,0.562
9629a3469858,Ivana Selakov,Jastuci,savremeno,turbo_folk,0,0.341
129b5ee867e4,Ivana Selakov,Mesec dana,savremeno,turbo_folk,7,0.31
af34f99ded8b,Ivana Selakov,Moje je ime sreća,savremeno,turbo_folk,8,0.285
409aafa5364a,Ivana Selakov,Moje odbrane,savremeno,turbo_folk,3,0.495
ebc6fb21e796,Ivana Selakov,Naše malo slavlje,savremeno,turbo_folk,6,0.425
9b77cb9fbe23,Ivana Selakov,Nek’ na tvoju dušu ide sve,savremeno,turbo_folk,0,0.317
1c0874984615,Ivana Selakov,Otplovimo,savremeno,turbo_folk,0,0.529
8e2f83339e14,Ivana Selakov,Pobediću bol,savremeno,turbo_folk,7,0.228
744033537550,Ivana Selakov,Probijam led (feat. DJ Shone),savremeno,turbo_folk,8,0.215
73089aa78e67,Ivana Selakov,Sad odlazi,savremeno,turbo_folk,7,0.276
8c136220acd1,Ivana Selakov,Srce gubitnik,savremeno,turbo_folk,7,0.46
e21f806dc982,Ivana Selakov,Tek sad,savremeno,turbo_folk,5,0.261
5633ee797d95,Ivana Selakov,Tuga k’o i svaka druga,savremeno,turbo_folk,0,0.299
1239d77a3e88,Ivana Selakov,Uradi mi to,savremeno,turbo_folk,7,0.34
8f5535367fea,Ivana Selakov,Uteha,savremeno,turbo_folk,0,0.469
dffc7aac7869,Ivana Selakov,Vremeplov,savremeno,turbo_folk,3,0.285
7c50db86b73b,Ana Bekuta,Ako ga vidite,sfrj,narodna_narodnjacka,0,0.351
f486b2fa9766,Ana Bekuta,Bekrija,sfrj,narodna_narodnjacka,8,0.474
4aff3bfb6f41,Ana Bekuta,Bilo je lepo,sfrj,narodna_narodnjacka,0,0.285
4058216f23c4,Ana Bekuta,Bog te kaznio,sfrj,narodna_narodnjacka,8,0.387
9eda58c4c8a1,Ana Bekuta,Bogovi su hteli,sfrj,narodna_narodnjacka,0,0.528
0b8222c08e4f,Ana Bekuta,"Budi jako, srce moje",sfrj,narodna_narodnjacka,0,0.496
ea1ae8b52e94,Ana Bekuta,Čekalica,sfrj,narodna_narodnjacka,5,0.368
50732ec8c749,Ana Bekuta,Crven konac,sfrj,narodna_narodnjacka,5,0.328
41dd799f2e5d,Ana Bekuta,"Došli dani, rastasmo se sami",sfrj,narodna_narodnjacka,0,0.422
5374b49e0c16,Ana Bekuta,Drumovi,sfrj,narodna_narodnjacka,3,0.379
e10480b7874c,Ana Bekuta,Dve suze,sfrj,narodna_narodnjacka,8,0.376
31455424386c,Ana Bekuta,"Eh, đavole",sfrj,narodna_narodnjacka,8,0.62
c5a0009fc7a1,Ana Bekuta,Fatamorgana,sfrj,narodna_narodnjacka,3,0.381
13574fe878d5,Ana Bekuta,Godinama,sfrj,narodna_narodnjacka,0,0.55
c60414dd2f28,Ana Bekuta,Gost,sfrj,narodna_narodnjacka,0,0.397
610df3a2e9af,Ana Bekuta,Grana pokidana,sfrj,narodna_narodnjacka,0,0.778
5868967dc478,Ana Bekuta,Htela sam tebi biti žena,sfrj,narodna_narodnjacka,8,0.352
48fbcabd54c1,Ana Bekuta,Hvataš me u zamku,sfrj,narodna_narodnjacka,7,0.399
7854cdb0cb61,Ana Bekuta,I noći me more,sfrj,narodna_narodnjacka,0,0.537
3829e9a242bc,Ana Bekuta,Imam jedan život,sfrj,narodna_narodnjacka,0,0.471
522b74073d17,Ana Bekuta,Ja nisam rođena da živim sama,sfrj,narodna_narodnjacka,0,0.428
f1c3d025b878,Ana Bekuta,Ja sam ti je darovala,sfrj,narodna_narodnjacka,5,0.509
6782ebd864d7,Ana Bekuta,Još imaš kad,sfrj,narodna_narodnjacka,0,0.469
53274dc8df35,Ana Bekuta,Kako da te ljubim posle nje,sfrj,narodna_narodnjacka,5,0.292
f9fe0fec94f8,Ana Bekuta,"Kako mi je, pitaš sad",sfrj,narodna_narodnjacka,3,0.588
152d83536a69,Ana Bekuta,Koliko sam tebe volela,sfrj,narodna_narodnjacka,0,0.365
30ac1af25d4e,Ana Bekuta,Konak,sfrj,narodna_narodnjacka,0,0.533
40b74108b26b,Ana Bekuta,Kralj ponoći,sfrj,narodna_narodnjacka,0,0.461
c342f67634bf,Ana Bekuta,Kriv si samo ti,sfrj,narodna_narodnjacka,4,0.351
c5f32de79c03,Ana Bekuta,Kumina pesma (duet Mira Škorić),sfrj,narodna_narodnjacka,0,0.449
77dc52a47fd2,Ana Bekuta,Ljubavi moja (duet Hasan Dudić),sfrj,narodna_narodnjacka,0,0.578
c765255aa9a7,Ana Bekuta,Ma što baš ti,sfrj,narodna_narodnjacka,3,0.264
f6f1921836aa,Ana Bekuta,"Manite se, ljudi",sfrj,narodna_narodnjacka,0,0.341
3916ffcb5e77,Ana Bekuta,"Miluj, miluj, Milovane",sfrj,narodna_narodnjacka,0,0.79
28aaaa781f40,Ana Bekuta,Moje oči pogledaj,sfrj,narodna_narodnjacka,8,0.489
9b7d05f7c3f1,Ana Bekuta,Molitva za malo sreće,sfrj,narodna_narodnjacka,8,0.425
696522a1f37f,Ana Bekuta,Na tvoju milost,sfrj,narodna_narodnjacka,0,0.528
81ed831284ec,Ana Bekuta,Nađite mesta za jednu reku,sfrj,narodna_narodnjacka,7,0.334
9f159fe22b05,Ana Bekuta,Ne žalim ja,sfrj,narodna_narodnjacka,0,0.457
0ee64052fd7f,Ana Bekuta,Ne živim sama,sfrj,narodna_narodnjacka,8,0.457
1966997c309c,Ana Bekuta,Nek srce progovori,sfrj,narodna_narodnjacka,8,0.37
3a1d6a4bfc7a,Ana Bekuta,Neka ti je,sfrj,narodna_narodnjacka,7,0.28
5c0530b1782f,Ana Bekuta,"Nema dana, nema noći",sfrj,narodna_narodnjacka,8,0.624
179e00e57c24,Ana Bekuta,Nema povratka na staro,sfrj,narodna_narodnjacka,0,0.642
102f1ed47315,Ana Bekuta,Nemoj ništa pričati (duet Dragan Kojić Keba),sfrj,narodna_narodnjacka,1,0.491
dd092adb0534,Ana Bekuta,Nije ljubav kolo,sfrj,narodna_narodnjacka,0,0.439
c66debf5dbd8,Ana Bekuta,Nije meni ni do čega,sfrj,narodna_narodnjacka,7,0.383
cf04d3cdc1a5,Ana Bekuta,Od samoće goreg druga nema,sfrj,narodna_narodnjacka,0,0.587
da020cd1c9dc,Ana Bekuta,Oluja,sfrj,narodna_narodnjacka,0,0.403
d3c4b901cd68,Ana Bekuta,Otkud baš ti,sfrj,narodna_narodnjacka,8,0.257
23b852e7e28d,Ana Bekuta,"Pij, ako ti se pije",sfrj,narodna_narodnjacka,0,0.355
f73896396a78,Ana Bekuta,Pitaš kako živim,sfrj,narodna_narodnjacka,8,0.386
add513d76a20,Ana Bekuta,Plače mi se od života,sfrj,narodna_narodnjacka,1,0.377
1770f9cdc5e0,Ana Bekuta,Potroši vreme samo na mene,sfrj,narodna_narodnjacka,5,0.384
a27ec3bf1306,Ana Bekuta,Rano moja,sfrj,narodna_narodnjacka,8,0.299
e935e6654bd1,Ana Bekuta,Razume srce,sfrj,narodna_narodnjacka,6,0.285
df64cbadd5bb,Ana Bekuta,Reci svojoj deci,sfrj,narodna_narodnjacka,5,0.396
e843fcd0e4c6,Ana Bekuta,S tobom bar znam gde je dno,sfrj,narodna_narodnjacka,9,0.318
27e8a13466d1,Ana Bekuta,S tobom sreće ni za leka,sfrj,narodna_narodnjacka,0,0.295
ee84024c25f9,Ana Bekuta,Sačuvaj mi mesto,sfrj,narodna_narodnjacka,0,0.51
721292ac66ae,Ana Bekuta,Samo nemoj ti,sfrj,narodna_narodnjacka,4,0.343
ad3788533d5b,Ana Bekuta,Sasvim,sfrj,narodna_narodnjacka,8,0.39
9607fd77840b,Ana Bekuta,Seja,sfrj,narodna_narodnjacka,8,0.635
3dca284c530b,Ana Bekuta,"Stani, stani zoro",sfrj,narodna_narodnjacka,0,0.754
54e2f7b898df,Ana Bekuta,Stari moj,sfrj,narodna_narodnjacka,6,0.392
f750049dd22c,Ana Bekuta,Sve je bolje od samoće,sfrj,narodna_narodnjacka,0,0.314
915b71126b07,Ana Bekuta,Sve mi tvoje nedostaje,sfrj,narodna_narodnjacka,0,0.567
f31338f5c591,Ana Bekuta,Sve sam stekla sama,sfrj,narodna_narodnjacka,0,0.524
461991e460d8,Ana Bekuta,Svi putevi ka tebi vode,sfrj,narodna_narodnjacka,0,0.484
1e3fe237e79b,Ana Bekuta,Svirajte mi onu pesmu,sfrj,narodna_narodnjacka,8,0.446
e3ac690cf4ae,Ana Bekuta,Tajne suze,sfrj,narodna_narodnjacka,0,0.311
608fcdead4a0,Ana Bekuta,Telo kao slika,sfrj,narodna_narodnjacka,0,0.459
8f5b1392db00,Ana Bekuta,Ti mi trebaš,sfrj,narodna_narodnjacka,0,0.447
2637daea92e0,Ana Bekuta,Ti si mene varao,sfrj,narodna_narodnjacka,0,0.268
1ca4db871e03,Ana Bekuta,Treba mi pola jastuka,sfrj,narodna_narodnjacka,8,0.444
233927381a0d,Ana Bekuta,Treba vremena (duet Dragan Kojić Keba),sfrj,narodna_narodnjacka,0,0.414
0162d648a9da,Ana Bekuta,Tu su svi,sfrj,narodna_narodnjacka,0,0.469
6787e7528990,Ana Bekuta,Tugo moja crnooka,sfrj,narodna_narodnjacka,0,0.517
52e2c70de47f,Ana Bekuta,Tvoje pravo ime,sfrj,narodna_narodnjacka,8,0.265
b84a0ac4857f,Ana Bekuta,Umreću na tuđi dan,sfrj,narodna_narodnjacka,0,0.378
5509c4e23b78,Ana Bekuta,Umri muški,sfrj,narodna_narodnjacka,3,0.237
fabf4c20f957,Ana Bekuta,Uvek postoji nada,sfrj,narodna_narodnjacka,0,0.363
5c82cbfdb20d,Ana Bekuta,Užice i Čačak,sfrj,narodna_narodnjacka,0,0.876
0bdde9e38e42,Ana Bekuta,Veseljak,sfrj,narodna_narodnjacka,8,0.594
4b4844f6f117,Ana Bekuta,Vreme je,sfrj,narodna_narodnjacka,0,0.366
f8dd3793f756,Ana Bekuta,Zavoleh te,sfrj,narodna_narodnjacka,8,0.482
f8351e9dd291,Ana Bekuta,Zlatiborske zore,sfrj,narodna_narodnjacka,0,0.462
3e91bc275cb9,Ana Bekuta,Zora,sfrj,narodna_narodnjacka,0,0.45
b0a26995a271,Esma Redžepova,Ako želiš dobar san,sfrj,ostalo,0,0.41
52c3ecfd645d,Esma Redžepova,Isti san (duet Dragan Kojić Keba),sfrj,ostalo,0,0.255
7dd1db7ed651,Esma Redžepova,Izgubio si anđela,sfrj,ostalo,3,0.521
599b0fd1e4ff,Esma Redžepova,Svadba makedonska,sfrj,ostalo,2,0.311
9fd91783e4e4,Karolina Gočeva,Gorka pilula,savremeno,pop,3,0.205
31c578165ed5,Karolina Gočeva,Kad voliš,savremeno,pop,8,0.375
46c8aebf069a,Karolina Gočeva,Kraj (duet Sky Wikluh),savremeno,pop,1,0.337
e25c355852d9,Karolina Gočeva,Lažem sebe,savremeno,pop,1,0.415
b3b22d156e95,Karolina Gočeva,Ljubav ispod oblaka,savremeno,pop,0,0.245
fa9d1ce417c0,Karolina Gočeva,Ljubav je moja religija,savremeno,pop,8,0.317
98f71f1f689b,Karolina Gočeva,Mojot svet,savremeno,pop,0,0.39
1a665824899d,Karolina Gočeva,Noć,savremeno,pop,0,0.438
816d8fd5dec5,Karolina Gočeva,Od neba do dna,savremeno,pop,8,0.292
c2deb62ef141,Karolina Gočeva,Ruku na srce,savremeno,pop,0,0.365
c50096723f3f,Karolina Gočeva,Sirena,savremeno,pop,0,0.436
50f5811a7f3e,Karolina Gočeva,Srešćemo se opet,savremeno,pop,0,0.239
5ee42c493335,Karolina Gočeva,Teško srcu pada,savremeno,pop,5,0.222
5f86f0f1c738,Karolina Gočeva,Ti i ja (duet Flamingosi),savremeno,pop,7,0.388
9672af081d75,Karolina Gočeva,U zaboravu,savremeno,pop,0,0.315
f607b398ed91,Karolina Gočeva,Umirem bez tebe,savremeno,pop,0,0.463
84558fa9aeb2,Karolina Gočeva,Više se ne vraćaš,savremeno,pop,3,0.559
cff3b937d8d8,Karolina Gočeva,Volela sam te,savremeno,pop,0,0.482
e9d7f6f26c98,Karolina Gočeva,"Za godina, dve",savremeno,pop,0,0.728
9ab35f81022c,Karolina Gočeva,Začaran krug,savremeno,pop,3,0.277
4cb6d6fd0a13,Karolina Gočeva,Znam koliko vredim,savremeno,pop,8,0.396
ed017767421f,Nedeljko Bajić Baja,Ako te voli više,tranzicija,narodna_narodnjacka,1,0.299
3050dac28c86,Nedeljko Bajić Baja,Album dragih uspomena,tranzicija,narodna_narodnjacka,8,0.247
b1607395a711,Nedeljko Bajić Baja,Bela ružo,tranzicija,narodna_narodnjacka,0,0.468
69e0b5089372,Nedeljko Bajić Baja,Beži dalje,tranzicija,narodna_narodnjacka,5,0.297
82e07a947a93,Nedeljko Bajić Baja,Blokada,tranzicija,narodna_narodnjacka,3,0.323
f245d5f801b4,Nedeljko Bajić Baja,Boja tvojih očiju,tranzicija,narodna_narodnjacka,8,0.524
d51f5bdea42b,Nedeljko Bajić Baja,"Bum, bum",tranzicija,narodna_narodnjacka,0,0.545
80f0eef37464,Nedeljko Bajić Baja,Čovek bez adrese,tranzicija,narodna_narodnjacka,8,0.39
72cadf3526c1,Nedeljko Bajić Baja,"Crna kosa, oči plave",tranzicija,narodna_narodnjacka,0,0.503
328721c98ef6,Nedeljko Bajić Baja,Crveni telefon,tranzicija,narodna_narodnjacka,8,0.224
47654bdb169a,Nedeljko Bajić Baja,Čuvaj se,tranzicija,narodna_narodnjacka,6,0.277
3970dfe6c5c6,Nedeljko Bajić Baja,Cveta dva,tranzicija,narodna_narodnjacka,3,0.332
91545224a9d2,Nedeljko Bajić Baja,Da se dobro ljubi kao ja,tranzicija,narodna_narodnjacka,9,0.476
87f75238ddf4,Nedeljko Bajić Baja,Devica,tranzicija,narodna_narodnjacka,6,0.313
86e67981938a,Nedeljko Bajić Baja,Disco,tranzicija,narodna_narodnjacka,0,0.403
327cf10a1b79,Nedeljko Bajić Baja,Doći ću ti na venčanje,tranzicija,narodna_narodnjacka,0,0.449
5ae0dcc859db,Nedeljko Bajić Baja,Dodir neba,tranzicija,narodna_narodnjacka,9,0.279
058290d1d54f,Nedeljko Bajić Baja,Došlo vreme,tranzicija,narodna_narodnjacka,0,0.592
9918e17d9499,Nedeljko Bajić Baja,Dragana,tranzicija,narodna_narodnjacka,8,0.402
013bed3f97f4,Nedeljko Bajić Baja,Dukat u srcu,tranzicija,narodna_narodnjacka,7,0.237
7cb71abd96ab,Nedeljko Bajić Baja,Dve ruže,tranzicija,narodna_narodnjacka,0,0.768
8276e43feba0,Nedeljko Bajić Baja,"Eh, kakva žena",tranzicija,narodna_narodnjacka,0,0.398
31c0f71d34f1,Nedeljko Bajić Baja,"Eh, Neno, Neno",tranzicija,narodna_narodnjacka,3,0.454
67aa00a2abf6,Nedeljko Bajić Baja,Fantazija,tranzicija,narodna_narodnjacka,6,0.256
fbf6c0a6191e,Nedeljko Bajić Baja,"Ginem, ginem",tranzicija,narodna_narodnjacka,8,0.293
ede8a60bd89d,Nedeljko Bajić Baja,Harala si mojom dušom,tranzicija,narodna_narodnjacka,0,0.45
a8a45263f881,Nedeljko Bajić Baja,"Hej, krčmaru",tranzicija,narodna_narodnjacka,8,0.259
aff4eb3fd236,Nedeljko Bajić Baja,"Helena, Elena",tranzicija,narodna_narodnjacka,7,0.274
4000a3196bc5,Nedeljko Bajić Baja,I pijan je opet volim,tranzicija,narodna_narodnjacka,7,0.33
2d8dc639ec27,Nedeljko Bajić Baja,"Idemo, srce, dalje",tranzicija,narodna_narodnjacka,3,0.466
fa2e686ce5dc,Nedeljko Bajić Baja,Imam najbolju devojku,tranzicija,narodna_narodnjacka,0,0.448
67bc70b75707,Nedeljko Bajić Baja,Iz života nestala si tiho,tranzicija,narodna_narodnjacka,3,0.373
8840638a18f7,Nedeljko Bajić Baja,Kad bi ljudi bili ljudi,tranzicija,narodna_narodnjacka,0,0.447
7873182d3844,Nedeljko Bajić Baja,Kakva je to ljubav,tranzicija,narodna_narodnjacka,3,0.405
1807b2f6e96a,Nedeljko Bajić Baja,Kameleon,tranzicija,narodna_narodnjacka,6,0.455
7d79ea8637bb,Nedeljko Bajić Baja,"Kaži, kaži",tranzicija,narodna_narodnjacka,8,0.411
c8173d39d20f,Nedeljko Bajić Baja,"Ko je on, šta je on",tranzicija,narodna_narodnjacka,8,0.312
c2887166e19c,Nedeljko Bajić Baja,Ko si ti,tranzicija,narodna_narodnjacka,6,0.193
faf367d21f71,Nedeljko Bajić Baja,Koktel ljubavi,tranzicija,narodna_narodnjacka,0,0.534
aa5e9225e847,Nedeljko Bajić Baja,Kolovođa,tranzicija,narodna_narodnjacka,5,0.629
57b7489c43a8,Nedeljko Bajić Baja,"Laku noć, devojčice",tranzicija,narodna_narodnjacka,2,0.357
62c188736aa3,Nedeljko Bajić Baja,"Lažem ljude, lažem sebe",tranzicija,narodna_narodnjacka,1,0.487
d92369ab9d2f,Nedeljko Bajić Baja,Lepotica i siromah,tranzicija,narodna_narodnjacka,6,0.435
e721c24e0719,Nedeljko Bajić Baja,Leptir,tranzicija,narodna_narodnjacka,8,0.359
a96a8b2dc83c,Nedeljko Bajić Baja,Ljubav godine,tranzicija,narodna_narodnjacka,0,0.278
ccc1c768dde4,Nedeljko Bajić Baja,Ljubavnik na duge staze,tranzicija,narodna_narodnjacka,0,0.584
4233a5d0205f,Nedeljko Bajić Baja,Ljubo moja,tranzicija,narodna_narodnjacka,8,0.506
109ed1f40042,Nedeljko Bajić Baja,Ljubomorci,tranzicija,narodna_narodnjacka,3,0.354
44353168f7f9,Nedeljko Bajić Baja,"Luda, luda devojka",tranzicija,narodna_narodnjacka,0,0.332
cbbf7127dec2,Nedeljko Bajić Baja,Ludnica,tranzicija,narodna_narodnjacka,8,0.447
5aea8e8ae505,Nedeljko Bajić Baja,Lutkica,tranzicija,narodna_narodnjacka,6,0.426
1febb5a9cf54,Nedeljko Bajić Baja,"Malo kockam, malo pijem",tranzicija,narodna_narodnjacka,0,0.434
5f4cfdc2d727,Nedeljko Bajić Baja,Manijak,tranzicija,narodna_narodnjacka,5,0.382
d451063842fe,Nedeljko Bajić Baja,Maska,tranzicija,narodna_narodnjacka,7,0.456
cef528fce02a,Nedeljko Bajić Baja,Mini suknja,tranzicija,narodna_narodnjacka,0,0.475
91a7a4e8289f,Nedeljko Bajić Baja,Misleći na tebe,tranzicija,narodna_narodnjacka,6,0.25
7b9055453658,Nedeljko Bajić Baja,Moj prsten u ruci,tranzicija,narodna_narodnjacka,5,0.474
85026107755e,Nedeljko Bajić Baja,Moja ljubavi,tranzicija,narodna_narodnjacka,0,0.375
77e146a41f11,Nedeljko Bajić Baja,Moja prva ljubav,tranzicija,narodna_narodnjacka,1,0.293
51173d3a2102,Nedeljko Bajić Baja,Mokra do kože,tranzicija,narodna_narodnjacka,6,0.31
eb891fb76226,Nedeljko Bajić Baja,Naći ću te k’o skriveno blago,tranzicija,narodna_narodnjacka,0,0.516
40d7deaa76b9,Nedeljko Bajić Baja,Najdraža moja,tranzicija,narodna_narodnjacka,0,0.551
c5e86393864f,Nedeljko Bajić Baja,Napaćena duša,tranzicija,narodna_narodnjacka,8,0.26
b0631099dc9e,Nedeljko Bajić Baja,Naslednik,tranzicija,narodna_narodnjacka,1,0.571
4fd2dc8c51fb,Nedeljko Bajić Baja,"Ne daj se, ljubavi",tranzicija,narodna_narodnjacka,0,0.547
ea6a7615e8dc,Nedeljko Bajić Baja,Neka vide svi,tranzicija,narodna_narodnjacka,0,0.414
a12acd988f08,Nedeljko Bajić Baja,Nemoguća misija,tranzicija,narodna_narodnjacka,8,0.297
74b50bf72b1a,Nedeljko Bajić Baja,Nepravda,tranzicija,narodna_narodnjacka,0,0.421
ea5375e432ce,Nedeljko Bajić Baja,Noćna ptica,tranzicija,narodna_narodnjacka,6,0.53
f0459cbe39bf,Nedeljko Bajić Baja,Non-stop,tranzicija,narodna_narodnjacka,3,0.414
3cf3f69db764,Nedeljko Bajić Baja,Od ruke do ruke,tranzicija,narodna_narodnjacka,0,0.647
77f04d7bfc50,Nedeljko Bajić Baja,Oficir s ružom,tranzicija,narodna_narodnjacka,2,0.442
0155700120d0,Nedeljko Bajić Baja,Opet sam te poželeo ludo,tranzicija,narodna_narodnjacka,8,0.418
81a892cc90d6,Nedeljko Bajić Baja,Oslobodi me,tranzicija,narodna_narodnjacka,5,0.463
80ed08c307d2,Nedeljko Bajić Baja,Pijan sam,tranzicija,narodna_narodnjacka,0,0.56
07253254e301,Nedeljko Bajić Baja,Pokaži svoje zmijsko telo,tranzicija,narodna_narodnjacka,7,0.318
6a0315595b02,Nedeljko Bajić Baja,Posle tebe,tranzicija,narodna_narodnjacka,2,0.474
170d8f32e114,Nedeljko Bajić Baja,Prevari njega,tranzicija,narodna_narodnjacka,9,0.331
0989c6d7ac6f,Nedeljko Bajić Baja,Prezime,tranzicija,narodna_narodnjacka,0,0.364
47a71d294aeb,Nedeljko Bajić Baja,Prirodno,tranzicija,narodna_narodnjacka,8,0.373
9b460d54645b,Nedeljko Bajić Baja,Radio,tranzicija,narodna_narodnjacka,0,0.292
3616612e10ff,Nedeljko Bajić Baja,Rame za plakanje,tranzicija,narodna_narodnjacka,1,0.319
e0b4ba12fb88,Nedeljko Bajić Baja,Rob ljubavi,tranzicija,narodna_narodnjacka,0,0.489
e4d269b3b0da,Nedeljko Bajić Baja,Rođendan je tvoj,tranzicija,narodna_narodnjacka,6,0.318
b31836c975f0,Nedeljko Bajić Baja,Romansa,tranzicija,narodna_narodnjacka,9,0.338
c0c1c42a01de,Nedeljko Bajić Baja,Ruka spasa,tranzicija,narodna_narodnjacka,8,0.302
4298044ed3a0,Nedeljko Bajić Baja,Sećanje na nas,tranzicija,narodna_narodnjacka,7,0.421
dd0fcc29191e,Nedeljko Bajić Baja,"Seti me se, seti, seti",tranzicija,narodna_narodnjacka,3,0.323
2e24cbac45a7,Nedeljko Bajić Baja,Šta me briga,tranzicija,narodna_narodnjacka,7,0.523
9c0d90b73e2d,Nedeljko Bajić Baja,Suviše me podsećaš na nju,tranzicija,narodna_narodnjacka,0,0.354
6ed673d1cdea,Nedeljko Bajić Baja,Suze na venčanju tvom,tranzicija,narodna_narodnjacka,3,0.352
e9d70579d094,Nedeljko Bajić Baja,Svadba će da bude (with Anica Milenković),tranzicija,narodna_narodnjacka,3,0.342
c56c0289c039,Nedeljko Bajić Baja,Svetla velegrada,tranzicija,narodna_narodnjacka,0,0.315
73f945326d8e,Nedeljko Bajić Baja,Svetski čovek,tranzicija,narodna_narodnjacka,0,0.466
eca941e8ff72,Nedeljko Bajić Baja,Svi me kleli,tranzicija,narodna_narodnjacka,3,0.673
d4f1d8f2bce5,Nedeljko Bajić Baja,Tamo gde si ti,tranzicija,narodna_narodnjacka,8,0.336
ea3d1fa9a148,Nedeljko Bajić Baja,Tip-top,tranzicija,narodna_narodnjacka,0,0.252
7853ccd5ddd5,Nedeljko Bajić Baja,Tragovi karmina,tranzicija,narodna_narodnjacka,5,0.341
3d8887ed51db,Nedeljko Bajić Baja,Uspeo sam u životu,tranzicija,narodna_narodnjacka,8,0.589
90ef030fee72,Nedeljko Bajić Baja,Uzmi srce,tranzicija,narodna_narodnjacka,8,0.422
7d2e333239ce,Nedeljko Bajić Baja,Varalica,tranzicija,narodna_narodnjacka,8,0.306
21016b458a04,Nedeljko Bajić Baja,Vatra i oluja,tranzicija,narodna_narodnjacka,8,0.36
08b167895ea4,Nedeljko Bajić Baja,Vatreno krštenje,tranzicija,narodna_narodnjacka,7,0.246
5c245b832687,Nedeljko Bajić Baja,Veruj u Boga i u mene,tranzicija,narodna_narodnjacka,0,0.284
266cf9848579,Nedeljko Bajić Baja,"Verujem, ne verujem",tranzicija,narodna_narodnjacka,6,0.343
38b97cb75b2a,Nedeljko Bajić Baja,"Vidi, vidi, ko je došao",tranzicija,narodna_narodnjacka,2,0.661
1ad27b1385a6,Nedeljko Bajić Baja,Vreme briše sve,tranzicija,narodna_narodnjacka,3,0.674
31b91cc11348,Nedeljko Bajić Baja,Zapisano je u vremenu,tranzicija,narodna_narodnjacka,3,0.419
2e552cafb398,Nedeljko Bajić Baja,Zar se stvarno rastajemo,tranzicija,narodna_narodnjacka,1,0.37
4f0540a29765,Nedeljko Bajić Baja,"Zašto, zašto, kume",tranzicija,narodna_narodnjacka,0,0.459
4e90ede57c72,Nedeljko Bajić Baja,Zato što sam tebe voleo,tranzicija,narodna_narodnjacka,3,0.274
2da36a01955b,Nedeljko Bajić Baja,Zavičaj,tranzicija,narodna_narodnjacka,8,0.314
6405f59514d9,Nedeljko Bajić Baja,Zeleni dol,tranzicija,narodna_narodnjacka,5,0.496
73e539009c5f,Nedeljko Bajić Baja,Zemlja ljubavi,tranzicija,narodna_narodnjacka,0,0.491
f861b5ffa898,Nedeljko Bajić Baja,Zlato zlaćano,tranzicija,narodna_narodnjacka,0,0.369
1a5e6f96a3b3,Nedeljko Bajić Baja,Znakovi,tranzicija,narodna_narodnjacka,0,0.298
69021d144c6c,Nedeljko Bajić Baja,Znam dobro,tranzicija,narodna_narodnjacka,8,0.254
df12641c13a2,Dado Polumenta,100 stepeni,savremeno,pop,9,0.409
47a126e2be4e,Dado Polumenta,14 godina,savremeno,pop,0,0.371
b7e257a4d8c9,Dado Polumenta,Aj živa bila,savremeno,pop,0,0.479
6203720c0b1d,Dado Polumenta,Ana Marija,savremeno,pop,6,0.375
f97c648557b5,Dado Polumenta,Biće bolje,savremeno,pop,0,0.348
5a9a2eef8817,Dado Polumenta,Bila je lijepa,savremeno,pop,8,0.341
1808bf60c97f,Dado Polumenta,Brodolom,savremeno,pop,8,0.361
024121ae0deb,Dado Polumenta,Činim sve,savremeno,pop,6,0.48
d10694a08210,Dado Polumenta,Crnogorka,savremeno,pop,1,0.353
c17387350b89,Dado Polumenta,Da sam tada bolje te znao,savremeno,pop,3,0.319
7fc987128338,Dado Polumenta,Dama,savremeno,pop,1,0.357
840251d220d4,Dado Polumenta,Divlja ruža,savremeno,pop,0,0.398
d65ccaf254fd,Dado Polumenta,Ekstaza,savremeno,pop,8,0.416
79e1111e15e2,Dado Polumenta,Esma (with Aleksandar Domić),savremeno,pop,0,0.242
eee765a0e7e1,Dado Polumenta,Fali mi ljubav,savremeno,pop,0,0.454
ebdf15ab79a7,Dado Polumenta,Fobija (with Azra Polumenta),savremeno,pop,8,0.475
bf8ca7b1cd10,Dado Polumenta,Gdje si sad,savremeno,pop,5,0.923
7dc50aa34ba2,Dado Polumenta,Greška,savremeno,pop,8,0.974
45f905efa173,Dado Polumenta,Hipnotisan,savremeno,pop,5,0.662
f6c17923e6d4,Dado Polumenta,Istina,savremeno,pop,3,0.906
0b7705cca509,Dado Polumenta,Ja i ti,savremeno,pop,3,0.627
8ec8c289067d,Dado Polumenta,Ja noćas dolazim,savremeno,pop,2,0.598
8b1fbd12e0cd,Dado Polumenta,Jasmina,savremeno,pop,2,0.824
29c7f1cc9b59,Dado Polumenta,Kad pijem,savremeno,pop,7,0.693
12e1bdf4a972,Dado Polumenta,Kafa Espreso,savremeno,pop,9,0.391
33ca08294d69,Dado Polumenta,Kafana,savremeno,pop,7,0.865
0062ca7e0be4,Dado Polumenta,Kaži vilo bijela,savremeno,pop,5,0.695
3de35df0be31,Dado Polumenta,Kose crne,savremeno,pop,0,0.65
cec0d090abb2,Dado Polumenta,Laka ženo,savremeno,pop,6,0.725
cad359bfb1cc,Dado Polumenta,Lanjski snegovi,savremeno,pop,5,0.935
a5fe002a6308,Dado Polumenta,Lažna imena,savremeno,pop,9,0.771
be2d05ae3515,Dado Polumenta,Ljepša od noći (duet Šako Polumenta),savremeno,pop,1,0.841
2fdb6e299341,Dado Polumenta,Ljetna kiša,savremeno,pop,5,0.636
821be034ed66,Dado Polumenta,Luče malo,savremeno,pop,1,0.892
aa4b534f2ef3,Dado Polumenta,Luda kao ja,savremeno,pop,7,0.919
31355537fa6e,Dado Polumenta,Ma briga me za sve to,savremeno,pop,7,0.898
e9a4c0ed9119,Dado Polumenta,Majko,savremeno,pop,5,0.875
86142f8d2977,Dado Polumenta,Mila,savremeno,pop,1,0.981
8f5e61a1813c,Dado Polumenta,Mogao bih druže moj,savremeno,pop,8,0.979
0f7143056ff0,Dado Polumenta,Moja srno,savremeno,pop,4,0.906
e29b2db7a42a,Dado Polumenta,Nervi od čelika,savremeno,pop,8,0.89
0426a3d342fb,Dado Polumenta,Nijedna kao ti,savremeno,pop,6,0.809
280c91abd2ed,Dado Polumenta,Nisam te se nagledao,savremeno,pop,6,0.875
04f1ffe5ff2d,Dado Polumenta,Oči od stida,savremeno,pop,5,0.717
be12851d2242,Dado Polumenta,Od vina si me opila,savremeno,pop,2,0.75
318028ac384c,Dado Polumenta,"Od vina, nije od karmina",savremeno,pop,2,0.987
30f5df1363cb,Dado Polumenta,Pogledaj kako igram,savremeno,pop,1,0.638
ede7ed0d47e6,Dado Polumenta,Pozovite 93,savremeno,pop,3,0.615
ea8c56d17549,Dado Polumenta,Samo namigni (duet Viki Miljković),savremeno,pop,9,0.662
e81a380bca8e,Dado Polumenta,Sedam subota (duet Aca Lukas),savremeno,pop,7,0.496
c442b5ee37b9,Dado Polumenta,Srce je nebitno,savremeno,pop,6,0.863
39352cf7889b,Dado Polumenta,Ti nisi prava žena (feat. MC Yankoo),savremeno,pop,6,0.862
5efd334fe5e1,Dado Polumenta,Ti si bila meni sve,savremeno,pop,4,0.499
8a78f8a0e705,Dado Polumenta,Večeras (feat. Cvija),savremeno,pop,6,0.321
d7d4dbbcf825,Dado Polumenta,Virus,savremeno,pop,4,0.899
4a9008c993fa,Dado Polumenta,Volim te,savremeno,pop,9,0.496
dd6a479f3806,Dado Polumenta,Zauvijek tvoj,savremeno,pop,4,0.989
76222f5f9f24,Dado Polumenta,Ženim se (duet Šako Polumenta),savremeno,pop,1,0.503
0d1eda39ff1e,Amel Ćurić,Dio tebe,savremeno,pop,3,0.617
730d54cd834b,Amel Ćurić,Moja djevojka,savremeno,pop,7,0.528
7c6032b0fa3e,Amel Ćurić,Na drugoj strani ulice,savremeno,pop,1,0.877
890169472be0,Amel Ćurić,Ne znam da l’ imam te,savremeno,pop,0,0.569
4232e67e1748,Amel Ćurić,Osmijeh skriveni,savremeno,pop,9,0.63
752163e652bb,Amel Ćurić,Plastika,savremeno,pop,1,0.89
495f95ba0cb2,Amel Ćurić,Prije zore,savremeno,pop,8,0.927
81e8f58502e3,Amel Ćurić,Stara ljubav,savremeno,pop,5,0.778
477e13de6db2,Amel Ćurić,Urnebes,savremeno,pop,5,0.936
ac6812439a2d,Amel Ćurić,Uzmi ili ostavi,savremeno,pop,4,0.794
d76de054f51d,Amel Ćurić,Zaljubljen sam,savremeno,pop,6,0.644
64f69fe787a9,Elitni odredi,Ako izgubim te opet,savremeno,hip_hop_rep,3,0.821
4883f20d94b3,Elitni odredi,Čemu život uči me (feat. Sha-lla),savremeno,hip_hop_rep,1,0.629
559d96163bcc,Elitni odredi,Dođi da piješ sa nama ove noći,savremeno,hip_hop_rep,0,0.706
43b63b1a953e,Elitni odredi,Folk zvezda,savremeno,hip_hop_rep,7,0.637
501aca11f9ab,Elitni odredi,I dalje želim,savremeno,hip_hop_rep,8,0.887
828fd99dd873,Elitni odredi,Ice cream,savremeno,hip_hop_rep,2,0.548
9c17c1706f36,Elitni odredi,Kad bi znala,savremeno,hip_hop_rep,8,0.54
4cf219829769,Elitni odredi,Kao kokain (Nikad nisam imao),savremeno,hip_hop_rep,9,0.716
a3f6abc04e49,Elitni odredi,"Kao nekad, nikad više (feat. Deniro)",savremeno,hip_hop_rep,3,0.761
645b9d728715,Elitni odredi,Kokain,savremeno,hip_hop_rep,9,0.867
04235db759db,Elitni odredi,Krivi smo oboje,savremeno,hip_hop_rep,9,0.454
ad336ffdf9a7,Elitni odredi,Kulijana,savremeno,hip_hop_rep,6,0.377
2dd426a401c7,Elitni odredi,Ljubav i milion dolara,savremeno,hip_hop_rep,2,0.53
3f74b6cce64f,Elitni odredi,Moja jedina,savremeno,hip_hop_rep,3,0.711
6d4e30539625,Elitni odredi,Moja riba,savremeno,hip_hop_rep,6,0.676
087bf6b30e86,Elitni odredi,Ne daj mi da odem,savremeno,hip_hop_rep,8,0.611
204085b0d972,Elitni odredi,Ne koči,savremeno,hip_hop_rep,7,0.443
78c8d2b14b13,Elitni odredi,Nema nas (feat. Darko Jovanović),savremeno,hip_hop_rep,8,0.992
cf3e7eb88926,Elitni odredi,Nemam ljubavi,savremeno,hip_hop_rep,3,0.846
d82247fd1e6a,Elitni odredi,Nije mi žao,savremeno,hip_hop_rep,3,0.842
20496b9e1d57,Elitni odredi,Niko ne voli,savremeno,hip_hop_rep,7,0.904
bf7d89102718,Elitni odredi,Nisi s njom (feat. DJ Silver & DJ Marconi & Mia),savremeno,hip_hop_rep,9,0.554
19d6343912c2,Elitni odredi,Oprosti mi,savremeno,hip_hop_rep,3,0.473
6f763ab9fed9,Elitni odredi,Raj,savremeno,hip_hop_rep,7,0.949
b90a5d079f01,Elitni odredi,Rođeni sa greškom,savremeno,hip_hop_rep,7,0.507
70600fe7e543,Elitni odredi,Samo,savremeno,hip_hop_rep,9,0.583
085455d16bef,Elitni odredi,Skywalker,savremeno,hip_hop_rep,7,0.583
93592f36d37c,Elitni odredi,Šta bi hteli vi,savremeno,hip_hop_rep,7,0.395
171d78373fa4,Elitni odredi,Što te volim (feat. Cvija),savremeno,hip_hop_rep,3,0.758
f4269275fb60,Elitni odredi,Sve što znam,savremeno,hip_hop_rep,6,0.4
114c84d2ca7b,Elitni odredi,Zvezde ostaju sjajne,savremeno,hip_hop_rep,8,0.849
