song_id,artist,title,period,genre,ttr,mattr,fk_grade
8a8761684117,Bijelo dugme,A i ti me iznevjeri,sfrj,rok,0.3761467889908257,0.5983333333333333,5.81
317efec1508f,Bijelo dugme,A koliko si ih imala do sad,sfrj,rok,0.6826923076923077,0.8079999999999999,7.08
16d017f74639,Bijelo dugme,Aiaio radi radio,sfrj,rok,0.5648148148148148,0.6413559322033899,11.26
ea8eb32c239c,Bijelo dugme,"Ako možeš, zaboravi",sfrj,rok,0.6568627450980392,0.8135849056603773,10.98
8ab4d43481e7,Bijelo dugme,Ala je glupo zaboravit’ njen broj,sfrj,rok,0.5784313725490197,0.7124528301886792,4.91
6bd5fd93895c,Bijelo dugme,"Bekrija si, cijelo selo viče, e pa jesam šta se koga tiče",sfrj,rok,0.5866666666666667,0.6176923076923077,6.22
5f15709ac335,Bijelo dugme,"Bila mama Kukunka, bio tata Taranta",sfrj,rok,0.4835164835164835,0.6242857142857143,13.59
088f80624f2f,Bijelo dugme,Bitanga i princeza,sfrj,rok,0.5586206896551724,0.8152083333333334,3.76
e0df5af2939e,Bijelo dugme,Blues za moju bivšu dragu,sfrj,rok,0.6370370370370371,0.7658139534883721,6.71
2dbff97763bc,Bijelo dugme,Bosanac,sfrj,rok,0.6581196581196581,0.8291176470588235,7.57
677a100b6685,Bijelo dugme,Ćiribiribela,sfrj,rok,0.5424836601307189,0.6253846153846154,8.21
af6b897f08b7,Bijelo dugme,Čudesno jutro u krevetu gospođe Petrović,sfrj,rok,0.75,0.8258064516129031,8.91
d48ee0086b78,Bijelo dugme,Da mi je znati koji joj je vrag,sfrj,rok,0.573170731707317,0.6545454545454545,4.14
9159c3fbe10c,Bijelo dugme,Da sam pekar,sfrj,rok,0.4166666666666667,0.5170526315789473,2.34
9e4c77fc06e1,Bijelo dugme,Da te bogdo ne volim,sfrj,rok,0.34285714285714286,0.6442857142857142,6.12
501125fdcb28,Bijelo dugme,Dede bona sjeti se de tako ti svega,sfrj,rok,0.5616438356164384,0.6533333333333333,5.05
4bcbc1d55f67,Bijelo dugme,Došao sam da ti kažem da odlazim,sfrj,rok,0.6792452830188679,0.7396491228070174,7.53
5a70aac9e253,Bijelo dugme,Doživjeti stotu,sfrj,rok,0.44623655913978494,0.6706569343065694,7.81
b847e4d3b492,Bijelo dugme,Drugovi i drugarice,sfrj,rok,0.6217948717948718,0.8508411214953272,8.07
46ba38a80d6b,Bijelo dugme,"Đurđevdan, a ja nisam s onom koju volim",sfrj,rok,0.6756756756756757,0.7048000000000001,11.75
3f33cf7e4040,Bijelo dugme,Eto! Baš hoću!,sfrj,rok,0.6774193548387096,0.6861538461538461,10.03
74cd7cec479f,Bijelo dugme,"Evo noći, evo ludila",sfrj,rok,0.3657587548638132,0.7784615384615384,8.93
3672fd297465,Bijelo dugme,"Evo, zakleću se",sfrj,rok,0.47058823529411764,0.7841379310344827,8.05
7207cf7e17ba,Bijelo dugme,Glavni junak jedne knjige,sfrj,rok,0.7611940298507462,0.7744444444444444,8.06
6af9a1e3ccf2,Bijelo dugme,Goodbye America,sfrj,rok,0.25806451612903225,0.5890566037735849,8.96
b4070d6ee2bf,Bijelo dugme,"Ha, ha, ha",sfrj,rok,0.3377777777777778,0.6177272727272727,7.06
5a63e05e18e2,Bijelo dugme,Hej Slaveni,sfrj,rok,0.9272727272727272,0.92,10.42
1f146048a240,Bijelo dugme,Hoću da budeš najsvjetlija (prijevod “Kosovske”),sfrj,rok,0.8691588785046729,0.9417241379310345,9.25
037ad4c3f9e8,Bijelo dugme,Hop cup,sfrj,rok,0.7,0.7,6.87
cfbd5bfa7a6d,Bijelo dugme,"Hotel, motel",sfrj,rok,0.6194690265486725,0.7771875,5.93
dbd57088f681,Bijelo dugme,I kad sve prođe pjevaću i tad,sfrj,rok,0.6049382716049383,0.691875,3.79
43ded39cbfc6,Bijelo dugme,Ima neka tajna veza,sfrj,rok,0.6851851851851852,0.74,6.05
b51cb3ff773b,Bijelo dugme,"Ipak, poželim neko pismo",sfrj,rok,0.8488372093023255,0.8800000000000001,7.8
a48a0d2e7a53,Bijelo dugme,Izgledala je malo čudno u kaputu žutom krojenom bez veze,sfrj,rok,0.6129032258064516,0.7331818181818182,7.23
5d7e82bf247f,Bijelo dugme,Jer kad ostariš,sfrj,rok,0.8023255813953488,0.8389189189189189,8.36
3063d24baa30,Bijelo dugme,Kad bi bio bijelo dugme,sfrj,rok,0.582089552238806,0.63,5.08
00ee267d4bec,Bijelo dugme,Kad zaboraviš Juli,sfrj,rok,0.6292134831460674,0.747,4.75
a8a91fc7db0f,Bijelo dugme,Kosovska,sfrj,rok,0.7007299270072993,0.8129545454545455,3.35
42bf7511e533,Bijelo dugme,Kosovska (hoću da budeš najsvjetlija) (prijevod),sfrj,rok,0.8691588785046729,0.9417241379310345,9.25
122f9cd1ab91,Bijelo dugme,"Laku noć, svirači (with Željko Bebek)",sfrj,rok,0.6274509803921569,0.63,6.89
5c231c0ff6b3,Bijelo dugme,Lijepa naša,sfrj,rok,0.7846153846153846,0.8175,11.52
ef4251889d38,Bijelo dugme,Lipe cvatu (sve je isto k’o i lani),sfrj,rok,0.6915887850467289,0.7844827586206896,6.24
554325d7974d,Bijelo dugme,Loše vino,sfrj,rok,0.6304347826086957,0.7711627906976743,5.12
002af0b7524f,Bijelo dugme,Meni se ne spava,sfrj,rok,0.6065573770491803,0.62,8.66
700d8d50c55b,Bijelo dugme,Milicija trenira strogoću,sfrj,rok,0.47058823529411764,0.6737931034482758,9.8
0028c74d6419,Bijelo dugme,Milovan,sfrj,rok,0.8205128205128205,0.8205128205128205,7.67
5cf3b8cb1a9a,Bijelo dugme,Mogla je biti prosta priča,sfrj,rok,0.6595744680851063,0.76,5.17
6eaf3bc90549,Bijelo dugme,"Mramor, kamen i željezo",sfrj,rok,0.8387096774193549,0.8387096774193549,8.38
31788e890c55,Bijelo dugme,Na zadnjem sjedištu moga auta,sfrj,rok,0.6041666666666666,0.9176842105263159,7.71
238ade43625b,Bijelo dugme,Nakon svih ovih godina,sfrj,rok,0.8769230769230769,0.94125,7.46
bc75de0c2e75,Bijelo dugme,Napile se ulice,sfrj,rok,0.6216216216216216,0.76,7.48
ff40ac837eb8,Bijelo dugme,Ne dese se takve stvari pravom muškarcu,sfrj,rok,0.3764705882352941,0.6728925619834711,5.52
74aa098a7701,Bijelo dugme,Ne gledaj me tako i ne ljubi me više,sfrj,rok,0.6756756756756757,0.7980645161290322,6.25
696002500a79,Bijelo dugme,Ne spavaj mala moja muzika dok svira,sfrj,rok,0.5727272727272728,0.8177049180327869,6.08
9e08b0cee496,Bijelo dugme,Neću to na brzaka,sfrj,rok,0.5078125,0.7934177215189874,8.99
46825b4c569b,Bijelo dugme,Ništa mudro,sfrj,rok,0.7241379310344828,0.8031578947368421,6.04
8b928db29d4d,Bijelo dugme,Noćas je k’o lubenica pun mjesec iznad Bosne,sfrj,rok,0.584070796460177,0.8365625,7.16
f5e64461df96,Bijelo dugme,Odlikaši,sfrj,rok,0.8636363636363636,0.8636363636363636,11.87
bf2826b6943a,Bijelo dugme,Oprosti mi što te volim,sfrj,rok,0.7745098039215687,0.8415094339622642,8.31
1c6ba84650df,Bijelo dugme,Ovaj ples dame biraju,sfrj,rok,0.8314606741573034,0.8845000000000001,7.13
34cafca4d273,Bijelo dugme,Ove ću noći naći blues,sfrj,rok,0.4375,0.6676190476190477,3.75
f4e492853d0a,Bijelo dugme,Padaju zvijezde,sfrj,rok,0.35,0.5995604395604396,10.28
e054ccd6bed4,Bijelo dugme,Patim evo deset dana,sfrj,rok,0.8536585365853658,0.8536585365853658,4.16
ac4b119140a4,Bijelo dugme,Pediculis pubis,sfrj,rok,0.81875,0.9003603603603604,9.08
bc0e870da7e9,Bijelo dugme,Pjesma mom mlađem bratu (iz Niša u proljeće `78),sfrj,rok,0.7671232876712328,0.8708333333333332,5.23
3cb98a2c2a76,Bijelo dugme,Pjesma za malu pticu,sfrj,rok,0.7321428571428571,0.8688888888888889,7.57
d8b72653d9a0,Bijelo dugme,Pljuni i zapjevaj moja Jugoslavijo,sfrj,rok,0.5231788079470199,0.8029411764705883,10.42
1c8f8578fff1,Bijelo dugme,Polubauk polukruži poluevropom,sfrj,rok,0.7894736842105263,0.7775000000000001,11.11
dbb16cedadec,Bijelo dugme,Požurite konji moji,sfrj,rok,0.717391304347826,0.8446511627906976,4.9
edea4770e26d,Bijelo dugme,Pravim budalu od sebe,sfrj,rok,0.5959595959595959,0.7631999999999999,7.59
ee749bfa002b,Bijelo dugme,Pristao sam bi’ću sve što hoće,sfrj,rok,0.5433070866141733,0.6605128205128206,6.17
dd09446cf5f5,Bijelo dugme,Ružica si bila,sfrj,rok,0.5,0.8146478873239437,7.21
731cea7a8e2c,Bijelo dugme,Sanjao sam noćas da te nemam,sfrj,rok,0.7727272727272727,0.8494117647058823,6.76
27d4cb995b32,Bijelo dugme,Selma,sfrj,rok,0.6774193548387096,0.7615384615384616,6.2
42473d74ebbd,Bijelo dugme,Slatko li je curu ljubit tajno,sfrj,rok,0.5645161290322581,0.6808000000000001,6.4
c25f4d205e64,Bijelo dugme,Šta bi dao da si na mom mjestu,sfrj,rok,0.7380952380952381,0.8320000000000001,5.4
8bffedae1c14,Bijelo dugme,Šta je tu je,sfrj,rok,0.6086956521739131,0.58,5.76
edc1c5b76d78,Bijelo dugme,"Sve će to, o mila moja, prekriti ruzmarin snjegovi i šaš",sfrj,rok,0.8,0.8392156862745097,6.76
950dc7ed4c3d,Bijelo dugme,Sve ću da ti dam samo da zaigram,sfrj,rok,0.631578947368421,0.6325000000000001,4.14
562403f0ccd6,Bijelo dugme,Sve ove godine,sfrj,rok,0.7916666666666666,0.8304347826086957,4.85
8c7e30fdaa9a,Bijelo dugme,Svi marš na ples,sfrj,rok,0.5983606557377049,0.7504109589041096,6.17
0297bd61f893,Bijelo dugme,"Tako ti je mala moja, kad ljubi Bosanac",sfrj,rok,0.6796875,0.8572151898734177,7.7
fc404e31058f,Bijelo dugme,"Te noći kad umrem, kad odem, kad me ne bude",sfrj,rok,0.8,0.8583333333333333,7.81
9d05048213ec,Bijelo dugme,Top,sfrj,rok,0.42574257425742573,0.5380769230769231,0.8
36f0ae024c5c,Bijelo dugme,Tramvaj kreće (kako biti heroj u ova šugava vremena),sfrj,rok,0.776595744680851,0.828,7.99
c8006c54eb24,Bijelo dugme,U subotu mala,sfrj,rok,0.6458333333333334,0.6458333333333334,5.41
18e48aab5ddd,Bijelo dugme,U vrijeme otkazanih letova,sfrj,rok,0.7254901960784313,0.72,9.89
faf74110e8a3,Bijelo dugme,Za Esmu,sfrj,rok,0.38311688311688313,0.7874285714285714,8.17
b413a3806ac1,Bijelo dugme,Zamisli,sfrj,rok,0.5783132530120482,0.6900000000000001,9.62
1c624119579a,Bijelo dugme,Zar ne vidiš da pravim budalu od sebe,sfrj,rok,0.4626865671641791,0.7418823529411765,7.99
9978f89e92b5,Bijelo dugme,Zašto me ne podnosi tvoj tata,sfrj,rok,0.6568627450980392,0.749056603773585,6.46
d100f237388a,Bijelo dugme,Zažmiri i broj,sfrj,rok,0.7349397590361446,0.7611764705882352,8.21
2ea7a2b4a9f3,Bijelo dugme,Žuta ruža,sfrj,rok,0.3669724770642202,0.631,11.93
e67867955e59,Divlje jagode,Autostop,sfrj,rok,0.8144329896907216,0.84625,12.09
0b954bde6b3e,Divlje jagode,Bit će bolje,sfrj,rok,0.7017543859649122,0.735,7.53
173ff15280b8,Divlje jagode,Bubi,sfrj,rok,0.6836734693877551,0.8273469387755101,6.05
45d2c006237b,Divlje jagode,Čarobnjaci,sfrj,rok,0.8870967741935484,0.8907692307692308,9.73
29eafa56c885,Divlje jagode,Čekam da sunce zađe,sfrj,rok,0.9302325581395349,0.9302325581395349,7.64
0c719893bdc4,Divlje jagode,Ciganka,sfrj,rok,0.8703703703703703,0.86,6.43
6b9fbe546b8a,Divlje jagode,"Cmokni me, srce",sfrj,rok,0.7792207792207793,0.8671428571428572,7.84
ce422823ab48,Divlje jagode,Da li si ikada mene voljela,sfrj,rok,0.782608695652174,0.738,6.55
53041eb32d22,Divlje jagode,Davno ljeto ’89,sfrj,rok,0.4057971014492754,0.724494382022472,6.6
282313fa5419,Divlje jagode,Dinamit,sfrj,rok,0.7575757575757576,0.7670588235294118,4.27
e10de0d16406,Divlje jagode,Divljakuša,sfrj,rok,0.8253968253968254,0.8242857142857142,9.65
dbe917636f06,Divlje jagode,Divlje jagode,sfrj,rok,0.7884615384615384,0.8000000000000002,8.68
0a0ce4ff2e82,Divlje jagode,Divlji zapad,sfrj,rok,0.7654320987654321,0.88375,6.7
267076457888,Divlje jagode,"Dobro došla, ljubavi",sfrj,rok,0.3674698795180723,0.5782905982905983,7.63
17513bd457dc,Divlje jagode,Dodirni me,sfrj,rok,0.7586206896551724,0.8066666666666666,6.62
8203ba855e8c,Divlje jagode,"Dodirni me, skloni bol",sfrj,rok,0.9038461538461539,0.9,5.49
ce22ffe94fb2,Divlje jagode,Đavolji grad,sfrj,rok,0.8235294117647058,0.828421052631579,6.21
93ceba1efd0c,Divlje jagode,Hopa cupa,sfrj,rok,0.8412698412698413,0.8428571428571427,3.96
66a2a9430f0a,Divlje jagode,Jedina moja,sfrj,rok,0.6379310344827587,0.7066666666666667,8.61
ae9d64129c12,Divlje jagode,Kako si topla i mila,sfrj,rok,0.7222222222222222,0.726086956521739,6.42
93781680ffc5,Divlje jagode,Kap po kap,sfrj,rok,0.6764705882352942,0.870943396226415,6.27
485361a7e750,Divlje jagode,Konji,sfrj,rok,0.8709677419354839,0.8753846153846154,7.36
471ba134fb18,Divlje jagode,Krivo je more,sfrj,rok,0.7377049180327869,0.7733333333333334,5.65
2a3539eb1003,Divlje jagode,Labude kad rata ne bude,sfrj,rok,0.6507936507936508,0.82,6.77
9109df8f7948,Divlje jagode,Lejla,sfrj,rok,0.7966101694915254,0.79,5.18
8b5c905162f8,Divlje jagode,Let na drugi svijet,sfrj,rok,0.75,0.7026666666666667,5.0
7eb40522708d,Divlje jagode,Ljubav može sve,sfrj,rok,0.5465116279069767,0.6983783783783784,6.07
698b36f66ccf,Divlje jagode,London,sfrj,rok,0.6282051282051282,0.5848275862068966,5.45
ed4894bea0e9,Divlje jagode,Marija,sfrj,rok,0.40601503759398494,0.6735714285714286,8.21
46fda59dbe0a,Divlje jagode,"Meni je lijepo, ja volim slijepo",sfrj,rok,0.6307692307692307,0.67875,6.51
a3cc72658cec,Divlje jagode,Metalni radnici,sfrj,rok,0.9,0.9,7.89
c39529a13b2f,Divlje jagode,Moj dilbere,sfrj,rok,0.5434782608695652,0.5434782608695652,6.41
9095c837b331,Divlje jagode,Moja si,sfrj,rok,0.84,0.84,7.13
41741245b7bf,Divlje jagode,Mojoj ljubavi,sfrj,rok,0.8245614035087719,0.835,4.27
c868829e2a41,Divlje jagode,Morison,sfrj,rok,0.9473684210526315,0.9473684210526315,5.32
6f9054935795,Divlje jagode,Motori,sfrj,rok,0.6666666666666666,0.6799999999999999,9.9
023a16e392fb,Divlje jagode,Mrak za dvoje,sfrj,rok,0.875,0.8973333333333334,7.53
e45f248f5021,Divlje jagode,Nasmiješi se,sfrj,rok,0.7671232876712328,0.7858333333333333,6.56
57ec5403fb66,Divlje jagode,Nazovi me,sfrj,rok,0.8375,0.8903225806451613,6.5
d24ac152fea3,Divlje jagode,Ne brini sestro,sfrj,rok,0.6831683168316832,0.8107692307692307,4.72
7c71ef62ea87,Divlje jagode,Ne želiš kraj,sfrj,rok,0.8444444444444444,0.8444444444444444,3.7
45911bc4109b,Divlje jagode,Obuci se,sfrj,rok,0.746268656716418,0.8333333333333334,5.7
c296eed502c4,Divlje jagode,"Osjećam, gola si ispod haljine",sfrj,rok,0.40707964601769914,0.6453125,7.0
45191887f65c,Divlje jagode,Pepeljuga,sfrj,rok,0.8333333333333334,0.9023529411764706,6.41
0345037e608d,Divlje jagode,Piši mi,sfrj,rok,0.7142857142857143,0.7266666666666667,7.42
9d1ea62365b4,Divlje jagode,Potraži put,sfrj,rok,0.6067415730337079,0.681,6.27
fad76ba2709a,Divlje jagode,Sama si,sfrj,rok,0.7966101694915254,0.8019999999999999,7.05
340340a6587d,Divlje jagode,Samo tren,sfrj,rok,0.8205128205128205,0.8875862068965518,4.45
a80588114bb3,Divlje jagode,Šampioni,sfrj,rok,0.95,0.95,11.63
ee3182045d8c,Divlje jagode,"Sarajevo, ti i ja",sfrj,rok,0.7560975609756098,0.8387878787878787,9.92
c3ab771d5e4a,Divlje jagode,Šejla,sfrj,rok,0.9459459459459459,0.9459459459459459,5.31
38a8a18efd07,Divlje jagode,Sjećanja,sfrj,rok,0.8450704225352113,0.8681818181818183,6.9
d3bad12e53c5,Divlje jagode,Šta je to u tebi,sfrj,rok,0.7058823529411765,0.7166666666666667,4.81
d514bc7656a7,Divlje jagode,Sto vijekova,sfrj,rok,0.8928571428571429,0.8885714285714286,11.63
f9f04766fcb2,Divlje jagode,Sve iz inata,sfrj,rok,0.5625,0.5933333333333334,5.67
5d3247802935,Divlje jagode,Svi nisu kao ja,sfrj,rok,0.8428571428571429,0.9152380952380952,8.52
4d793bb9c42f,Divlje jagode,Ti si moj san,sfrj,rok,0.796875,0.8026666666666666,8.64
36ffea9af25e,Divlje jagode,To je sve,sfrj,rok,0.8235294117647058,0.83,6.89
abc1071de594,Divlje jagode,Vatra,sfrj,rok,0.7631578947368421,0.8251851851851852,8.46
382342dbd578,Divlje jagode,Vodarica,sfrj,rok,0.5444444444444444,0.6795121951219512,4.35
608031da0cc8,Divlje jagode,Zagrizi rock ‘n’ roll,sfrj,rok,0.8936170212765957,0.8936170212765957,5.07
8c8d584953be,Divlje jagode,Zauvijek tvoj,sfrj,rok,0.7872340425531915,0.8395555555555556,8.42
9ed73ae68d23,Divlje jagode,Zbog tebe draga,sfrj,rok,0.5636363636363636,0.6166666666666667,6.53
9294ba8da159,Divlje jagode,Želim da te imam,sfrj,rok,0.5412844036697247,0.6976666666666667,6.77
dc23305ae439,Divlje jagode,Zvijezda sjevera,sfrj,rok,0.696969696969697,0.7658823529411765,7.4
cbcb13f84e17,Parni valjak,A gdje je ljubav?,sfrj,rok,0.6692913385826772,0.8474358974358973,7.92
82c702c7ca97,Parni valjak,A ja bih sa vragom sklopio savez,sfrj,rok,0.47470817120622566,0.7069230769230769,6.75
ee316b83558d,Parni valjak,Ajde igraj,sfrj,rok,0.644927536231884,0.8339325842696629,7.41
f290eb3b4bc9,Parni valjak,Ako želim,sfrj,rok,0.3333333333333333,0.5700934579439252,7.38
6a6a2481459d,Parni valjak,Anđeli se dosađuju,sfrj,rok,0.7560975609756098,0.8175675675675675,6.86
806ca3640e55,Parni valjak,Anja,sfrj,rok,0.5,0.7336283185840708,5.47
fe186e7a4291,Parni valjak,Autoput,sfrj,rok,0.8043478260869565,0.8995348837209303,8.59
3b259356a348,Parni valjak,Bijeg,sfrj,rok,0.5504587155963303,0.7923333333333333,8.35
4aa5b25ee170,Parni valjak,Bolja vremena,sfrj,rok,0.4369747899159664,0.6474285714285715,5.4
6b24ee234624,Parni valjak,Čitaj mi sa usana,sfrj,rok,0.7864077669902912,0.852962962962963,7.05
98725f1bc83d,Parni valjak,Crni dani,sfrj,rok,0.6347826086956522,0.7293939393939394,8.51
6432c61059e0,Parni valjak,Depra,sfrj,rok,0.689922480620155,0.86075,9.43
1bc21e468601,Parni valjak,Direktan put za nebo,sfrj,rok,0.7352941176470589,0.828421052631579,6.37
596b0cf42597,Parni valjak,Dixie za pravog gazdu,sfrj,rok,0.5394190871369294,0.8159375,3.47
0433cffc527d,Parni valjak,Dođi,sfrj,rok,0.7752808988764045,0.9025000000000001,10.89
5b1f19640542,Parni valjak,Dok je tebe,sfrj,rok,0.7419354838709677,0.8059090909090909,6.87
7eb572c4883d,Parni valjak,Dosta,sfrj,rok,0.573170731707317,0.7121212121212122,8.25
752994aef345,Parni valjak,Gledam je dok spava,sfrj,rok,0.703125,0.8026666666666666,6.24
e2d26773a2ba,Parni valjak,Godine prolaze,sfrj,rok,0.8313253012048193,0.9329411764705882,8.21
81cdf6583b92,Parni valjak,Hvala ti,sfrj,rok,0.7684210526315789,0.7930434782608695,8.62
59e460957fa0,Parni valjak,Ima dana,sfrj,rok,0.7073170731707317,0.8363636363636364,8.56
e76603b21d4d,Parni valjak,Ivana,sfrj,rok,0.9019607843137255,0.9,7.82
b9f0a7862718,Parni valjak,Ja još čekam,sfrj,rok,0.7428571428571429,0.7838095238095238,5.56
60c276fb051e,Parni valjak,Jesen u meni,sfrj,rok,0.7523809523809524,0.8853571428571428,8.77
b8490fd05d3b,Parni valjak,Kada kola krenu nizbrdo,sfrj,rok,0.6854838709677419,0.8130666666666666,7.17
e73417eff4b6,Parni valjak,Kada me dotakne,sfrj,rok,0.890625,0.892,8.65
91a5435ac866,Parni valjak,Kao prije,sfrj,rok,0.5377358490566038,0.7007017543859648,11.4
5cdd63e41916,Parni valjak,Kao ti,sfrj,rok,0.6428571428571429,0.7048979591836735,5.86
5bab4dc32dcb,Parni valjak,Kaži ja,sfrj,rok,0.384,0.6344736842105263,6.27
923b2ef8d224,Parni valjak,Kemija,sfrj,rok,0.6764705882352942,0.7810526315789473,10.19
c434f232102e,Parni valjak,Ljubavna,sfrj,rok,0.5,0.8307964601769912,7.74
ff6bd236513d,Parni valjak,Lutka za bal,sfrj,rok,0.8313253012048193,0.8852941176470589,6.02
2d38275899bb,Parni valjak,Lutrija,sfrj,rok,0.427536231884058,0.5858426966292135,6.9
da697148eb1d,Parni valjak,Ma ‘ajde (gledaj stvari mojim očima),sfrj,rok,0.4897959183673469,0.7148979591836735,10.41
3dcbe624785d,Parni valjak,Mala laž,sfrj,rok,0.5882352941176471,0.7377142857142858,8.17
b5edfc269a1b,Parni valjak,Mijenjam se,sfrj,rok,0.5798319327731093,0.7639999999999999,7.87
92ed75aac9de,Parni valjak,Mir na jastuku,sfrj,rok,0.52,0.7086842105263158,2.21
f68854663c78,Parni valjak,Moja je pjesma lagana,sfrj,rok,0.719626168224299,0.81,9.52
178d8ef60f8c,Parni valjak,Moje dnevne paranoje,sfrj,rok,0.7938144329896907,0.8383333333333334,6.74
48699d58c852,Parni valjak,Molitva,sfrj,rok,0.703125,0.7526582278481013,7.65
15ac8e53eab6,Parni valjak,Ne zovi,sfrj,rok,0.5864661654135338,0.7778571428571429,6.87
68b6f348f700,Parni valjak,Neda,sfrj,rok,0.7619047619047619,0.8228571428571428,9.25
3b15460afc7e,Parni valjak,Nemirno more,sfrj,rok,0.6829268292682927,0.8689189189189189,7.84
80530c38b080,Parni valjak,Oba lica ljubavi,sfrj,rok,0.48091603053435117,0.6892682926829269,7.23
c431e5d8f6b6,Parni valjak,Ona je tako prokleto mlada,sfrj,rok,0.6956521739130435,0.7396969696969697,6.2
f5b339aac81a,Parni valjak,Ostavljam trag,sfrj,rok,0.6170212765957447,0.8208888888888889,5.66
e080cd9e833a,Parni valjak,Otok,sfrj,rok,0.8888888888888888,0.92125,9.3
32f9342fda33,Parni valjak,Pariz,sfrj,rok,0.651685393258427,0.8099999999999999,7.76
6bdb98d49a02,Parni valjak,Povratak ratnika,sfrj,rok,0.711864406779661,0.8295652173913043,7.6
32c59897781d,Parni valjak,Prokleta nedjelja,sfrj,rok,0.6938775510204082,0.8559183673469387,10.95
25d5b4d8ae7c,Parni valjak,Pusti nek’ traje,sfrj,rok,0.7244897959183674,0.8138775510204083,5.1
094e76e5ecf9,Parni valjak,Romansa (sada bih drugačije),sfrj,rok,0.6666666666666666,0.819245283018868,6.9
9ac078ac2b29,Parni valjak,Sai-Baba blues,sfrj,rok,0.8155339805825242,0.8555555555555556,11.95
16192b3cb20c,Parni valjak,Samo san,sfrj,rok,0.48507462686567165,0.7964705882352942,9.49
c0e082d7ff80,Parni valjak,Samo sjećanja,sfrj,rok,0.7934782608695652,0.8772093023255814,8.33
6ea4f0ab7f59,Parni valjak,Sanjam,sfrj,rok,0.654320987654321,0.6975,7.14
299f4a9acd9e,Parni valjak,Sedamsto milja od kuće,sfrj,rok,0.49557522123893805,0.661875,4.52
d07681bbd833,Parni valjak,Sjaj u očima,sfrj,rok,0.6551724137931034,0.8232835820895523,7.42
2dcfb612954c,Parni valjak,Sjećanja,sfrj,rok,0.8450704225352113,0.8681818181818183,6.9
9633faa01565,Parni valjak,Staška,sfrj,rok,0.6888888888888889,0.7360975609756097,7.06
dc21bd08790a,Parni valjak,Stranica dnevnika,sfrj,rok,0.6837606837606838,0.7676470588235295,7.23
1dc0f5440e6f,Parni valjak,Suzama se vatre ne gase,sfrj,rok,0.42105263157894735,0.6895238095238095,6.01
5b64929a4ed0,Parni valjak,Sve još miriše na nju,sfrj,rok,0.7916666666666666,0.8873239436619719,6.87
e90e2223fb0a,Parni valjak,To nije političan song,sfrj,rok,0.44086021505376344,0.6186363636363637,5.04
0ad712e604f7,Parni valjak,Tvoji koraci,sfrj,rok,0.7727272727272727,0.8553846153846154,10.18
21237575911b,Parni valjak,U ljubav vjerujem,sfrj,rok,0.5726495726495726,0.8308823529411765,6.01
282092b61d3d,Parni valjak,U prolazu,sfrj,rok,0.6517857142857143,0.7844444444444445,7.49
92b04a93236b,Parni valjak,Uhvati ritam,sfrj,rok,0.6551724137931034,0.8728358208955224,8.54
f4896b909a95,Parni valjak,Večeras trebam društvo,sfrj,rok,0.5609756097560976,0.7618181818181818,9.32
4efc9f735d2c,Parni valjak,Vrijeme ljubavi,sfrj,rok,0.5567010309278351,0.8295833333333333,8.95
d2abcf5e925f,Parni valjak,Za ljubav treba imat dušu,sfrj,rok,0.7142857142857143,0.74,9.46
48418301485a,Parni valjak,Zagreb ima isti pozivni,sfrj,rok,0.7596153846153846,0.8134545454545455,7.88
bba2b971e3ea,Parni valjak,Zapjevaj,sfrj,rok,0.5962732919254659,0.8507142857142858,7.89
8ba197c744ae,Parni valjak,Zapleši sa mnom ove noći,sfrj,rok,0.7787610619469026,0.891875,6.35
4d63bc36731b,Parni valjak,Zastave,sfrj,rok,0.7235772357723578,0.8972972972972973,8.12
ed5918c413c2,Parni valjak,Zvijezda sjevera,sfrj,rok,0.696969696969697,0.7658823529411765,7.4
80d9f54b2dbc,Prljavo kazalište,449 (Četiri četiri devet – Svaki put kad odlaziš),sfrj,rok,0.5398230088495575,0.7609375,6.92
d94b34ed4c74,Prljavo kazalište,A ti idi,sfrj,rok,0.45390070921985815,0.7497826086956522,5.74
cca0ed853d8d,Prljavo kazalište,Ako odlučiš,sfrj,rok,0.44537815126050423,0.7417142857142858,6.32
148229aca5ea,Prljavo kazalište,Ako tražiš nekoga,sfrj,rok,0.5921052631578947,0.7140740740740741,10.35
7b7b5e4df746,Prljavo kazalište,Anarhist,sfrj,rok,0.6881720430107527,0.7686363636363637,11.06
269675e7663b,Prljavo kazalište,Beznadežni slučaj,sfrj,rok,0.59375,0.777872340425532,9.02
da5a45a4a6a9,Prljavo kazalište,Bježi ptico od mene,sfrj,rok,0.3611111111111111,0.5806779661016949,8.13
5b40a04786f4,Prljavo kazalište,Brane srušit ću sve,sfrj,rok,0.6923076923076923,0.8752727272727273,6.01
d718b469e9db,Prljavo kazalište,Budala malena,sfrj,rok,0.42483660130718953,0.7128846153846153,7.08
e812d631b142,Prljavo kazalište,Buntovnik bez razloga,sfrj,rok,0.6991150442477876,0.7278125,8.83
040e4fd6261d,Prljavo kazalište,Crno-bijeli svijet,sfrj,rok,0.6666666666666666,0.6666666666666666,17.37
9864727abf3f,Prljavo kazalište,Dan za danom,sfrj,rok,0.7868852459016393,0.7916666666666666,9.71
69f983a7253e,Prljavo kazalište,Devedeseta,sfrj,rok,0.6029411764705882,0.7547368421052632,16.28
acdeca52fd83,Prljavo kazalište,Djevojka od milijun dolara,sfrj,rok,0.5714285714285714,0.8046428571428572,9.04
b5dd8bee788a,Prljavo kazalište,Dobar vjetar u leđa,sfrj,rok,0.6385542168674698,0.7841176470588236,8.15
c8f037904760,Prljavo kazalište,"Dobro jutro, šezdeset osmaši",sfrj,rok,0.6412213740458015,0.8631707317073171,9.52
5b62d244edf9,Prljavo kazalište,"Dođi sada, Gospode",sfrj,rok,0.6049382716049383,0.708125,8.06
b9038d1aaa59,Prljavo kazalište,Drugovima ja ne vjerujem,sfrj,rok,0.4791666666666667,0.6357446808510638,11.33
cf7252f9f953,Prljavo kazalište,Evo putujem,sfrj,rok,0.7592592592592593,0.78,8.15
928f3e52783f,Prljavo kazalište,Groblje slonova,sfrj,rok,0.875,0.875,6.91
fad47335f8f8,Prljavo kazalište,Heroj ulice,sfrj,rok,0.415929203539823,0.685625,8.68
af3917f69d4b,Prljavo kazalište,Iz nekih starih razloga,sfrj,rok,0.765625,0.8853333333333333,6.45
7e641510daeb,Prljavo kazalište,Kad si mlad,sfrj,rok,0.3392857142857143,0.6879365079365078,3.77
1170a8be6ec6,Prljavo kazalište,Kao ja da poludiš,sfrj,rok,0.5319148936170213,0.6484444444444445,8.12
46af8ad0a1a3,Prljavo kazalište,Kiše jesenje,sfrj,rok,0.5140845070422535,0.7389247311827957,8.15
7cbec0712d2f,Prljavo kazalište,Korak od sna,sfrj,rok,0.765625,0.76,5.06
0c9cfd17238e,Prljavo kazalište,Korak po korak,sfrj,rok,0.5462184873949579,0.7919999999999999,6.13
f67a5d90ecd9,Prljavo kazalište,"Laku noć, tebi, Zagrebe",sfrj,rok,0.6854838709677419,0.8317333333333333,4.7
33e4a54b417c,Prljavo kazalište,Ljubav je,sfrj,rok,0.5,0.7333333333333333,5.8
416da7279200,Prljavo kazalište,Lupi petama,sfrj,rok,0.37967914438502676,0.7668115942028986,10.61
d0b29f64357d,Prljavo kazalište,Ma kog me boga za tebe pitaju,sfrj,rok,0.5340909090909091,0.7061538461538461,9.66
4b53d31166fe,Prljavo kazalište,Marina,sfrj,rok,0.5263157894736842,0.558695652173913,6.01
2b7f630854e1,Prljavo kazalište,Mi pijemo,sfrj,rok,0.3333333333333333,0.4017391304347826,6.11
10d09f6cd9c5,Prljavo kazalište,Mi plešemo,sfrj,rok,0.49122807017543857,0.5375000000000001,6.01
1ddfaef448ee,Prljavo kazalište,Mi smo svijeta dva,sfrj,rok,0.7671232876712328,0.8258333333333333,6.48
fd368e5bfdd5,Prljavo kazalište,Moj bijeli labude,sfrj,rok,0.717948717948718,0.7917241379310345,9.94
b02536f91ddc,Prljavo kazalište,Moj dom je Hrvatska,sfrj,rok,0.6759259259259259,0.8379661016949153,7.84
a74a850bf51e,Prljavo kazalište,Mojoj majci (ružo hrvatska),sfrj,rok,0.7590361445783133,0.7723529411764707,6.48
9831a258dbd7,Prljavo kazalište,Na Badnje veče,sfrj,rok,0.5641025641025641,0.8785046728971962,6.96
759ac435ca17,Prljavo kazalište,Na živce ide mi,sfrj,rok,0.5803571428571429,0.6847619047619048,6.36
9a54b0088250,Prljavo kazalište,Ne bih te zatajio,sfrj,rok,0.4936708860759494,0.656,8.44
25d2301a8e21,Prljavo kazalište,Ne zovi mama doktora,sfrj,rok,0.7215189873417721,0.7273333333333334,6.16
93220b479a8b,Prljavo kazalište,Nebo zvjezdano,sfrj,rok,0.6708860759493671,0.8593333333333334,9.48
0a6acdfdb698,Prljavo kazalište,Neki dječaci,sfrj,rok,0.6352941176470588,0.8172222222222222,5.78
5b2231ca4e41,Prljavo kazalište,Nemoj mislit da se izvlačim,sfrj,rok,0.6390977443609023,0.9185714285714285,6.87
4671fab125d5,Prljavo kazalište,Nisam bio za tebe,sfrj,rok,0.4264705882352941,0.7813793103448277,7.39
bebca7a397ed,Prljavo kazalište,Nisam ja od pamuka,sfrj,rok,0.821917808219178,0.8833333333333333,7.47
a0bf7a1fa12e,Prljavo kazalište,Nove cipele,sfrj,rok,0.6060606060606061,0.6870588235294117,7.17
c11fd8c29409,Prljavo kazalište,Od sveg zla,sfrj,rok,0.6310679611650486,0.7611111111111112,6.98
63aafc9f83d7,Prljavo kazalište,Ona nema vremena,sfrj,rok,0.5692307692307692,0.8414814814814814,6.15
866d31505f4d,Prljavo kazalište,Oprostio mi Bog,sfrj,rok,0.8214285714285714,0.88,7.18
ac570b8ec180,Prljavo kazalište,Pet dana ratujem,sfrj,rok,0.6792452830188679,0.8217543859649123,8.41
6bb756a089d4,Prljavo kazalište,Pisma ljubavna,sfrj,rok,0.8360655737704918,0.8716666666666667,8.24
ef5915963a37,Prljavo kazalište,Pod sretnom zvijezdom mi smo rođeni,sfrj,rok,0.6086956521739131,0.665,7.3
2cfe20b18d22,Prljavo kazalište,Previše suza u mom pivu,sfrj,rok,0.5655737704918032,0.9063013698630137,9.21
e1853687ebca,Prljavo kazalište,Prisluškuju nas susjedi,sfrj,rok,0.6,0.712258064516129,8.91
2914f3273c7e,Prljavo kazalište,Ptico malena,sfrj,rok,0.7105263157894737,0.7185185185185184,9.7
d0d004fea1b8,Prljavo kazalište,Radio dubrava,sfrj,rok,0.4094488188976378,0.6625641025641026,9.89
a07b846377b6,Prljavo kazalište,S vremena na vrijeme,sfrj,rok,0.32558139534883723,0.7203614457831325,9.18
90039c401364,Prljavo kazalište,Sam,sfrj,rok,0.8571428571428571,0.8571428571428571,6.74
0158b9bb8b0b,Prljavo kazalište,Sanja,sfrj,rok,0.6065573770491803,0.8005479452054794,7.5
8818828d9d00,Prljavo kazalište,Široke ulice,sfrj,rok,0.7017543859649122,0.73,8.37
a9945ecec623,Prljavo kazalište,Skočit ću,sfrj,rok,0.6376811594202898,0.725,5.25
6c4c158c61c3,Prljavo kazalište,Slaži mi,sfrj,rok,0.5337423312883436,0.7926315789473685,7.49
089e80362e1f,Prljavo kazalište,Smeđi šećeru,sfrj,rok,0.42201834862385323,0.605,7.31
95d86b55fbc8,Prljavo kazalište,Sretan Božić,sfrj,rok,0.5660377358490566,0.8392982456140351,9.63
be4bb86dd973,Prljavo kazalište,Šteta što je kurva,sfrj,rok,0.5275590551181102,0.8246153846153845,4.58
46285b1dfca2,Prljavo kazalište,Stoljeće il’ dva,sfrj,rok,0.6870229007633588,0.8175609756097562,9.0
df061119a040,Prljavo kazalište,Strah od letenja,sfrj,rok,0.5315315315315315,0.8438709677419355,10.92
1cb419f914f2,Prljavo kazalište,Sve je lako kad si mlad,sfrj,rok,0.4,0.5616666666666666,3.44
ded6b592f18c,Prljavo kazalište,Tamo imam prijatelje,sfrj,rok,0.48175182481751827,0.8254545454545454,7.39
efab85ee31ef,Prljavo kazalište,Tu noć kad si se udavala,sfrj,rok,0.5950413223140496,0.798888888888889,7.43
f497bc428727,Prljavo kazalište,Uzalud vam trud svirači,sfrj,rok,0.71875,0.8548936170212766,8.93
aab65dfd28b2,Prljavo kazalište,Vlakovi,sfrj,rok,0.7023809523809523,0.8354285714285715,7.82
10626f0ee730,Prljavo kazalište,Vrijeme (sporo prolazi),sfrj,rok,0.5647058823529412,0.7200000000000001,7.02
4d4947fae9ad,Prljavo kazalište,Zaustavite zemlju,sfrj,rok,0.7435897435897436,0.7544827586206896,8.34
88c4dab446fb,Prljavo kazalište,"Zbogom dame, zbogom prijatelji",sfrj,rok,0.7702702702702703,0.8303999999999999,7.78
b24e3bc5cb4e,YU Grupa,Blok,sfrj,rok,0.8554216867469879,0.8594117647058823,8.61
31f47f8ce554,YU Grupa,"Bože, spasi me",sfrj,rok,0.6761904761904762,0.8035714285714286,7.14
08ceb416da2c,YU Grupa,Crni leptir,sfrj,rok,0.8775510204081632,0.8775510204081632,7.27
f095df11fddc,YU Grupa,Čudna šuma,sfrj,rok,0.8244274809160306,0.9107317073170731,7.09
67a304d9fd7b,YU Grupa,Dunave,sfrj,rok,0.6428571428571429,0.7942857142857143,8.1
15f7d3539fc2,YU Grupa,Dunavom još šibaju vetrovi,sfrj,rok,0.8913043478260869,0.8913043478260869,6.73
7f2f464bdc4f,YU Grupa,Duša peva,sfrj,rok,0.6,0.8028169014084507,7.89
d4eba4c901d4,YU Grupa,Galebov let,sfrj,rok,0.9230769230769231,0.92,6.98
d218253ae6ff,YU Grupa,Gledaj samo pravo,sfrj,rok,0.6885245901639344,0.7033333333333333,8.17
f245da6f452e,YU Grupa,"Hej, da me vidiš",sfrj,rok,0.6666666666666666,0.7596226415094339,6.47
319019e780f0,YU Grupa,Ima samo jedna stvar,sfrj,rok,0.8235294117647058,0.8925714285714286,8.78
63e37847c4fd,YU Grupa,Kosovski božuri,sfrj,rok,0.7307692307692307,0.7307692307692307,9.73
bd36b78313b1,YU Grupa,"Moravo, mi smo uz Tita",sfrj,rok,0.5952380952380952,0.6794285714285715,9.38
6f4f1dd9e768,YU Grupa,More,sfrj,rok,0.8481012658227848,0.88,8.79
5830faa4bf81,YU Grupa,Mornar,sfrj,rok,0.6185567010309279,0.8341666666666666,6.67
b57657c921ec,YU Grupa,Ne zovi,sfrj,rok,0.38144329896907214,0.5883333333333334,9.39
ad433350109a,YU Grupa,Nona,sfrj,rok,0.8,0.8,5.79
63150b3440a1,YU Grupa,Od zlata jabuka,sfrj,rok,0.7528089887640449,0.8595,6.33
82e08c597a30,YU Grupa,Odlazim,sfrj,rok,0.9473684210526315,0.94,12.92
11032db4c15f,YU Grupa,Opasno,sfrj,rok,0.6363636363636364,0.6363636363636364,7.21
c4bc0dc6d8e1,YU Grupa,Osveta,sfrj,rok,0.648936170212766,0.7675555555555555,6.66
7dc172fc1abe,YU Grupa,Poslednja pesma,sfrj,rok,0.8507462686567164,0.8433333333333333,5.61
09fe62545c09,YU Grupa,Pustinja,sfrj,rok,0.49019607843137253,0.8776923076923077,7.59
8b5d45baa460,YU Grupa,Reka,sfrj,rok,0.49230769230769234,0.7491358024691358,7.97
045f042302e3,YU Grupa,Ruža vetrova,sfrj,rok,0.7948717948717948,0.9158620689655173,8.7
1d65adfa7ae5,YU Grupa,Sama,sfrj,rok,0.8648648648648649,0.8648648648648649,4.67
fa9efee3c80c,YU Grupa,Sosana,sfrj,rok,0.7164179104477612,0.7833333333333333,5.61
f237ba8fc2e4,YU Grupa,U tami disko kluba,sfrj,rok,0.78,0.78,5.62
fe533f65a706,YU Grupa,Ulica kestena,sfrj,rok,0.8840579710144928,0.9099999999999999,8.03
9a0eeb9c1ae8,YU Grupa,Vreme ljubav ubija,sfrj,rok,0.6101694915254238,0.8434782608695652,6.35
c306fc0037ce,YU Grupa,Zaboravi,sfrj,rok,0.4805194805194805,0.6228571428571429,8.78
5a8fbc50a1f9,YU Grupa,Zar je ljubav to,sfrj,rok,0.5142857142857142,0.5142857142857142,6.0
1de26ebe8ef2,YU Grupa,Zašto ljubav navodi na strah,sfrj,rok,0.5596330275229358,0.7526666666666666,4.61
992bed73df40,Smak,Idi,sfrj,rok,0.6046511627906976,0.6046511627906976,4.74
1925e14508bd,Smak,Ljudi nije fer,sfrj,rok,0.5916666666666667,0.8163380281690141,3.55
b7f060382581,Leb i sol,Autoput,sfrj,rok,0.6896551724137931,0.7789473684210526,6.98
c1fa50c218e2,Leb i sol,Beli mrak,sfrj,rok,0.8904109589041096,0.9125,6.33
83b27d3cc479,Leb i sol,Bonus,sfrj,rok,0.6818181818181818,0.6818181818181818,3.34
dc435bfef195,Leb i sol,Čekam kišu,sfrj,rok,0.5555555555555556,0.654375,5.1
d7d190da9009,Leb i sol,Čudo za tri dana,sfrj,rok,0.8292682926829268,0.890909090909091,7.32
ddf911c69ae6,Leb i sol,Čukni vo drvo,sfrj,rok,0.41472868217054265,0.7396172248803828,7.69
5cd306e285e7,Leb i sol,Čuvam noć od budnih,sfrj,rok,0.6511627906976745,0.8194594594594594,6.98
9eb9e010cfc4,Leb i sol,Femme fatale,sfrj,rok,0.7894736842105263,0.8275,10.02
4bcb9629d4e9,Leb i sol,Hvala na svemu,sfrj,rok,0.8105263157894737,0.8652173913043477,7.38
800cc5e78726,Leb i sol,Igraj,sfrj,rok,0.49375,0.7264864864864865,5.48
350b53ded556,Leb i sol,Ima jedno nešto,sfrj,rok,0.5733333333333334,0.6323076923076923,10.13
6fa5f4b30df6,Leb i sol,Istok-zapad (Telepatski),sfrj,rok,0.7252747252747253,0.8247619047619048,8.41
58b37f9f0eda,Leb i sol,Ja nisam tvoj,sfrj,rok,0.7922077922077922,0.865,4.52
94cd1644a75a,Leb i sol,"Jovano, Jovanke",sfrj,rok,0.5686274509803921,0.58,9.57
5a976bbe4ecc,Leb i sol,Kalabalak,sfrj,rok,0.5374149659863946,0.7779591836734694,7.99
2556a137ae56,Leb i sol,Kao kakao,sfrj,rok,0.5666666666666667,0.5381818181818182,6.13
cd67b8b32716,Leb i sol,Kontakt je skup,sfrj,rok,0.7910447761194029,0.7755555555555556,8.06
5630fef3b181,Leb i sol,Kriza tridesetih,sfrj,rok,0.7849462365591398,0.8313636363636363,8.14
a311d26326f9,Leb i sol,Laku noć,sfrj,rok,0.7746478873239436,0.8018181818181819,8.03
ec6501e3f02e,Leb i sol,Lenja pesma,sfrj,rok,0.7966101694915254,0.8965217391304348,6.13
6a0c0d181cfb,Leb i sol,Let u mestu,sfrj,rok,0.8227848101265823,0.874,8.44
a4930dc55185,Leb i sol,Malo sutra,sfrj,rok,0.7956989247311828,0.9118181818181817,6.36
d5b30a859fc0,Leb i sol,Mamurni ljudi,sfrj,rok,0.6,0.7283870967741934,7.29
299f4e52fa5c,Leb i sol,Njena sena,sfrj,rok,0.746031746031746,0.8553246753246753,6.21
7aa65728e228,Leb i sol,Nosim tvoj žig,sfrj,rok,0.8382352941176471,0.8831578947368421,7.83
de6f4a1dc2a2,Leb i sol,Otrov i med,sfrj,rok,0.6538461538461539,0.7207272727272728,7.92
80b543e7ff71,Leb i sol,Pazi da paziš,sfrj,rok,0.6352941176470588,0.7266666666666667,7.86
d2a2ca8c236a,Leb i sol,Putujemo,sfrj,rok,0.8961038961038961,0.9435714285714285,13.26
084dfbbeed2e,Leb i sol,Romansa,sfrj,rok,0.746268656716418,0.8066666666666666,9.03
6dfd60b3a90c,Leb i sol,Samarkand,sfrj,rok,0.8709677419354839,0.8815384615384616,9.66
031481f1273d,Leb i sol,Sivo je,sfrj,rok,0.6666666666666666,0.7007692307692307,5.38
1b5077956a34,Leb i sol,Skopje,sfrj,rok,0.7348484848484849,0.875421686746988,11.08
892d681b6289,Leb i sol,Sumorno proleće,sfrj,rok,0.8305084745762712,0.8019999999999999,8.34
fa438f4def18,Leb i sol,Tako blizu,sfrj,rok,0.8679245283018868,0.86,10.49
ed2bd2e2d172,Leb i sol,Talasna dužina,sfrj,rok,0.8137254901960784,0.8773584905660378,6.75
241bb02f3e13,Leb i sol,Trač,sfrj,rok,0.8225806451612904,0.8615384615384615,7.81
2e727103ef0e,Leb i sol,U tome je stvar,sfrj,rok,0.6739130434782609,0.8590697674418604,8.87
60c9326061fc,Leb i sol,"Uči me majko, karaj me",sfrj,rok,0.5397489539748954,0.7401052631578947,8.71
deaf0d47e1ae,Leb i sol,Ženama,sfrj,rok,0.7564102564102564,0.7958620689655171,6.73
a61ffc2cfdc0,Leb i sol,Živa rana,sfrj,rok,0.8301886792452831,0.911578947368421,8.09
299c64b8585e,Galija,Čuvam ti mesto pored prozora,sfrj,rok,0.6637931034482759,0.9077611940298508,7.66
091e46a8f11a,Galija,Da li si sanjala,sfrj,rok,0.45045045045045046,0.6216129032258064,6.41
98afbc3cb31b,Galija,Da me nisi,sfrj,rok,0.5416666666666666,0.6630985915492957,8.78
dd52911fae64,Galija,Digni ruku,sfrj,rok,0.45555555555555555,0.6829268292682927,6.4
854cba4f3611,Galija,Dodirni me,sfrj,rok,0.6736842105263158,0.8108695652173913,9.86
32f5b5d8929d,Galija,Još uvek sanjam,sfrj,rok,0.5154639175257731,0.6879166666666667,6.64
32a52ec03116,Galija,Kaća,sfrj,rok,0.6966292134831461,0.8119999999999999,10.59
17e6eaad923f,Galija,Kad me pogledaš,sfrj,rok,0.47474747474747475,0.5492,7.98
27ae44a80d76,Galija,Kao boja tvoga oka,sfrj,rok,0.5813953488372093,0.5567567567567568,10.24
6a55583391f5,Galija,Kotor,sfrj,rok,0.8518518518518519,0.852,11.7
f8b451a0ba15,Galija,Mi znamo sudbu,sfrj,rok,0.7222222222222222,0.8052173913043478,8.22
b22342f36837,Galija,Možda sam lud,sfrj,rok,0.5157894736842106,0.6604347826086957,2.74
1d691b972070,Galija,Na Drini ćuprija,sfrj,rok,0.8,0.8553846153846153,9.37
ce9c4a310f1d,Galija,Na tvojim usnama,sfrj,rok,0.4875,0.5380645161290323,9.13
430b4f14dd15,Galija,Ne mogu da tebe ne poželim,sfrj,rok,0.6483516483516484,0.7799999999999999,7.91
182f03870625,Galija,Ne tugujem ja,sfrj,rok,0.6792452830188679,0.7645614035087719,4.24
fd8ab92aa257,Galija,Noć,sfrj,rok,0.6481481481481481,0.7945762711864407,5.44
836329794f56,Galija,Ona je moja,sfrj,rok,0.5462962962962963,0.6501694915254237,4.55
932ba37a9bd0,Galija,Poljubi me,sfrj,rok,0.7555555555555555,0.8926829268292683,8.24
1443f9ceb4cb,Galija,Pravoslavlje,sfrj,rok,0.7605633802816901,0.77,11.9
3ebe4f7c9af0,Galija,Seti se maja,sfrj,rok,0.7285714285714285,0.781904761904762,7.52
a7cecfc71281,Galija,Skadarska,sfrj,rok,0.464,0.633421052631579,6.8
09148d4253a6,Galija,Ta burna pijana noć,sfrj,rok,0.5290322580645161,0.7424528301886792,5.56
3c408b972b95,Galija,Ti možeš sve,sfrj,rok,0.39156626506024095,0.622051282051282,3.22
12d022217750,Galija,Trube,sfrj,rok,0.5375,0.6832258064516129,7.95
75c23aa921ba,Idoli,Čokolada,sfrj,novi_talas,0.4883720930232558,0.4883720930232558,6.12
b66664686e31,Idoli,Devojko mala,sfrj,novi_talas,0.75,0.7733333333333334,5.19
3e37367dca97,Idoli,Malena,sfrj,novi_talas,0.42142857142857143,0.647012987012987,8.57
2a503ec10fd1,Idoli,Maljčiki,sfrj,novi_talas,0.8133333333333334,0.8715384615384616,12.36
2f265b7bb948,Idoli,Retko te viđam sa devojkama,sfrj,novi_talas,0.575,0.6870967741935484,6.16
a64d03ae50da,Električni orgazam,A ti me opet zoveš,sfrj,novi_talas,0.7121212121212122,0.7611764705882352,5.15
e775002d0d5e,Električni orgazam,A um bum,sfrj,novi_talas,0.6031746031746031,0.6871428571428572,5.5
0977c6af159b,Električni orgazam,Afrika,sfrj,novi_talas,1.0,1.0,10.32
e9aed1de2336,Električni orgazam,Bejbe gde si ti,sfrj,novi_talas,0.675,0.8167741935483871,9.14
8827167eefe6,Električni orgazam,Bejbe ti nisi tu,sfrj,novi_talas,0.4406779661016949,0.62,6.07
6880eb3f548a,Električni orgazam,Da ili ne,sfrj,novi_talas,0.7317073170731707,0.7317073170731707,4.28
77cca59dcc0e,Električni orgazam,Da si tako jaka,sfrj,novi_talas,0.3951612903225806,0.6490666666666667,5.87
532c17046ba7,Električni orgazam,Daj mi sklonište,sfrj,novi_talas,0.5922330097087378,0.7351851851851853,4.77
04eb2e7684ab,Električni orgazam,Dajem ljubav,sfrj,novi_talas,0.696969696969697,0.696969696969697,4.43
0e7357ae728e,Električni orgazam,Danas je dan,sfrj,novi_talas,0.7288135593220338,0.75,2.85
f11aacb1d99f,Električni orgazam,Danas nisam sasvim svoj,sfrj,novi_talas,0.8032786885245902,0.8333333333333334,6.03
7d6e0a06eb03,Električni orgazam,Debela devojka,sfrj,novi_talas,0.5875,0.7064516129032258,13.06
a88ef7ede998,Električni orgazam,Devojke,sfrj,novi_talas,0.6833333333333333,0.6818181818181818,9.17
b29a263cd923,Električni orgazam,Dokolica,sfrj,novi_talas,0.9411764705882353,0.9411764705882353,19.55
ea1447357865,Električni orgazam,Električni orgazam,sfrj,novi_talas,0.7169811320754716,0.745,13.72
33e469e97219,Električni orgazam,Evo sada vidiš da može,sfrj,novi_talas,0.7222222222222222,0.7222222222222222,7.14
b900c06aa603,Električni orgazam,Fleke,sfrj,novi_talas,0.796875,0.86,8.01
6f90d8f1f883,Električni orgazam,Fras u šupi,sfrj,novi_talas,0.9,0.9472727272727273,12.96
5e30acb1ab7f,Električni orgazam,Gde da nađem takvu devojku,sfrj,novi_talas,0.6595744680851063,0.6595744680851063,7.16
f81c4f9943a8,Električni orgazam,Glave,sfrj,novi_talas,0.72,0.72,9.98
c4c33aa08b8f,Električni orgazam,Hajde reci sada ti,sfrj,novi_talas,0.6428571428571429,0.7390476190476191,4.49
945c9e8df15a,Električni orgazam,"Hajde, bejbe (daj da vidim sad)",sfrj,novi_talas,0.46153846153846156,0.6190476190476191,3.61
b7cf24f3eda8,Električni orgazam,"Hajde, hajde, devojko",sfrj,novi_talas,0.6764705882352942,0.6764705882352942,5.85
20b6fb251ccb,Električni orgazam,Halucinacije,sfrj,novi_talas,0.7846153846153846,0.76875,6.98
6080a2a250d2,Električni orgazam,"Hej, ti",sfrj,novi_talas,0.6794871794871795,0.7075862068965517,5.22
d087eeda8583,Električni orgazam,Hodam sad kao zombi,sfrj,novi_talas,0.574468085106383,0.574468085106383,6.78
789455d37401,Električni orgazam,Hteo bih da znam,sfrj,novi_talas,0.7222222222222222,0.7222222222222222,2.2
4c06e25ba105,Električni orgazam,I nikog nema da nas probudi,sfrj,novi_talas,0.5833333333333334,0.5963636363636363,4.45
25a413b3a48e,Električni orgazam,Igra rock’n’roll cela Jugoslavija,sfrj,novi_talas,0.46153846153846156,0.8219148936170213,10.71
dc81e80281bb,Električni orgazam,Infekcija,sfrj,novi_talas,0.8837209302325582,0.8837209302325582,5.97
e4686757c380,Električni orgazam,Istina nema kraj,sfrj,novi_talas,0.5138888888888888,0.6121739130434782,3.75
38af22c76c43,Električni orgazam,Ja nisam znao neke stvari,sfrj,novi_talas,0.8064516129032258,0.9286363636363636,6.98
7612c7bc773a,Električni orgazam,Ja sam sasvim normalan,sfrj,novi_talas,0.7288135593220338,0.78,2.98
01f60784c752,Električni orgazam,Ja sam težak kao konj,sfrj,novi_talas,0.44,0.6982178217821782,5.98
12751be00168,Električni orgazam,Jak kao kamen,sfrj,novi_talas,0.5625,0.5625,6.69
0b145c6bd65e,Električni orgazam,Kad si sam,sfrj,novi_talas,0.8,0.8,6.33
9e4d1250b62b,Električni orgazam,Kad sve devojke budu moje,sfrj,novi_talas,0.4492753623188406,0.546,4.63
50dacbdec894,Električni orgazam,Kakav je to svet,sfrj,novi_talas,0.7358490566037735,0.78,4.92
d73fa4c2af26,Električni orgazam,Kako bubanj kaže,sfrj,novi_talas,0.36363636363636365,0.4735714285714286,8.25
2de4d2e6f652,Električni orgazam,Kapetan esid,sfrj,novi_talas,0.5315315315315315,0.5980645161290322,9.66
906e610cb40b,Električni orgazam,Kažu mi da te vratim mami,sfrj,novi_talas,0.6172839506172839,0.711875,5.18
d444aea69a51,Električni orgazam,Klinci traže zabavu,sfrj,novi_talas,0.7714285714285715,0.7714285714285715,11.06
858461ae2028,Električni orgazam,Ko se sada seća svega,sfrj,novi_talas,0.8181818181818182,0.8578571428571429,6.75
05dbcf715d85,Električni orgazam,Konobar,sfrj,novi_talas,0.8292682926829268,0.8292682926829268,7.33
a2cf94df30f9,Električni orgazam,Krokodili dolaze,sfrj,novi_talas,0.5303030303030303,0.5870588235294116,4.7
0f2d2d302230,Električni orgazam,"Lui, Lui",sfrj,novi_talas,0.803030303030303,0.8776470588235294,6.08
2547aaf7e8a6,Električni orgazam,Magična ruka,sfrj,novi_talas,0.7123287671232876,0.7941666666666666,7.98
684b2adb90c7,Električni orgazam,Mentalno,sfrj,novi_talas,0.717948717948718,0.717948717948718,10.85
bf6bbdc95fef,Električni orgazam,Metadonska terapija,sfrj,novi_talas,0.5308641975308642,0.7,9.84
04c13ada1328,Električni orgazam,Mislim da sam lud,sfrj,novi_talas,0.6956521739130435,0.6956521739130435,7.59
1cbf63f0f596,Električni orgazam,Moj je život paranoja,sfrj,novi_talas,0.5702479338842975,0.7516666666666666,6.74
59590d203f27,Električni orgazam,Ne postojim,sfrj,novi_talas,0.5,0.58,3.52
d18caffbb078,Električni orgazam,Nebo,sfrj,novi_talas,0.9523809523809523,0.9523809523809523,8.93
ff1ba0ce7b49,Električni orgazam,Nebo broji korake,sfrj,novi_talas,0.8253968253968254,0.8257142857142856,6.72
6374183eae8c,Električni orgazam,Neka sada vide svi,sfrj,novi_talas,0.8727272727272727,0.8766666666666666,4.39
677b100ed7dd,Električni orgazam,Neka vetar nosi,sfrj,novi_talas,0.6447368421052632,0.6955555555555556,7.69
dd2ef3c1bf2b,Električni orgazam,Nezgodno,sfrj,novi_talas,0.9333333333333333,0.9333333333333333,7.21
3a0ca66f9b07,Električni orgazam,Nikog više ne čekam,sfrj,novi_talas,0.6753246753246753,0.74,6.48
5f6666b75fba,Električni orgazam,Odelo,sfrj,novi_talas,0.8028169014084507,0.8818181818181817,10.52
b9a819f06d38,Električni orgazam,Ona šeta psa,sfrj,novi_talas,0.7575757575757576,0.8411764705882352,5.25
ec091545cd9a,Električni orgazam,Ona uvek želi sve,sfrj,novi_talas,0.7323943661971831,0.7654545454545455,10.32
c9cc41a7042d,Električni orgazam,Oslobodi se (u krugu svetlosti),sfrj,novi_talas,0.696969696969697,0.7764705882352941,9.99
57cdd326accf,Električni orgazam,Ovde je podzemlje,sfrj,novi_talas,0.5833333333333334,0.5833333333333334,11.9
686ac349f2a1,Električni orgazam,Pet je šest,sfrj,novi_talas,0.7297297297297297,0.7297297297297297,-1.71
3f3c1a8c5477,Električni orgazam,Pobuna,sfrj,novi_talas,0.7857142857142857,0.7857142857142857,4.6
310a8d9dfb42,Električni orgazam,Podstanar,sfrj,novi_talas,0.9069767441860465,0.9069767441860465,9.56
ff4ba9340609,Električni orgazam,Pođimo,sfrj,novi_talas,0.8,0.8,13.71
6b501728969c,Električni orgazam,Pojmove ne povezujem,sfrj,novi_talas,0.8113207547169812,0.83,14.05
fa23cba9a0ef,Električni orgazam,Poljubi me i priznaj mi,sfrj,novi_talas,0.6276595744680851,0.7786666666666666,4.64
5f0229dbe024,Električni orgazam,Prestani,sfrj,novi_talas,0.7924528301886793,0.81,4.93
2e0c852b1953,Električni orgazam,Princeza,sfrj,novi_talas,0.7066666666666667,0.8146153846153846,8.37
a6e2985de355,Električni orgazam,Prljava mala devojčica,sfrj,novi_talas,0.5660377358490566,0.585,11.64
08518462aef4,Električni orgazam,Promene,sfrj,novi_talas,0.7247706422018348,0.856,7.42
cc1a8ee004c4,Električni orgazam,Protiv sebe,sfrj,novi_talas,0.8292682926829268,0.8672727272727273,5.84
e84356383007,Električni orgazam,Rasipam se,sfrj,novi_talas,0.7407407407407407,0.744,5.83
19d5033afb34,Električni orgazam,Reči lete baš bez veze,sfrj,novi_talas,0.8873239436619719,0.9372727272727274,7.73
84965af7550c,Električni orgazam,Ša la la,sfrj,novi_talas,0.6964285714285714,0.7028571428571428,9.01
a68b6dfab972,Električni orgazam,Sada svaka majka zna,sfrj,novi_talas,0.7727272727272727,0.7727272727272727,8.64
e8e41658af35,Električni orgazam,Sam sa tobom,sfrj,novi_talas,0.6493506493506493,0.7000000000000001,4.82
ad9a3c08d620,Električni orgazam,Sasvim sam,sfrj,novi_talas,0.7666666666666667,0.7666666666666667,3.39
19b874d5bf9f,Električni orgazam,"Seks, droga, nasilje i strah",sfrj,novi_talas,0.4016393442622951,0.6005479452054795,4.37
66b679f15ffb,Električni orgazam,Senke zidova,sfrj,novi_talas,0.725,0.8019354838709677,6.62
54396a3a2ced,Električni orgazam,Sijaj sad kao novo sunce,sfrj,novi_talas,0.8918918918918919,0.8918918918918919,7.9
ac57f762c018,Električni orgazam,Skamenjen,sfrj,novi_talas,0.75,0.75,13.97
9086f398ddc5,Električni orgazam,Skloke ploke flonge,sfrj,novi_talas,0.8947368421052632,0.8947368421052632,9.98
407e7402a6b6,Električni orgazam,Spojimo se sad,sfrj,novi_talas,0.7105263157894737,0.8348148148148148,5.36
7d3ffa1f8d1c,Električni orgazam,Sunce zna da mesec zna,sfrj,novi_talas,0.8333333333333334,0.8333333333333334,3.94
e2c8936bdb09,Električni orgazam,Suze nisu dovoljne (da te operu),sfrj,novi_talas,0.6296296296296297,0.756875,7.73
dee623f95ef1,Električni orgazam,Svaka nova noć,sfrj,novi_talas,0.7671232876712328,0.8141666666666666,5.75
0a6af12ca974,Električni orgazam,Sve ste vi naše devojke,sfrj,novi_talas,0.28888888888888886,0.5858139534883722,4.02
d26331cd7cc7,Električni orgazam,"Sve što radim, radim za nju",sfrj,novi_talas,0.4691358024691358,0.5725,6.12
f8d454484add,Električni orgazam,"Svečane bele košulje (Anica Dobra, iz filma “Crni bombarder”)",sfrj,novi_talas,0.5913978494623656,0.7772727272727273,5.02
9e9dea9653df,Električni orgazam,Svi ljudi i sve žene,sfrj,novi_talas,0.6851851851851852,0.7311864406779661,5.66
459b63583025,Električni orgazam,Ti,sfrj,novi_talas,0.4013605442176871,0.7093877551020408,4.86
370c85c714fa,Električni orgazam,Ti radiš sve,sfrj,novi_talas,0.5833333333333334,0.6885714285714286,5.36
55c4d9f30e35,Električni orgazam,Tome neće doći kraj,sfrj,novi_talas,0.5945945945945946,0.7135483870967743,4.39
62847583e9ac,Električni orgazam,Tvoj dan,sfrj,novi_talas,0.5862068965517241,0.6444444444444444,4.2
a8608c93999e,Električni orgazam,Umetnost,sfrj,novi_talas,0.591304347826087,0.7190909090909091,7.28
090ee965d9c8,Električni orgazam,Vi,sfrj,novi_talas,0.9210526315789473,0.9210526315789473,12.35
34ce4d1b01e0,Električni orgazam,Vidim svoj lik,sfrj,novi_talas,0.5535714285714286,0.5885714285714286,7.05
ca8c1f23438a,Električni orgazam,Više nikad kao nekad,sfrj,novi_talas,0.7608695652173914,0.7608695652173914,5.44
40fbaa0b6af2,Električni orgazam,Više nisam tvoj,sfrj,novi_talas,0.6338028169014085,0.7154545454545455,7.27
8601f2e77066,Električni orgazam,Voda u moru,sfrj,novi_talas,0.484375,0.5253333333333334,6.56
cf9234907f1c,Električni orgazam,Vreme je za akciju,sfrj,novi_talas,0.75,0.75,10.23
28303dfd2963,Električni orgazam,Vudu bluz,sfrj,novi_talas,0.6835443037974683,0.7106666666666667,3.73
09b0e1ff990e,Električni orgazam,Zagreb,sfrj,novi_talas,0.8333333333333334,0.8333333333333334,8.15
51e2033256fd,Električni orgazam,Zašto da ne,sfrj,novi_talas,0.5294117647058824,0.5294117647058824,2.27
cf5e99b00210,Električni orgazam,Zato stojim sam,sfrj,novi_talas,0.7333333333333333,0.7333333333333333,3.47
914cb769a845,Električni orgazam,Zlatni papagaj,sfrj,novi_talas,0.5886524822695035,0.8321739130434783,11.09
2e3c16876684,Električni orgazam,Žuto,sfrj,novi_talas,0.8947368421052632,0.8947368421052632,9.87
51fdbd227457,Haustor,Bi’ mogo da mogu,sfrj,novi_talas,0.7058823529411765,0.8467924528301888,7.0
c752f76dd9bd,Haustor,Čudne misli,sfrj,novi_talas,0.92,0.92,6.18
ec3a5a04b424,Haustor,Djevojke u ljetnim haljinama,sfrj,novi_talas,0.6060606060606061,0.6060606060606061,7.35
e2b788b3c44d,Haustor,Donje strane munje,sfrj,novi_talas,0.9038461538461539,0.9066666666666667,10.02
281c922642f8,Haustor,Duhovi,sfrj,novi_talas,0.7588652482269503,0.872391304347826,9.01
57424ced8b60,Haustor,Ena,sfrj,novi_talas,0.5525114155251142,0.8447058823529412,6.59
1fbeb9c62169,Haustor,Ja želim,sfrj,novi_talas,0.7407407407407407,0.756,5.31
e1e61a8198e3,Haustor,Mijenjam se,sfrj,novi_talas,0.6306306306306306,0.7225806451612903,7.76
ac1ede3f9345,Haustor,Moja prva ljubav,sfrj,novi_talas,0.27358490566037735,0.4705263157894737,8.44
29364591fd7e,Haustor,Nada,sfrj,novi_talas,0.8392857142857143,0.8542857142857142,5.83
5a7828c58bbe,Haustor,Neobičan dan,sfrj,novi_talas,0.3333333333333333,0.5674336283185841,9.04
01847799abf0,Haustor,Noć u gradu,sfrj,novi_talas,0.7313432835820896,0.8915294117647059,7.54
ba941a6ae50c,Haustor,Radio,sfrj,novi_talas,0.8688524590163934,0.8566666666666666,11.43
4448170c945c,Haustor,Radnička klasa odlazi u raj,sfrj,novi_talas,0.5435897435897435,0.7521917808219178,10.08
bb6628d7075d,Haustor,Šal od svile,sfrj,novi_talas,0.6044776119402985,0.8162352941176471,7.58
cdd7b76d2d7c,Haustor,Samo na čas,sfrj,novi_talas,0.36,0.5074509803921569,4.16
eeb38391a8b8,Haustor,Sejmeni,sfrj,novi_talas,0.36324786324786323,0.6379459459459459,6.46
5cee86871d38,Haustor,Šejn,sfrj,novi_talas,0.47035573122529645,0.8568627450980393,7.57
5ce1b3c3a8c8,Haustor,Skidaj se,sfrj,novi_talas,0.6176470588235294,0.6456603773584906,6.46
817d7119c24f,Haustor,Skriven iza lažnih imena,sfrj,novi_talas,0.788135593220339,0.9478260869565218,9.31
f5ae79e63f25,Haustor,Tajni grad,sfrj,novi_talas,0.625,0.7752380952380953,5.62
cd01c14fecc1,Haustor,Take The Money And Run,sfrj,novi_talas,0.3695652173913043,0.6354074074074074,5.19
00b2bfaaa0e2,Haustor,Tko je to,sfrj,novi_talas,0.5590551181102362,0.6715384615384615,4.62
f5b26fb63fe3,Haustor,Treći svijet,sfrj,novi_talas,0.21875,0.46895104895104894,8.1
2ce3b5233a0b,Haustor,Uhode,sfrj,novi_talas,0.6326530612244898,0.6326530612244898,8.21
14c132f3bbd9,Haustor,Ula ulala,sfrj,novi_talas,0.6193181818181818,0.8089763779527559,7.62
ab36430c6144,Haustor,Uzalud pitaš,sfrj,novi_talas,0.6174496644295302,0.8704000000000001,8.62
e2971b6859e1,Zdravko Čolić,A sad sam ja na redu,sfrj,pop,0.7764705882352941,0.7983333333333333,5.22
3ac72c5e51bc,Zdravko Čolić,Adam i Eva,sfrj,pop,0.7419354838709677,0.7661538461538461,7.72
d6f2295d9e91,Zdravko Čolić,Afrika,sfrj,pop,0.65,0.6764705882352942,11.02
30af36fac1b4,Zdravko Čolić,Ajde idi,sfrj,pop,0.7358490566037735,0.8242105263157894,7.07
fefdbb3a41a3,Zdravko Čolić,"Ajde, ajde, Jasmina",sfrj,pop,0.7758620689655172,0.8133333333333334,9.34
6509c7a939f6,Zdravko Čolić,Ako jednom budeš sama,sfrj,pop,0.5333333333333333,0.7785915492957747,6.14
05aaccb65992,Zdravko Čolić,Anđela,sfrj,pop,0.6496815286624203,0.8592592592592593,9.78
8119b2ea8a08,Zdravko Čolić,Ao nono bijela,sfrj,pop,0.6666666666666666,0.66,10.92
acfb8cf351d0,Zdravko Čolić,April u Beogradu,sfrj,pop,0.5943396226415094,0.8536842105263157,9.42
12e7d68fbdd1,Zdravko Čolić,Balerina,sfrj,pop,0.7319587628865979,0.80625,7.9
eaf48d88bcc0,Zdravko Čolić,Bar jedan ples,sfrj,pop,0.5980392156862745,0.7000000000000001,5.71
cc0aaed7cf36,Zdravko Čolić,Bembaša,sfrj,pop,0.6160337552742616,0.8451063829787234,5.48
f8a80ca90fa4,Zdravko Čolić,Bila si bolja,sfrj,pop,0.7450980392156863,0.8173584905660377,4.21
c3b2809dd07b,Zdravko Čolić,Biti il’ ne biti,sfrj,pop,0.6981132075471698,0.8164912280701754,9.19
dea01e52cee5,Zdravko Čolić,Bling blinge bling,sfrj,pop,0.8307692307692308,0.8325,7.22
7973cecf4d99,Zdravko Čolić,Brodolomci,sfrj,pop,0.6585365853658537,0.8389189189189189,6.41
5cf81e3d59f4,Zdravko Čolić,Caje sukarije,sfrj,pop,0.7142857142857143,0.8329870129870129,10.58
c874293f55e6,Zdravko Čolić,Čarape crne,sfrj,pop,0.6847826086956522,0.833953488372093,8.14
084396d5b413,Zdravko Čolić,"Cherie, cherie",sfrj,pop,0.5639097744360902,0.840952380952381,7.69
8252d35eacfe,Zdravko Čolić,Čija je ono zvijezda,sfrj,pop,0.6236559139784946,0.8381818181818183,7.56
486a0ef772fc,Zdravko Čolić,Čini ti se grmi,sfrj,pop,0.8082191780821918,0.8224999999999999,7.85
bddb2504aff3,Zdravko Čolić,Cura iz Zenice,sfrj,pop,0.8253968253968254,0.8242857142857142,10.36
d6e8654aafed,Zdravko Čolić,Da mi nije ove moje tuge,sfrj,pop,0.6790123456790124,0.80375,7.35
28910ff6e3c6,Zdravko Čolić,Da ti kažem šta mi je,sfrj,pop,0.7368421052631579,0.8217391304347825,6.13
3534de119ae7,Zdravko Čolić,Daj mi to,sfrj,pop,0.4672897196261682,0.6475862068965518,3.71
6c522a37e86d,Zdravko Čolić,Dome moj,sfrj,pop,0.7391304347826086,0.8299999999999998,4.2
ff0a3cf6c651,Zdravko Čolić,Doviđenja,sfrj,pop,0.717948717948718,0.786470588235294,5.65
424d9b88cf5f,Zdravko Čolić,Druže Tito mi ti se kunemo,sfrj,pop,0.75,0.7919999999999999,9.17
5f8eb4b3c876,Zdravko Čolić,"E draga, draga",sfrj,pop,0.890625,0.892,7.32
1f0542c24012,Zdravko Čolić,Glavo luda,sfrj,pop,0.8852459016393442,0.93,9.21
eb610611b273,Zdravko Čolić,Gori vatra,sfrj,pop,0.7301587301587301,0.7700000000000001,5.08
40e008505ce1,Zdravko Čolić,Gospa Mica gazdarica,sfrj,pop,0.6941176470588235,0.8311111111111111,7.51
b162f857cc77,Zdravko Čolić,Hajmo negdje nasamo,sfrj,pop,0.47058823529411764,0.7079338842975207,7.67
2691b4d43a9c,Zdravko Čolić,Hej suzo,sfrj,pop,0.6272727272727273,0.7659016393442623,6.42
4fe49b79744d,Zdravko Čolić,Hotel Balkan,sfrj,pop,0.6935483870967742,0.78,6.44
9e6f206ddf06,Zdravko Čolić,Hvala ti nebo,sfrj,pop,0.8771929824561403,0.88,5.72
f14799b91152,Zdravko Čolić,I ‘m not a robot man,sfrj,pop,0.33079847908745247,0.6125233644859813,3.33
9e86f6619532,Zdravko Čolić,I šta tebe briga šta ja radim,sfrj,pop,0.6347305389221557,0.7820338983050847,8.58
ac140eb13788,Zdravko Čolić,Idem da odmorim,sfrj,pop,0.8152173913043478,0.8144186046511627,9.55
1c8bc589e9e6,Zdravko Čolić,Igra,sfrj,pop,0.8202247191011236,0.85,4.71
b677f0b0af8b,Zdravko Čolić,Igraš se vatrom,sfrj,pop,0.7236842105263158,0.7866666666666666,3.96
cf85ebee3c5d,Zdravko Čolić,Isti put,sfrj,pop,0.821917808219178,0.8516666666666666,4.87
0964c5a0c074,Zdravko Čolić,"Jako, jako slabo srce zavodiš",sfrj,pop,0.7647058823529411,0.76,9.2
ee83018ffdbd,Zdravko Čolić,Jastreb,sfrj,pop,0.6911764705882353,0.8210526315789474,5.33
f2759ad8a4f6,Zdravko Čolić,Jedina,sfrj,pop,0.6728971962616822,0.8041379310344827,5.24
a8cf8bf02efe,Zdravko Čolić,Jedna zima sa Kristinom,sfrj,pop,0.7735849056603774,0.8533333333333334,9.0
63ef8330b244,Zdravko Čolić,Juče još,sfrj,pop,0.6268656716417911,0.7395294117647059,5.42
a350e6faee00,Zdravko Čolić,Julija,sfrj,pop,0.5765765765765766,0.8003225806451613,8.39
18fb8beddfaa,Zdravko Čolić,Južnjaci,sfrj,pop,0.8333333333333334,0.8435294117647059,7.49
05feee2df4b6,Zdravko Čolić,Kad bi moja bila,sfrj,pop,0.8024691358024691,0.8575,9.24
5b65493997ef,Zdravko Čolić,Kao moja mati,sfrj,pop,0.7931034482758621,0.8222222222222222,6.44
1af1788eaaa6,Zdravko Čolić,Kažeš da ti nekad izgledam ko Dunav,sfrj,pop,0.5374149659863946,0.8630612244897959,7.1
4fd634bfbdb6,Zdravko Čolić,Ko te ljubi kad nisam tu,sfrj,pop,0.6538461538461539,0.7749090909090909,5.16
93e76f446bf4,Zdravko Čolić,Konačno sam,sfrj,pop,0.6228070175438597,0.7356923076923076,6.94
c47abc736166,Zdravko Čolić,Krasiva,sfrj,pop,0.47619047619047616,0.7248979591836735,5.16
cd63641a5618,Zdravko Čolić,Kristina,sfrj,pop,0.6187050359712231,0.8813333333333333,10.26
1c31e015871d,Zdravko Čolić,Kuba,sfrj,pop,0.6833333333333333,0.7822535211267605,7.78
44a2460f67af,Zdravko Čolić,Kukavica,sfrj,pop,0.9242424242424242,0.9764705882352942,7.17
566fdf500ea6,Zdravko Čolić,Ljubav ima lažni sjaj,sfrj,pop,0.7469879518072289,0.82,3.92
b9f024327594,Zdravko Čolić,Ljubav je ljubav,sfrj,pop,0.7402597402597403,0.7535714285714287,6.99
9b6f8f011f62,Zdravko Čolić,Ljubav je samo riječ,sfrj,pop,0.61,0.735686274509804,7.12
604c0be5aa9c,Zdravko Čolić,Ljubomora,sfrj,pop,0.7192982456140351,0.725,12.5
724e21877559,Zdravko Čolić,Loš glas,sfrj,pop,0.4523809523809524,0.6240336134453782,3.04
9c005a2c1fc0,Zdravko Čolić,Loše vino,sfrj,pop,0.6705882352941176,0.7777777777777778,5.64
ed454046d073,Zdravko Čolić,Madre Mia,sfrj,pop,0.6387096774193548,0.849622641509434,4.74
5bfe00e8b5f0,Zdravko Čolić,Mađarica,sfrj,pop,0.7701149425287356,0.9078947368421053,8.42
5cb653efe16e,Zdravko Čolić,Majsko sunce,sfrj,pop,0.6721311475409836,0.7533333333333333,8.74
5fdf86c34fde,Zdravko Čolić,Malo pojačaj radio,sfrj,pop,0.864406779661017,0.874,6.74
d853c9e10a10,Zdravko Čolić,Mangupska,sfrj,pop,0.6528925619834711,0.7719444444444444,6.46
b621b719df69,Zdravko Čolić,Maslinasto zelena,sfrj,pop,0.7471264367816092,0.7810526315789473,7.39
85403dd6ade6,Zdravko Čolić,Mastilo i voda,sfrj,pop,0.254416961130742,0.6237606837606838,6.38
d6a21c8da069,Zdravko Čolić,Melanholija,sfrj,pop,0.6276595744680851,0.7293333333333334,8.05
a61b74f05a45,Zdravko Čolić,"Mjerkam te, mjerkam",sfrj,pop,0.6972477064220184,0.7906666666666667,5.9
3ecc970ac7cb,Zdravko Čolić,Mnogo hvala,sfrj,pop,0.460431654676259,0.6382222222222222,6.02
bb40daf36536,Zdravko Čolić,Moj bol,sfrj,pop,0.4479166666666667,0.7868085106382979,8.41
6f53291a9e06,Zdravko Čolić,Moja draga,sfrj,pop,0.7282608695652174,0.8604651162790697,7.57
afab702293c3,Zdravko Čolić,Na adresi ti piše,sfrj,pop,0.6923076923076923,0.7965517241379311,9.85
c3f730b32178,Zdravko Čolić,Na ovaj dan,sfrj,pop,0.5602409638554217,0.8266666666666667,8.62
065007678268,Zdravko Čolić,Ne daj se mladosti,sfrj,pop,0.8771929824561403,0.87,8.62
836c7438e4d9,Zdravko Čolić,Ne dam ti svoju ljubav,sfrj,pop,0.796875,0.8640000000000001,4.37
d80640cc4898,Zdravko Čolić,"Ne kunite, ne krivite",sfrj,pop,0.43956043956043955,0.8145864661654135,7.15
b520dc0c292a,Zdravko Čolić,Ne mogu biti tvoj,sfrj,pop,0.6979166666666666,0.7846808510638298,4.53
4470733f332a,Zdravko Čolić,Negdje na dnu srca,sfrj,pop,0.8172043010752689,0.8645454545454545,6.61
f504b1d7cd3b,Zdravko Čolić,Nevjera,sfrj,pop,0.6370370370370371,0.7986046511627908,5.84
7c08c3e3bc5e,Zdravko Čolić,Nevjerna žena,sfrj,pop,0.6571428571428571,0.7533333333333333,8.61
06d7a48a8a32,Zdravko Čolić,Ničiji i svačiji,sfrj,pop,0.8444444444444444,0.8897560975609757,9.94
16b8d536014b,Zdravko Čolić,Noć mi te duguje,sfrj,pop,0.7314814814814815,0.8525423728813559,7.22
6a47af542d35,Zdravko Čolić,Nove lakovane cipelice,sfrj,pop,0.7571428571428571,0.7361904761904762,10.05
618895b80f99,Zdravko Čolić,Odvešću te,sfrj,pop,0.5083333333333333,0.7673239436619719,7.78
6624f95e6d19,Zdravko Čolić,"Oj, djevojko selen velen",sfrj,pop,0.7083333333333334,0.7391304347826086,6.74
2b17846c5f10,Zdravko Čolić,Okano,sfrj,pop,0.4888888888888889,0.7585365853658537,7.51
d73f9f04f1e7,Zdravko Čolić,"Oktobar je, počinje sezona kiša",sfrj,pop,0.676056338028169,0.7272727272727273,4.92
951a949dc265,Zdravko Čolić,Ona spava,sfrj,pop,0.49038461538461536,0.6192727272727273,7.25
80ad3990c95f,Zdravko Čolić,Ostanimo prijatelji,sfrj,pop,0.6533333333333333,0.73,6.85
cf70f8330ce3,Zdravko Čolić,Osvojio bi’ sve,sfrj,pop,0.75,0.75,8.48
22966a7e92e7,Zdravko Čolić,Pamti me po dobru,sfrj,pop,0.5693430656934306,0.7156818181818182,6.33
171f6847f949,Zdravko Čolić,Pisaću joj pisma duga,sfrj,pop,0.8421052631578947,0.8782608695652173,8.21
842542638103,Zdravko Čolić,Pjesmo moja,sfrj,pop,0.6875,0.756,9.35
b343d9c48ba6,Zdravko Čolić,Pjevaću za svoju dušu,sfrj,pop,0.8229166666666666,0.8761702127659574,6.93
bc6acc2d2662,Zdravko Čolić,"Pjevaj, pjevaj na kletoj gitari",sfrj,pop,0.7888888888888889,0.8468292682926829,7.84
84da4328fe10,Zdravko Čolić,"Pjevam danju, pjevam noću",sfrj,pop,0.6666666666666666,0.67,8.51
2edb2d7e07ff,Zdravko Čolić,Pobjegnimo koji dan na more,sfrj,pop,0.5967741935483871,0.8178666666666667,8.28
7ab8127d21a2,Zdravko Čolić,Pod lumbrelom,sfrj,pop,0.6363636363636364,0.7959999999999999,6.58
eb6e85fce79a,Zdravko Čolić,Pogledaj u nebo,sfrj,pop,0.8095238095238095,0.812,4.93
971c92045208,Zdravko Čolić,Poslije raskoši i sjaja,sfrj,pop,0.7021276595744681,0.7751111111111112,7.53
627d48dc7516,Zdravko Čolić,Prava stvar,sfrj,pop,0.7325581395348837,0.8167567567567567,5.03
c18a68b5b554,Zdravko Čolić,Produži dalje,sfrj,pop,0.7837837837837838,0.8341935483870968,7.84
33b667b0a21b,Zdravko Čolić,"Pusti, pusti modu",sfrj,pop,0.7681159420289855,0.79,11.45
41bfcf87be6d,Zdravko Čolić,Rijeka suza i na njoj lađa,sfrj,pop,0.8360655737704918,0.875,7.37
c83f36205501,Zdravko Čolić,"Rodi me, majko, sretnog",sfrj,pop,0.42857142857142855,0.6357142857142858,7.28
64a35ec5127a,Zdravko Čolić,Rođendanska pjesma,sfrj,pop,0.7681159420289855,0.8009999999999999,9.63
360a0813a60a,Zdravko Čolić,Ruska,sfrj,pop,0.7363636363636363,0.8721311475409836,7.82
f54b0eba6f02,Zdravko Čolić,"Sačuvaj me, Bože, njene ljubavi",sfrj,pop,0.7752808988764045,0.8629457364341084,8.73
7836605af409,Zdravko Čolić,Samo kad mi kažeš ljubav,sfrj,pop,0.5968992248062015,0.8157500000000001,7.18
13d154558e76,Zdravko Čolić,Samo ona zna,sfrj,pop,0.5675675675675675,0.6980645161290323,5.6
376c8dbff3fb,Zdravko Čolić,Sarajevo,sfrj,pop,0.6923076923076923,0.7965517241379311,9.85
a1b27b285376,Zdravko Čolić,Sinoć nisi bila tu,sfrj,pop,0.8313253012048193,0.8852941176470589,4.65
e129cf34a5fc,Zdravko Čolić,Sjedni mi u krilo,sfrj,pop,0.6456692913385826,0.7430769230769231,6.17
5c6d419bc464,Zdravko Čolić,Slike iz detinjstava,sfrj,pop,0.855072463768116,0.865,8.88
fddbfc386af2,Zdravko Čolić,Smijem se bez smisla,sfrj,pop,0.7166666666666667,0.8180281690140845,7.12
2372adc3997a,Zdravko Čolić,Sonata,sfrj,pop,0.9069767441860465,0.9069767441860465,10.68
50abddd9e534,Zdravko Čolić,Spavaju li oči nebeske,sfrj,pop,0.7857142857142857,0.7971428571428572,6.31
02551829be88,Zdravko Čolić,Srce je čudna zvijerka,sfrj,pop,0.7894736842105263,0.8604347826086957,7.46
ecfd5b59fdf6,Zdravko Čolić,Šta mi radiš,sfrj,pop,0.4265232974910394,0.7102608695652173,4.72
6f3cd8ac6858,Zdravko Čolić,Šta radiš tu,sfrj,pop,0.723404255319149,0.8315555555555556,4.7
7a75d2cfc08f,Zdravko Čolić,Stanica podlugovi,sfrj,pop,0.7619047619047619,0.8242857142857142,8.08
aed086a6853d,Zdravko Čolić,Stari moj,sfrj,pop,0.5362318840579711,0.5589999999999999,6.34
5ed190b25c93,Zdravko Čolić,Stavi prst na čelo,sfrj,pop,0.7207207207207207,0.8590322580645161,6.59
bf51f1c793f7,Zdravko Čolić,Sto puta,sfrj,pop,0.5723270440251572,0.739090909090909,6.6
6c54b544bcb8,Zdravko Čolić,Što si prepotentna,sfrj,pop,0.7101449275362319,0.7230000000000001,5.64
9243dd6a719a,Zdravko Čolić,Svadbarskim sokakom,sfrj,pop,0.7191011235955056,0.8610852713178294,8.46
7122d104eead,Zdravko Čolić,Svitanje,sfrj,pop,0.8627450980392157,0.87,10.96
cf52be7ea5ef,Zdravko Čolić,Tabakera,sfrj,pop,0.7662337662337663,0.8307142857142856,8.36
db4aed01cecb,Zdravko Čolić,Tako tiho,sfrj,pop,0.4782608695652174,0.575,6.26
ebc20786a7ec,Zdravko Čolić,Tesno doba,sfrj,pop,0.875,0.875,11.29
9c6bdfe33b4e,Zdravko Čolić,Ti možeš sve al’ jedno ne,sfrj,pop,0.6,0.773913043478261,6.34
ce826de582c4,Zdravko Čolić,Ti si bila uvijek bila,sfrj,pop,0.6727272727272727,0.7681967213114754,8.12
9c35553697a8,Zdravko Čolić,Ti si mi u krvi,sfrj,pop,0.7142857142857143,0.82,8.53
0482c89375f8,Zdravko Čolić,"Ti si svjetlo, ja sam tama",sfrj,pop,0.65625,0.7685106382978723,4.93
0df5fcee81a6,Zdravko Čolić,Titovim putem,sfrj,pop,0.6818181818181818,0.8558974358974359,9.57
96bc828b4924,Zdravko Čolić,Trinaest dana,sfrj,pop,0.7777777777777778,0.768,11.95
e885ddcce208,Zdravko Čolić,Tvoje oči,sfrj,pop,0.569620253164557,0.6533333333333334,7.69
375b982be5c3,Zdravko Čolić,U boji vina,sfrj,pop,0.5714285714285714,0.6404761904761905,7.55
d2e5d319379d,Zdravko Čolić,U dnu čoveka uspomena,sfrj,pop,0.7058823529411765,0.71,9.82
9916e9bc222b,Zdravko Čolić,Ustani sestro,sfrj,pop,0.696969696969697,0.7176470588235295,8.9
f34e47fb7870,Zdravko Čolić,Vagabund,sfrj,pop,0.7904761904761904,0.8621428571428572,6.95
42aa9b0935ef,Zdravko Čolić,"Vala, vrijeme je",sfrj,pop,0.8636363636363636,0.8764102564102564,5.74
69335a1dfe68,Zdravko Čolić,Vrijeme,sfrj,pop,0.71875,0.7991489361702128,9.47
f272bebf2804,Zdravko Čolić,Zaboravi sva proljeća,sfrj,pop,0.8243243243243243,0.8768,10.98
a2af882cce64,Zdravko Čolić,"Zaboravljaš, zar ne?",sfrj,pop,0.594059405940594,0.7311538461538463,5.19
212cfe29dfee,Zdravko Čolić,Zagrli me,sfrj,pop,0.7209302325581395,0.7951351351351352,8.37
cb784721d3d4,Zdravko Čolić,Zašto spavaš,sfrj,pop,0.5983606557377049,0.8224657534246576,6.36
47a719c78eb4,Zdravko Čolić,Zavičaj,sfrj,pop,0.8,0.9075757575757576,8.85
5101eefacc46,Zdravko Čolić,Zbog tebe,sfrj,pop,0.6756756756756757,0.762258064516129,7.95
61fd31a974be,Zdravko Čolić,"Zbogom, Ivana",sfrj,pop,0.6901408450704225,0.7972727272727272,9.33
52b54db5f291,Zdravko Čolić,Zelena si rijeka bila,sfrj,pop,0.7575757575757576,0.7505882352941177,5.79
216251e23018,Zdravko Čolić,Želimirom mir se želi,sfrj,pop,0.5064935064935064,0.5914285714285714,4.91
a7fbfde9b115,Zdravko Čolić,Živiš u oblacima,sfrj,pop,0.7641509433962265,0.8182456140350878,6.18
7674cd2ff2f0,Zdravko Čolić,"Život je lijep, Helene Marie",sfrj,pop,0.6694214876033058,0.8263888888888888,6.96
1d0eabffd704,Zdravko Čolić,Zločin i kazna,sfrj,pop,0.6857142857142857,0.7628571428571429,3.54
6f7281faa2a9,Zdravko Čolić,Zvao sam je Emili,sfrj,pop,0.6923076923076923,0.7576190476190476,6.21
dacbf43758dc,Oliver Dragojević,2002. godine u Splitu,sfrj,pop,0.4431137724550898,0.6608474576271187,5.53
1e6c672af958,Oliver Dragojević,A sad adio,sfrj,pop,0.6814814814814815,0.7353488372093023,7.16
cc4e47770d6f,Oliver Dragojević,A vitar puše,sfrj,pop,0.5636363636363636,0.6891803278688524,6.78
fa15c2a8589e,Oliver Dragojević,Adio Bella,sfrj,pop,0.71875,0.8502127659574469,8.98
cd933ef005d2,Oliver Dragojević,Adio kumpanji,sfrj,pop,0.5,0.7111864406779661,6.89
a3293535ef6c,Oliver Dragojević,Ajde idi svojim putem,sfrj,pop,0.6902654867256637,0.7681250000000001,5.51
ddb2879478f8,Oliver Dragojević,"Ajde, zbogom",sfrj,pop,0.7727272727272727,0.8671794871794872,6.71
9c0368aba9c3,Oliver Dragojević,Ako ikad ozdravim,sfrj,pop,0.631578947368421,0.6881481481481482,8.49
9e91df8032ce,Oliver Dragojević,Ako izgubim tebe,sfrj,pop,0.6545454545454545,0.7517241379310345,7.08
4798e483a001,Oliver Dragojević,Ako potraješ mi ti,sfrj,pop,0.7727272727272727,0.8979487179487179,6.56
aec5dfada60a,Oliver Dragojević,Ako voliš me,sfrj,pop,0.6625,0.7612903225806452,5.38
a369b1566c82,Oliver Dragojević,Anđela,sfrj,pop,0.8369565217391305,0.8809302325581396,6.51
f1c14766b13f,Oliver Dragojević,Anđele moj,sfrj,pop,0.5507246376811594,0.6629213483146067,9.57
243446e3056d,Oliver Dragojević,"Angela, angela",sfrj,pop,0.8260869565217391,0.8795348837209302,4.76
b01e898929df,Oliver Dragojević,Antonio,sfrj,pop,0.6515151515151515,0.8028915662650602,9.29
c49fe1f3e90b,Oliver Dragojević,Ar’ja,sfrj,pop,0.72,0.7646153846153846,7.77
53ab9b683fce,Oliver Dragojević,Balada o ćaćinom satu,sfrj,pop,0.5670103092783505,0.8079999999999999,6.64
d2fcda64cf39,Oliver Dragojević,Baška Voda,sfrj,pop,0.32903225806451614,0.6458490566037736,4.47
bbaab0e849f4,Oliver Dragojević,Bez tebe,sfrj,pop,0.6774193548387096,0.8168181818181818,6.61
f0622535eb20,Oliver Dragojević,Bi je pisnik,sfrj,pop,0.6634615384615384,0.7323636363636364,3.8
42d96d7f498e,Oliver Dragojević,Bijeli Božić,sfrj,pop,0.8679245283018868,0.885,8.63
2038bb724494,Oliver Dragojević,Blago onom tko te ljubi,sfrj,pop,0.543859649122807,0.6166153846153846,7.29
4be7e0f37144,Oliver Dragojević,Boginja,sfrj,pop,0.6938775510204082,0.8522448979591837,7.03
43570d09b01b,Oliver Dragojević,Boliš me dušo,sfrj,pop,0.5555555555555556,0.5392,8.78
d6e9fae6fb9c,Oliver Dragojević,Božić bez tebe,sfrj,pop,0.6470588235294118,0.6821052631578948,8.01
308514513ad6,Oliver Dragojević,Brod u boci,sfrj,pop,0.5802469135802469,0.6575,6.9
89ba617d7383,Oliver Dragojević,Budi tu,sfrj,pop,0.5402298850574713,0.6589473684210526,3.12
44323eebf645,Oliver Dragojević,Ča će mi Copacabana,sfrj,pop,0.6216216216216216,0.7183870967741935,6.17
08219dd4651a,Oliver Dragojević,Ča je život vengo fantazija,sfrj,pop,0.5606060606060606,0.7699328859060403,10.69
3f403a41696a,Oliver Dragojević,Ćer o stareg kalafata,sfrj,pop,0.6950354609929078,0.9230434782608696,9.27
bb8ec6a8d390,Oliver Dragojević,Cesarica,sfrj,pop,0.40131578947368424,0.7741747572815535,7.36
a6567cfee695,Oliver Dragojević,Četiri stađuna,sfrj,pop,0.6727272727272727,0.8363934426229508,7.37
e5aa8582dd8f,Oliver Dragojević,Cvit Mediterana,sfrj,pop,0.7692307692307693,0.8220689655172414,8.7
2238cb0edf43,Oliver Dragojević,Daj Bože pameti,sfrj,pop,0.7083333333333334,0.7460869565217392,5.97
e9761077a413,Oliver Dragojević,Danijela,sfrj,pop,0.654320987654321,0.75625,9.59
57917e4cf9ff,Oliver Dragojević,Dao bi se kladit,sfrj,pop,0.7010309278350515,0.73875,5.91
82e4d5695f5d,Oliver Dragojević,Dišem,sfrj,pop,0.6567164179104478,0.7341176470588235,5.52
a462965aaf0c,Oliver Dragojević,Dišperadun,sfrj,pop,0.5412844036697247,0.6786666666666666,5.96
21c8e36f6976,Oliver Dragojević,Dobar dan,sfrj,pop,0.8205128205128205,0.92,6.74
b78907edcb08,Oliver Dragojević,Dobro jutro tugo,sfrj,pop,0.6021505376344086,0.7363636363636363,5.02
cae8719d277e,Oliver Dragojević,Dođi noćas u moj san,sfrj,pop,0.6831683168316832,0.8126923076923076,5.56
5dce745970e8,Oliver Dragojević,Dome moj,sfrj,pop,0.5588235294117647,0.7735849056603774,7.33
6bfeb102ac61,Oliver Dragojević,Duša za nju,sfrj,pop,0.6439393939393939,0.8725301204819277,5.05
79e61ce3860c,Oliver Dragojević,Dva put san umra,sfrj,pop,0.5982905982905983,0.6679411764705883,4.87
80928865b7c7,Oliver Dragojević,Dženi,sfrj,pop,0.6122448979591837,0.6122448979591837,10.58
3c0373dc0641,Oliver Dragojević,Đelozija,sfrj,pop,0.6370967741935484,0.7226666666666667,10.1
e9148c8dbf70,Oliver Dragojević,Eliza,sfrj,pop,0.7272727272727273,0.74,10.01
a15b321c427b,Oliver Dragojević,Evo mene među moje,sfrj,pop,0.7419354838709677,0.81,7.86
c0968452319a,Oliver Dragojević,Fedra,sfrj,pop,0.6324786324786325,0.7485294117647059,5.04
908c1369ad59,Oliver Dragojević,Galeb i ja,sfrj,pop,0.688,0.8373684210526315,6.45
1c522f9febb6,Oliver Dragojević,Gore si ti,sfrj,pop,0.7256637168141593,0.8703125,7.09
3c86faa88a37,Oliver Dragojević,"Gospojice, lipo dite",sfrj,pop,0.7124183006535948,0.8496153846153847,7.96
bcf3109bf791,Oliver Dragojević,Grlica,sfrj,pop,0.5192307692307693,0.5266666666666667,7.58
b3c417c8bbe9,Oliver Dragojević,Hvala dušo moja,sfrj,pop,0.45054945054945056,0.67,7.34
89aa89f210bc,Oliver Dragojević,Imala je lijepu rupicu na bradi,sfrj,pop,0.5267175572519084,0.6307317073170732,9.78
2782f86fd9f0,Oliver Dragojević,Infiša san u te,sfrj,pop,0.6326530612244898,0.8357142857142857,6.7
314523a8be27,Oliver Dragojević,Ispod sunca zlatnoga,sfrj,pop,0.6444444444444445,0.8486046511627907,7.26
be12542cdaf1,Oliver Dragojević,Ja te ljubim,sfrj,pop,0.5319148936170213,0.7973913043478261,6.36
dac4c288a31a,Oliver Dragojević,Jedan od mnogih,sfrj,pop,0.6811594202898551,0.7020000000000001,9.98
f9885f664b38,Oliver Dragojević,Jedina,sfrj,pop,0.25961538461538464,0.44945454545454544,6.29
afd795a011b4,Oliver Dragojević,Jesen stiže Dunjo moja,sfrj,pop,0.4537037037037037,0.6698305084745764,9.19
f837517420b7,Oliver Dragojević,Ješka od ljubavi,sfrj,pop,0.9014084507042254,0.9163636363636364,8.29
045f6a23ff8b,Oliver Dragojević,Još ovaj put,sfrj,pop,0.7592592592592593,0.8837288135593221,4.76
5d3b232d7885,Oliver Dragojević,Još sam tu,sfrj,pop,0.6666666666666666,0.8200000000000001,7.38
bc0b9bdde744,Oliver Dragojević,Jubav moja,sfrj,pop,0.5,0.7713846153846154,5.39
22c4be82b655,Oliver Dragojević,Jubavi lipa,sfrj,pop,0.7391304347826086,0.815813953488372,7.43
0e6edfd048bf,Oliver Dragojević,Jubavi mala,sfrj,pop,0.7631578947368421,0.8362962962962962,3.54
81d0418e85e2,Oliver Dragojević,Jube moja,sfrj,pop,0.6526315789473685,0.8091304347826087,6.17
6787e90cfeef,Oliver Dragojević,Kad bi došla ti,sfrj,pop,0.7311827956989247,0.754090909090909,7.5
67072cf57733,Oliver Dragojević,Kad bi samo ljubit znala,sfrj,pop,0.5736434108527132,0.735,4.99
276178da5af9,Oliver Dragojević,Kad mi dođeš ti,sfrj,pop,0.35526315789473684,0.6856310679611651,4.38
dad8a2f1e7b9,Oliver Dragojević,Kad u te nestane mi vire,sfrj,pop,0.34782608695652173,0.7192857142857143,4.97
e9322b4f1dd5,Oliver Dragojević,Kamen ispod glave,sfrj,pop,0.6377952755905512,0.7682051282051282,6.25
bd429fece659,Oliver Dragojević,Karoca,sfrj,pop,0.5297029702970297,0.6652287581699347,7.83
fc8519499831,Oliver Dragojević,Kletva,sfrj,pop,0.7627118644067796,0.818,6.69
f031fc86bac5,Oliver Dragojević,Ključ života,sfrj,pop,0.7674418604651163,0.8484999999999999,7.05
077b072f8f9b,Oliver Dragojević,Kreni,sfrj,pop,0.684931506849315,0.6866666666666666,7.13
f46ff220fd7c,Oliver Dragojević,Ksantipa,sfrj,pop,0.7807017543859649,0.9126153846153846,5.26
c85deec9515e,Oliver Dragojević,Lady Luna,sfrj,pop,0.5862068965517241,0.6599999999999999,4.19
f1a2797aae81,Oliver Dragojević,"Laku noć Luigi, laku noć Bepina",sfrj,pop,0.6869565217391305,0.8118181818181818,9.11
2128e403237e,Oliver Dragojević,Lijepa bez duše,sfrj,pop,0.7583333333333333,0.8664788732394366,8.94
f788ecf06b5f,Oliver Dragojević,Lipa moja ča si blida,sfrj,pop,0.6850393700787402,0.7843589743589744,5.64
de33e6d280a9,Oliver Dragojević,Lišina,sfrj,pop,0.7555555555555555,0.8899999999999999,7.12
bc30ab6c7d31,Oliver Dragojević,Ljubav je bol,sfrj,pop,0.55,0.55,6.12
8aa7a68e5fb3,Oliver Dragojević,Ljubav je tvoja kao vino (with Davor Radolfi),sfrj,pop,0.6458333333333334,0.7614736842105263,7.47
8bb71577acb8,Oliver Dragojević,Ljubiš me u vrat (with Đurđica Barlović),sfrj,pop,0.7666666666666667,0.8272727272727273,6.4
116f9f2601dd,Oliver Dragojević,Loze gnjiju,sfrj,pop,0.8125,0.8604255319148936,7.97
2ca98bebbc86,Oliver Dragojević,Luce mala,sfrj,pop,0.5511811023622047,0.7405128205128205,6.19
6ad06ccac267,Oliver Dragojević,Lučija,sfrj,pop,0.44029850746268656,0.7294117647058823,8.08
e9fc40ec96d0,Oliver Dragojević,Majko,sfrj,pop,0.7529411764705882,0.8461111111111111,8.42
f47dca926015,Oliver Dragojević,"Majko, da li znaš",sfrj,pop,0.5,0.5851162790697675,4.57
e3bc46a3d732,Oliver Dragojević,Malinkonija,sfrj,pop,0.6810344827586207,0.7602985074626866,7.68
54f8be34297f,Oliver Dragojević,Mama,sfrj,pop,0.5460992907801419,0.6943478260869566,3.48
4af6db089a58,Oliver Dragojević,Manuela,sfrj,pop,0.5196078431372549,0.7818867924528301,8.38
eabaecf61f44,Oliver Dragojević,Marča funebra,sfrj,pop,0.8043478260869565,0.8934883720930233,8.74
14a035dbcf1e,Oliver Dragojević,Margarita,sfrj,pop,0.7311827956989247,0.8363636363636363,8.87
f32cd90ae746,Oliver Dragojević,Meni trebaš ti,sfrj,pop,0.6056338028169014,0.71,7.36
422becaa453c,Oliver Dragojević,Mi smo hrvatski mornari,sfrj,pop,0.6341463414634146,0.6290909090909091,10.96
61627afa556f,Oliver Dragojević,Milost,sfrj,pop,0.7088607594936709,0.8326666666666667,7.18
52d1b42f5671,Oliver Dragojević,Mižerija,sfrj,pop,0.6867469879518072,0.8487179487179487,10.89
856f31004dc8,Oliver Dragojević,Moj lipi anđele (with Nina Badrić),sfrj,pop,0.6714285714285714,0.7933333333333333,7.63
0f4506ea06ba,Oliver Dragojević,Moja tajna ljubavi,sfrj,pop,0.6944444444444444,0.78,7.91
6b026f49987f,Oliver Dragojević,Moje prvo pijanstvo,sfrj,pop,0.7575757575757576,0.8665060240963856,10.16
4ca0d8685c10,Oliver Dragojević,Molim za tebe,sfrj,pop,0.5960264900662252,0.8576470588235294,7.18
307fbecb2ab6,Oliver Dragojević,Molitva za Magdalenu,sfrj,pop,0.5357142857142857,0.636,12.22
83945403bc1c,Oliver Dragojević,More,sfrj,pop,0.7634408602150538,0.8386363636363636,4.32
55e04179da96,Oliver Dragojević,Morski vuk (with Tony Cetinski),sfrj,pop,0.5769230769230769,0.7876363636363637,5.12
d0d91683374a,Oliver Dragojević,Na kraju puta,sfrj,pop,0.7798165137614679,0.8503333333333334,5.06
19c8a2217475,Oliver Dragojević,Na kraju vijađa,sfrj,pop,0.6666666666666666,0.8175903614457831,6.65
21eff7c380b4,Oliver Dragojević,Nadalina (with Boris Dvornik),sfrj,pop,0.6213872832369942,0.8304377104377104,12.24
3bd92e012213,Oliver Dragojević,Najlipše te jubi oni što te gubi,sfrj,pop,0.6428571428571429,0.8670129870129871,7.53
7897bf67aca6,Oliver Dragojević,Našoj ljubavi je kraj,sfrj,pop,0.8050847457627118,0.8617391304347827,7.5
41e410435c90,Oliver Dragojević,Ne mogu ti reći,sfrj,pop,0.35175879396984927,0.6428,5.84
d3aaea6134d1,Oliver Dragojević,Ne mogu više sam,sfrj,pop,0.918918918918919,0.9288,7.1
33372a34b396,Oliver Dragojević,Ne žuri djevojčice,sfrj,pop,0.6869565217391305,0.8178787878787879,4.54
ceb2904f1f27,Oliver Dragojević,Nebo moje,sfrj,pop,0.5875,0.7780645161290323,7.96
50e1b64c68c8,Oliver Dragojević,Nedostaješ mi ti,sfrj,pop,0.5348837209302325,0.6054054054054053,5.3
2fa49c5e6047,Oliver Dragojević,Neka se drugi raduju,sfrj,pop,0.7285714285714285,0.8552380952380952,8.44
6d613b882668,Oliver Dragojević,Nestajem,sfrj,pop,0.726027397260274,0.7158333333333333,5.06
3f270b819181,Oliver Dragojević,Nevera,sfrj,pop,0.7435897435897436,0.803448275862069,6.1
604eda7cf651,Oliver Dragojević,Nigdje nema te,sfrj,pop,0.6456692913385826,0.8235897435897436,5.76
b67cb3e998b0,Oliver Dragojević,Nisam te zaslužio,sfrj,pop,0.8488372093023255,0.8935135135135136,9.28
241c0feabc44,Oliver Dragojević,Nisi više ona stara,sfrj,pop,0.6666666666666666,0.783076923076923,6.85
3db4c19b9a72,Oliver Dragojević,"Ništa nova, ništa nova",sfrj,pop,0.7241379310344828,0.88112,9.57
6e50f8042254,Oliver Dragojević,Nocturno,sfrj,pop,0.6979166666666666,0.811063829787234,6.81
bb16a159a886,Oliver Dragojević,Oči boje jadrana,sfrj,pop,0.5571428571428572,0.7171428571428571,6.93
ab26145b76b4,Oliver Dragojević,Od grija do kajanja,sfrj,pop,0.6702127659574468,0.8666666666666667,8.35
7f3ecda1870c,Oliver Dragojević,Oprosti mi pape,sfrj,pop,0.32075471698113206,0.5699386503067485,7.61
768217e191c0,Oliver Dragojević,Ostaj mi zbogom,sfrj,pop,0.7699115044247787,0.8468749999999999,5.54
98ff6cd1022c,Oliver Dragojević,Ostavljam te samu,sfrj,pop,0.7163120567375887,0.8686956521739131,7.04
49f208870d85,Oliver Dragojević,Ovaj put ne,sfrj,pop,0.6133333333333333,0.7516831683168317,5.85
27058641f93f,Oliver Dragojević,Picaferaj,sfrj,pop,0.8292682926829268,0.8781818181818182,8.46
381852ac17d5,Oliver Dragojević,Pismo moja,sfrj,pop,0.44680851063829785,0.8799999999999999,5.61
2a58c34a88b8,Oliver Dragojević,Piva klapa ispo’ volta,sfrj,pop,0.6578947368421053,0.8363106796116505,10.29
9f5644cef969,Oliver Dragojević,Pjesma anđela (with Cecilija),sfrj,pop,0.8444444444444444,0.8595121951219513,8.5
f036a6331a82,Oliver Dragojević,Pjevam i živim (with Vladimir Kočiš Zec),sfrj,pop,0.6666666666666666,0.8339130434782609,5.78
06c4f61a9be9,Oliver Dragojević,Plavo more djeva molila,sfrj,pop,0.8666666666666667,0.8666666666666667,11.05
2a62bb7bcd9a,Oliver Dragojević,Plemenita,sfrj,pop,0.8192771084337349,0.8776470588235294,8.29
b7dc47e8443a,Oliver Dragojević,Poeta,sfrj,pop,0.6850393700787402,0.8179487179487179,7.73
5a215c7f1823,Oliver Dragojević,Prati me kroz snove,sfrj,pop,0.7837837837837838,0.8288,7.63
441c3c45e050,Oliver Dragojević,Pred tvojim vratima,sfrj,pop,0.2511013215859031,0.6904494382022472,5.35
8786dfcfab2e,Oliver Dragojević,Priča se,sfrj,pop,0.6506024096385542,0.6970588235294117,4.51
5e2444f4d200,Oliver Dragojević,Prije sna,sfrj,pop,0.7191011235955056,0.8550000000000001,7.36
7c240ebd87d5,Oliver Dragojević,Prije svitanja,sfrj,pop,0.6632653061224489,0.803265306122449,8.99
161cb01c6332,Oliver Dragojević,Provaj! (with Luky),sfrj,pop,0.6153846153846154,0.8508823529411764,3.87
00c899099f70,Oliver Dragojević,Prva ljubav,sfrj,pop,0.6788990825688074,0.682,6.56
8bea7bb80fcb,Oliver Dragojević,Pupoljci i mraz,sfrj,pop,0.7358490566037735,0.8452631578947368,7.55
5dd3b4ef9849,Oliver Dragojević,Razgovor sa Sonjom,sfrj,pop,0.7857142857142857,0.9149206349206349,8.53
5dc1de6a20be,Oliver Dragojević,Reci mi to,sfrj,pop,0.7297297297297297,0.8507070707070707,6.65
9b22b25f234b,Oliver Dragojević,Rojena valo,sfrj,pop,0.6822429906542056,0.7779310344827586,6.05
ac4e62c48287,Oliver Dragojević,Romanca,sfrj,pop,0.7899159663865546,0.9002857142857144,6.77
f88cd3ae3d4e,Oliver Dragojević,Sa dva zrna lažnog srebra,sfrj,pop,0.6238532110091743,0.8116666666666668,7.34
024c7d3ed106,Oliver Dragojević,Samo navika (with Magazin),sfrj,pop,0.7395833333333334,0.8174468085106383,8.39
0cce5f5ce65a,Oliver Dragojević,Samo ti,sfrj,pop,0.5391304347826087,0.7142424242424242,6.68
a1c7e481cf0c,Oliver Dragojević,Sat klavira,sfrj,pop,0.6983240223463687,0.8753846153846153,6.42
c89866f0d3d6,Oliver Dragojević,Serenada,sfrj,pop,0.6419753086419753,0.8474999999999999,7.44
929a5f9a0eea,Oliver Dragojević,Skalinada,sfrj,pop,0.7377049180327869,0.746027397260274,9.82
d84f7a4739f9,Oliver Dragojević,Spli’ski đir,sfrj,pop,0.7192982456140351,0.8729508196721312,8.03
dea6d046dbd4,Oliver Dragojević,Splite moj,sfrj,pop,0.8260869565217391,0.826,8.2
6f5b156c0b8f,Oliver Dragojević,Spoža,sfrj,pop,0.656,0.7939473684210526,7.3
efd9a12b1968,Oliver Dragojević,Sreća je tamo gdje si ti,sfrj,pop,0.42857142857142855,0.5685714285714286,7.59
241b85724182,Oliver Dragojević,Stara moja,sfrj,pop,0.7889908256880734,0.8486666666666667,6.52
65b1664e36cb,Oliver Dragojević,Stine,sfrj,pop,0.45794392523364486,0.643103448275862,6.82
0aed7f590871,Oliver Dragojević,Što to bješe ljubav,sfrj,pop,0.45161290322580644,0.6672727272727272,5.84
ccd659cdaf99,Oliver Dragojević,Što učinila si ti,sfrj,pop,0.6544117647058824,0.7250574712643678,8.11
15ff9963227b,Oliver Dragojević,Štorija,sfrj,pop,0.610062893081761,0.8010909090909092,8.79
f09686eb34dc,Oliver Dragojević,Sunce mog života,sfrj,pop,0.4472361809045226,0.7821333333333333,8.87
a3162eed9b45,Oliver Dragojević,Sunce mog života (with Meri Cetinić),sfrj,pop,0.5481927710843374,0.8521367521367521,7.07
0a75802bdb63,Oliver Dragojević,Sve bi da za nju,sfrj,pop,0.5462184873949579,0.8111428571428572,6.85
02c01313fe8f,Oliver Dragojević,Sve je kriva đelozija,sfrj,pop,0.7272727272727273,0.8431914893617022,6.92
e28f3b192a16,Oliver Dragojević,Svirajte noćas za moju dušu,sfrj,pop,0.34507042253521125,0.6438709677419354,9.23
3b81cf0a2845,Oliver Dragojević,Svoju zvijezdu slijedim,sfrj,pop,0.8365384615384616,0.8258181818181819,8.34
bc41141611c5,Oliver Dragojević,Svoju zvizdu slidim,sfrj,pop,0.8365384615384616,0.8258181818181819,8.34
7d330a3aa2fb,Oliver Dragojević,Teška je noć,sfrj,pop,0.7326732673267327,0.8184615384615385,5.45
019b4a740ed1,Oliver Dragojević,Teško mi je putovati,sfrj,pop,0.6730769230769231,0.68,7.88
8a417b6278dc,Oliver Dragojević,Teško te zaboravljam,sfrj,pop,0.7837837837837838,0.7464,6.08
43975ae4da88,Oliver Dragojević,Ti me vodi preko voda,sfrj,pop,0.5743243243243243,0.8305050505050505,6.7
d5d3c55328e5,Oliver Dragojević,Ti mi čitaš misli,sfrj,pop,0.6666666666666666,0.7686363636363637,8.23
9736eddbe740,Oliver Dragojević,Ti si bila sve što valja,sfrj,pop,0.48,0.6039473684210526,4.94
03620b362702,Oliver Dragojević,Ti si meni sve,sfrj,pop,0.8068181818181818,0.8548717948717948,5.75
30bad5d99538,Oliver Dragojević,Ti si moj san (Zorica Kondža),sfrj,pop,0.375,0.6757894736842106,5.61
f719788a8b11,Oliver Dragojević,Tiha noć,sfrj,pop,0.33695652173913043,0.5213953488372094,5.12
9f51dc9dd4c5,Oliver Dragojević,Tija san je jubit,sfrj,pop,0.34594594594594597,0.6908823529411764,5.77
f535b6d28ce2,Oliver Dragojević,Tko sam ja da ti sudim,sfrj,pop,0.5847457627118644,0.7023188405797102,6.7
1ffa3c055a82,Oliver Dragojević,To nismo mi (with Divas),sfrj,pop,0.5,0.6698305084745763,4.93
18d040d705be,Oliver Dragojević,Trag u beskraju,sfrj,pop,0.7142857142857143,0.7954285714285714,4.24
8e0d7b384f65,Oliver Dragojević,Tu non llores mi querida,sfrj,pop,0.5915492957746479,0.8092473118279571,6.07
b4a005e17cdf,Oliver Dragojević,Tvoje ruke,sfrj,pop,0.5625,0.7266666666666667,7.89
180a0d0ad576,Oliver Dragojević,Tvoje suze mi sude,sfrj,pop,0.7596153846153846,0.8218181818181819,7.73
543cc0eb38f5,Oliver Dragojević,U ljubav vjere nemam,sfrj,pop,0.24770642201834864,0.5731360946745562,7.48
ff8b13f10d12,Oliver Dragojević,U mom zagrljaju,sfrj,pop,0.49324324324324326,0.8262626262626263,5.77
7334fe4620a5,Oliver Dragojević,U prolazu,sfrj,pop,0.7241379310344828,0.8784,6.45
fe7b5fae7fea,Oliver Dragojević,U tebi raste lijepo dijete,sfrj,pop,0.49606299212598426,0.6946153846153846,9.36
61d4dc92577c,Oliver Dragojević,Uvik žaj mi bi’ će,sfrj,pop,0.6992481203007519,0.8711904761904763,6.13
93cacf5ce7a8,Oliver Dragojević,Vagabundo,sfrj,pop,0.7218543046357616,0.8290196078431373,6.26
724ea8a64c42,Oliver Dragojević,Valo veloluška,sfrj,pop,0.7171717171717171,0.8804000000000001,7.74
0c284a793218,Oliver Dragojević,Vela Luka,sfrj,pop,0.5777777777777777,0.8151219512195123,6.74
46a62cf2971a,Oliver Dragojević,Više mi nije važno,sfrj,pop,0.9056603773584906,0.9,6.17
8b0efc8930e6,Oliver Dragojević,Više ne mogu,sfrj,pop,0.4782608695652174,0.8300000000000001,6.61
38b3b52b099e,Oliver Dragojević,Vjeruj mi,sfrj,pop,0.453125,0.8113286713286713,7.05
43fcf2113700,Oliver Dragojević,Vjeruj u ljubav,sfrj,pop,0.3557692307692308,0.4803636363636364,6.03
c2ad363a7cac,Oliver Dragojević,Vjerujem u anđele,sfrj,pop,0.33962264150943394,0.5133742331288343,6.65
9c633173a09b,Oliver Dragojević,Vodi me tamo kraj plavoga mora,sfrj,pop,0.6181818181818182,0.6466666666666666,7.65
9c53daa65280,Oliver Dragojević,Vrati nam se mama,sfrj,pop,0.5192307692307693,0.7243636363636363,5.62
4d2008708ad6,Oliver Dragojević,Vridilo je,sfrj,pop,0.5615384615384615,0.7987654320987655,5.95
3ae126a38bc5,Oliver Dragojević,Vrime božje,sfrj,pop,0.7058823529411765,0.8143396226415094,8.38
342810091afa,Oliver Dragojević,Vrime je,sfrj,pop,0.4269005847953216,0.8373770491803278,5.44
ea59aceedeec,Oliver Dragojević,Za dva zrna lažnog srebra,sfrj,pop,0.6238532110091743,0.8116666666666668,7.34
96cb983be26f,Oliver Dragojević,Za mrvu tvoje ljubavi,sfrj,pop,0.3217391304347826,0.5733333333333334,7.27
aafe40914304,Oliver Dragojević,Za život me vežeš samo ti,sfrj,pop,0.6404494382022472,0.8466666666666667,6.73
1e719f00ada3,Oliver Dragojević,Zabranjeno voće,sfrj,pop,0.7647058823529411,0.8598347107438017,6.41
d406335fbb5d,Oliver Dragojević,Zadnje veče,sfrj,pop,0.4266666666666667,0.6146153846153847,5.54
79b31b309f74,Oliver Dragojević,Zašto,sfrj,pop,0.7966101694915254,0.858,5.1
d7943c37cae3,Oliver Dragojević,Zbogom ostaj ljubavi,sfrj,pop,0.696078431372549,0.8184905660377358,6.15
e3371ac56d67,Oliver Dragojević,Zelenu granu s tugom žuta voća,sfrj,pop,0.9042553191489362,0.9444444444444444,8.67
2ab51afdbace,Oliver Dragojević,Zimska je noć,sfrj,pop,0.5904761904761905,0.7875,5.85
7229ff175d78,Oliver Dragojević,Zlatni snovi,sfrj,pop,0.6448598130841121,0.8679310344827585,7.32
857a648fd0c8,Oliver Dragojević,Žuto lišće ljubavi,sfrj,pop,0.3707865168539326,0.554,7.1
37e8f9ef6f13,Oliver Dragojević,Zvir,sfrj,pop,0.49557522123893805,0.61125,5.2
4bd69108c7a2,Arsen Dedić,Ako po glavi stanovnika,sfrj,pop,0.736,0.8336842105263158,8.52
9e1d924fc4f1,Arsen Dedić,Ako si pošla spat,sfrj,pop,0.6294117647058823,0.8520661157024793,6.28
5b0e9c49136d,Arsen Dedić,Amigo,sfrj,pop,0.7619047619047619,0.8657142857142857,13.33
1a6497c85c70,Arsen Dedić,Ana je Ana,sfrj,pop,0.46285714285714286,0.62,5.97
3ee7144ed9bf,Arsen Dedić,Automati,sfrj,pop,0.5089820359281437,0.8805084745762711,11.39
d8d3fce9e3a7,Arsen Dedić,Balada o prolaznosti,sfrj,pop,0.6485148514851485,0.8044444444444444,7.71
015fffde8aee,Arsen Dedić,Bit ćeš uvijek moja,sfrj,pop,0.6025641025641025,0.7510344827586207,4.1
84f33d340cc2,Arsen Dedić,Čistim svoj život,sfrj,pop,0.4772727272727273,0.6409638554216868,6.86
19c997f148f3,Arsen Dedić,Čitavu noć slavuj…,sfrj,pop,0.7878787878787878,0.7878787878787878,7.51
8f54820dc424,Arsen Dedić,Čovjek kao ja,sfrj,pop,0.6240601503759399,0.821904761904762,5.65
31eb6ca8a4b0,Arsen Dedić,Daj mi malo,sfrj,pop,0.3779527559055118,0.737948717948718,7.23
7087cece8a68,Arsen Dedić,Dida moj,sfrj,pop,0.32727272727272727,0.6704918032786886,4.24
8a904a873ed0,Arsen Dedić,Djevojka iz mog kraja,sfrj,pop,0.6951219512195121,0.7757575757575758,8.4
f100f960ff3d,Arsen Dedić,Djevojka za jedan dan,sfrj,pop,0.7303370786516854,0.8598449612403101,7.33
d830cc7a699f,Arsen Dedić,Dušo moja,sfrj,pop,0.6985294117647058,0.8255172413793105,6.06
3d33c608fa35,Arsen Dedić,Hvala ti,sfrj,pop,0.7483443708609272,0.8794117647058823,5.76
3caa1346c29c,Arsen Dedić,Kad sam te vidio,sfrj,pop,0.40331491712707185,0.6393939393939394,5.61
af551c3eef84,Arsen Dedić,Kako si,sfrj,pop,0.6712328767123288,0.7985567010309278,6.98
a8efb16d57af,Arsen Dedić,Kora Potočnik,sfrj,pop,0.65,0.8789690721649485,9.97
63f2e8f99abf,Arsen Dedić,Kuća pored mora,sfrj,pop,0.719626168224299,0.8793103448275862,9.02
60767ea35f96,Arsen Dedić,Kuća za ptice,sfrj,pop,0.4740740740740741,0.6683720930232558,5.63
15cbcc22cfbd,Arsen Dedić,Ljeto sa Irenom,sfrj,pop,0.6078431372549019,0.7473076923076923,6.64
ab53480cd415,Arsen Dedić,Majko moja,sfrj,pop,0.6233766233766234,0.7164285714285714,6.98
1e76155a61e2,Arsen Dedić,Milena,sfrj,pop,0.65,0.8873239436619719,7.71
1d44552acb63,Arsen Dedić,Moderato Cantabile,sfrj,pop,0.6851851851851852,0.8338983050847457,7.67
3906a75a9349,Arsen Dedić,Moj grob,sfrj,pop,0.6989247311827957,0.7904545454545455,6.22
1e165f5e8240,Arsen Dedić,Moj prijatelj je umro,sfrj,pop,0.550561797752809,0.7755038759689923,4.49
6508caca1f70,Arsen Dedić,Moja ljubav ima,sfrj,pop,0.5980392156862745,0.6769811320754717,8.85
797476837aeb,Arsen Dedić,Ne plači,sfrj,pop,0.654320987654321,0.779375,5.92
899b363b2831,Arsen Dedić,Ne vraćaj se starim ljubavima,sfrj,pop,0.6304347826086957,0.7116279069767443,7.75
1d059824af90,Arsen Dedić,Nism ti dospio reći,sfrj,pop,0.4246575342465753,0.7204123711340206,6.73
5ac66ce05c3d,Arsen Dedić,Nježnost u mraku,sfrj,pop,0.5592105263157895,0.8419417475728155,4.97
7e7073b29616,Arsen Dedić,O mladosti,sfrj,pop,0.6607142857142857,0.7822222222222223,5.57
5bdf91fb907e,Arsen Dedić,Odlazak,sfrj,pop,0.55,0.6154838709677419,9.89
27950c3351bb,Arsen Dedić,Otkako te ne volim,sfrj,pop,0.5259259259259259,0.800232558139535,8.02
4ab7dacb9953,Arsen Dedić,Parobrod Rex,sfrj,pop,0.7222222222222222,0.821038961038961,7.72
5f09d99374b3,Arsen Dedić,Pegasto dekle,sfrj,pop,0.6842105263157895,0.8749514563106796,6.56
4a0ee52c782f,Arsen Dedić,Pismo prijatelju (duet Kemal Monteno),sfrj,pop,0.8424657534246576,0.8828865979381444,10.15
19824a1c5641,Arsen Dedić,Pjesnikova žena,sfrj,pop,0.7526881720430108,0.8618181818181818,6.34
38cb38b1a5c1,Arsen Dedić,Po glavi stanovnika,sfrj,pop,0.7131782945736435,0.8295,8.64
f0e3c3f37743,Arsen Dedić,Pobjegnimo koji dan na more,sfrj,pop,0.5967741935483871,0.8178666666666667,8.28
7c8403cea38b,Arsen Dedić,Prazna obećanja,sfrj,pop,0.7176470588235294,0.8555555555555556,7.51
23a19c52c1f1,Arsen Dedić,Priča o Marineli,sfrj,pop,0.594059405940594,0.8499346405228758,6.99
287a747b36f3,Arsen Dedić,Put u raj,sfrj,pop,0.5365853658536586,0.6824242424242424,3.87
baee3747effc,Arsen Dedić,Razgovor s konobarom,sfrj,pop,0.535031847133758,0.7859259259259259,6.9
7345cc0a979f,Arsen Dedić,S okusom mora,sfrj,pop,0.6756756756756757,0.8422580645161291,7.02
4579066b8720,Arsen Dedić,Sanjam te,sfrj,pop,0.74,0.7635294117647058,6.4
9f458a68dc5d,Arsen Dedić,Sine moj,sfrj,pop,0.6666666666666666,0.8712871287128713,6.87
7f44d4d4a3cf,Arsen Dedić,Snijeg,sfrj,pop,0.391304347826087,0.6,5.97
23febff81edf,Arsen Dedić,Spaliti zemlju,sfrj,pop,0.7833333333333333,0.867887323943662,11.65
57b2b3d82b3a,Arsen Dedić,Sve smo podijelili (duet Hari Mata Hari),sfrj,pop,0.3709677419354839,0.7197333333333333,7.48
ec30ecf44e0a,Arsen Dedić,Sve što znaš o meni,sfrj,pop,0.7380952380952381,0.8771428571428571,4.44
40c8167bfff4,Arsen Dedić,Sve te vodilo k meni,sfrj,pop,0.635593220338983,0.7889855072463767,6.38
71efc29f4566,Arsen Dedić,Takvim sjajem može sjati,sfrj,pop,0.6666666666666666,0.8920408163265307,5.55
d8661e3ceebb,Arsen Dedić,Ti me činiš boljim,sfrj,pop,0.6190476190476191,0.7188571428571429,6.0
6b532766f495,Arsen Dedić,To je moj svijet,sfrj,pop,0.648936170212766,0.7831111111111112,4.91
1a9ef75c7a3a,Arsen Dedić,Tvoje nježne godine,sfrj,pop,0.6695652173913044,0.8018181818181819,6.02
39015ba0ec67,Arsen Dedić,Tvoje tijelo – moja kuća,sfrj,pop,0.8360655737704918,0.8383333333333334,6.81
b56440248ee4,Arsen Dedić,U kužini,sfrj,pop,0.625,0.6434042553191489,7.03
3509f76f2a05,Arsen Dedić,Una,sfrj,pop,0.4861111111111111,0.7381052631578948,9.32
c9c889af0f10,Arsen Dedić,Vera Pavladoljska,sfrj,pop,0.7015706806282722,0.8315492957746479,10.57
6e708ab47139,Arsen Dedić,Vraćam se,sfrj,pop,0.7724137931034483,0.8547916666666667,6.38
5b0871bca279,Arsen Dedić,Za kraj,sfrj,pop,0.7922077922077922,0.87,5.42
d74a3f894657,Arsen Dedić,Život je more,sfrj,pop,0.7614678899082569,0.789,6.78
74c6ab7099b7,Arsen Dedić,Znam (with Crvena Jabuka),sfrj,pop,0.8130841121495327,0.8620689655172413,7.24
7c1652bf2b37,Arsen Dedić,Znat ćeš,sfrj,pop,0.5784313725490197,0.78,6.23
82c5df009eb2,Josipa Lisac,Avantura,sfrj,pop,0.7362637362637363,0.8528571428571429,5.08
8444534a9226,Josipa Lisac,Ave Maria,sfrj,pop,0.42857142857142855,0.43142857142857144,11.23
7a1ed4507401,Josipa Lisac,Bedž za rock ‘n’ roll,sfrj,pop,0.3888888888888889,0.5924675324675325,1.72
981f7b414170,Josipa Lisac,Bez tebe,sfrj,pop,0.7611940298507462,0.8533333333333333,5.26
2b82ee4eb579,Josipa Lisac,Bijeg,sfrj,pop,0.6330935251798561,0.8895555555555555,6.19
4da5ef081d5e,Josipa Lisac,Bila sam žena,sfrj,pop,0.6842105263157895,0.7341538461538462,7.33
7d35d2cc8aa7,Josipa Lisac,Blijede sjene,sfrj,pop,0.8020833333333334,0.897872340425532,4.72
e8557ea3addc,Josipa Lisac,Boginja,sfrj,pop,0.71875,0.804,12.74
f350d4b9e00f,Josipa Lisac,Čarobna moć Mjeseca,sfrj,pop,0.62,0.7851485148514851,5.54
1fa8a8ff95dc,Josipa Lisac,Čovjek s tisuću mana,sfrj,pop,0.7226277372262774,0.8461363636363637,5.35
f81dba401fa8,Josipa Lisac,Da li sam ti ikad rekla da te volim,sfrj,pop,0.5384615384615384,0.6174545454545455,4.14
a342d978b5c9,Josipa Lisac,Daj mi riječi,sfrj,pop,0.5064102564102564,0.731214953271028,3.71
10e33269a7ca,Josipa Lisac,Danas sam luda,sfrj,pop,0.358974358974359,0.6582191780821918,4.56
9c904d52522c,Josipa Lisac,Divlji brak,sfrj,pop,0.5982905982905983,0.7494117647058823,3.88
118704e12ca5,Josipa Lisac,Djetešce ti moje drago,sfrj,pop,0.9193548387096774,0.9553846153846154,6.1
91b870e6ad23,Josipa Lisac,Dobre vibracije,sfrj,pop,0.7246376811594203,0.772,8.15
11c4eeb6e3d5,Josipa Lisac,Dok razmišljam o nama,sfrj,pop,0.7948717948717948,0.8682758620689655,5.22
b5e63d0b02b6,Josipa Lisac,Gdje Dunav ljubi nebo,sfrj,pop,0.7971014492753623,0.8219999999999998,7.37
282c55e144a0,Josipa Lisac,Godišnjica,sfrj,pop,0.6470588235294118,0.8471698113207546,7.11
bb359a3563e1,Josipa Lisac,"Halo, taxi (with Zlatni akordi)",sfrj,pop,0.4777777777777778,0.671219512195122,7.11
03da2b97b48a,Josipa Lisac,Hazarder,sfrj,pop,0.5340314136125655,0.7592957746478873,7.05
e7c44cfc9a76,Josipa Lisac,"Hir, hir, hir",sfrj,pop,0.44751381215469616,0.6654545454545455,2.74
7752371ca9b6,Josipa Lisac,Hoću da te pratim svud,sfrj,pop,0.5614035087719298,0.6873846153846154,3.16
662da83347b7,Josipa Lisac,Hoću samo tebe,sfrj,pop,0.5087719298245614,0.5775,5.93
92302a23815d,Josipa Lisac,I mama mi je rekla to,sfrj,pop,0.5850340136054422,0.85,5.8
05317c4b544b,Josipa Lisac,"I teče, teče vrijeme",sfrj,pop,0.7789473684210526,0.7747826086956522,7.5
cbdb7f96dd24,Josipa Lisac,Ideš,sfrj,pop,0.7108433734939759,0.7623529411764707,5.12
cf4e57e239d1,Josipa Lisac,Igra valova u mom sjećanju,sfrj,pop,0.625,0.7841269841269841,4.3
457821a589c0,Josipa Lisac,Intima,sfrj,pop,0.8061224489795918,0.9004081632653063,6.82
4bf78da8d124,Josipa Lisac,Ispočetka,sfrj,pop,0.8348623853211009,0.8866666666666667,6.4
48498937dea4,Josipa Lisac,Jedna kratka vijest,sfrj,pop,0.5819672131147541,0.7454794520547945,7.1
f987c7c5f393,Josipa Lisac,Još te čekam,sfrj,pop,0.7361111111111112,0.8478260869565217,3.93
4bcfd7a2bb54,Josipa Lisac,Jučer,sfrj,pop,0.810126582278481,0.9186666666666666,6.33
26bfc03c80b9,Josipa Lisac,Jutro,sfrj,pop,0.5476190476190477,0.6342857142857142,11.18
8e6f0ecd3ea8,Josipa Lisac,Kao mir (duet Boa),sfrj,pop,0.4726027397260274,0.7315463917525774,4.38
15e014af3a50,Josipa Lisac,Kao stranac,sfrj,pop,0.5477707006369427,0.8059259259259259,5.4
5911306624bb,Josipa Lisac,Kapetane moj,sfrj,pop,0.7404580152671756,0.8824390243902439,7.74
7c5bef3ea48f,Josipa Lisac,Karte na stol,sfrj,pop,0.5661764705882353,0.7547126436781609,4.79
bb334fb1b33b,Josipa Lisac,Knock down,sfrj,pop,0.6344827586206897,0.7531249999999999,6.05
b26fc5b8c311,Josipa Lisac,Kraljica divljine,sfrj,pop,0.7654320987654321,0.8525,8.02
11ddba466741,Josipa Lisac,Krenule su lađe,sfrj,pop,0.7603305785123967,0.8883333333333333,4.46
99c058f9e9d3,Josipa Lisac,Lažeš da si moj,sfrj,pop,0.576271186440678,0.56,6.25
98b36a15f28f,Josipa Lisac,Ležaj od suza,sfrj,pop,0.536,0.7928947368421052,6.27
db996784880e,Josipa Lisac,Ljubavna pjesma (duet Miro Ungar),sfrj,pop,0.6524822695035462,0.9032608695652173,5.19
9a0e3a652f11,Josipa Lisac,Ljudi,sfrj,pop,0.6043956043956044,0.8047619047619047,6.47
d043ab66edb9,Josipa Lisac,Lopov (with Zlatni akordi),sfrj,pop,0.6634615384615384,0.9229090909090909,7.08
1bd576353ab9,Josipa Lisac,Magla,sfrj,pop,0.8188976377952756,0.8953846153846154,8.16
6d674cbefa9a,Josipa Lisac,Make up,sfrj,pop,0.5098039215686274,0.7536538461538461,9.24
5881256e7396,Josipa Lisac,Mali ključ od zlata,sfrj,pop,0.44642857142857145,0.6847619047619048,5.99
13ad7c5e454f,Josipa Lisac,Mister gaf,sfrj,pop,0.5853658536585366,0.722972972972973,8.32
f43856ac7d1e,Josipa Lisac,Moj smiješni dječače,sfrj,pop,0.8421052631578947,0.87,5.37
610123418f63,Josipa Lisac,Možda sam se i zaljubila,sfrj,pop,0.5377358490566038,0.7652631578947368,6.08
481567860438,Josipa Lisac,"Na, na, na, na",sfrj,pop,0.7079646017699115,0.8503125,5.9
0eea8360c46b,Josipa Lisac,Narodi nam se Kralj Nebeski,sfrj,pop,0.5833333333333334,0.6181818181818182,9.76
2d4c90e2ebdf,Josipa Lisac,Naša zvijezda gubi svoj sjaj,sfrj,pop,0.7532467532467533,0.8628571428571429,4.08
c6c0ecc8049f,Josipa Lisac,Ne budi lud,sfrj,pop,0.5775862068965517,0.5507462686567164,4.27
dc733e7b53b4,Josipa Lisac,Ne prepoznajem ga,sfrj,pop,0.5977653631284916,0.8426153846153847,5.28
ead1f2742bc4,Josipa Lisac,Nema sunca,sfrj,pop,0.5463917525773195,0.72125,2.85
d2d21229ece6,Josipa Lisac,Nešto,sfrj,pop,0.5979381443298969,0.775,3.93
21e5d5ab50d4,Josipa Lisac,Nismo mi bez cilja,sfrj,pop,0.8160919540229885,0.8352631578947368,7.72
4a79acb84f7f,Josipa Lisac,"Niz polje idu, babo, sejmeni",sfrj,pop,0.4146341463414634,0.4146341463414634,12.09
b975dd298ea7,Josipa Lisac,Noćna ptica,sfrj,pop,0.4797297297297297,0.7862626262626263,6.08
c8f99fb8e6cf,Josipa Lisac,O jednoj mladosti,sfrj,pop,0.7288135593220338,0.8582608695652174,5.3
04e0f0fbabe6,Josipa Lisac,Omer-beže,sfrj,pop,0.49122807017543857,0.5225,8.37
1da698942d89,Josipa Lisac,"Pazi, oštar pas",sfrj,pop,0.6363636363636364,0.7799999999999999,5.7
7ccc1eadbe04,Josipa Lisac,Pismo,sfrj,pop,0.66796875,0.8350724637681158,6.7
5ac962cd14ca,Josipa Lisac,Pjesma za tebe,sfrj,pop,0.7286821705426356,0.86625,6.17
5ef9941865c3,Josipa Lisac,Plačem,sfrj,pop,0.6521739130434783,0.7781818181818182,4.29
e67541f5d8c9,Josipa Lisac,Po prvi put,sfrj,pop,0.6585365853658537,0.7381081081081081,4.77
4236c36f523f,Josipa Lisac,Postao si drugi čovjek,sfrj,pop,0.6148648648648649,0.8608080808080808,6.82
195e74ff4ef2,Josipa Lisac,"Radujte se, narodi",sfrj,pop,0.8571428571428571,0.8885714285714285,8.67
db5e4180af0e,Josipa Lisac,Rendez-vous sa Sotonom,sfrj,pop,0.6564885496183206,0.7907317073170732,9.15
6f3eec0f5d27,Josipa Lisac,Rušila sam mostove od sna (duet Dino Dvornik),sfrj,pop,0.6134969325153374,0.8696491228070176,6.74
54fc949cef1f,Josipa Lisac,Sanjala sam,sfrj,pop,0.7088607594936709,0.7766666666666667,4.07
4550e7474168,Josipa Lisac,"Spavaj, sinko",sfrj,pop,0.5466666666666666,0.6484615384615384,8.22
a41eaea0204f,Josipa Lisac,Sreća,sfrj,pop,0.5828220858895705,0.8805263157894736,4.51
2c9c15f3b0e7,Josipa Lisac,Srela sam se s njim,sfrj,pop,0.5093167701863354,0.8883928571428571,5.65
650e7f2dacd5,Josipa Lisac,Što me čini sretnom,sfrj,pop,0.5403225806451613,0.7048,5.75
5f05260fce0e,Josipa Lisac,Sunce sja za nas (with Zlatni akordi),sfrj,pop,0.8135593220338984,0.8619999999999999,8.74
bc1cd49eb22d,Josipa Lisac,Sve vrti se u krug,sfrj,pop,0.5,0.7366292134831461,5.58
ccc3961ee711,Josipa Lisac,"Svim na Zemlji mir, veselje",sfrj,pop,0.9,0.9,9.4
97d11bf4d009,Josipa Lisac,Ti si genije,sfrj,pop,0.7380952380952381,0.8405194805194806,6.65
65fbb69363cd,Josipa Lisac,Ti si k’o led,sfrj,pop,0.8490566037735849,0.875,5.06
4547fdb8daad,Josipa Lisac,Ti si sunce života mog,sfrj,pop,0.6428571428571429,0.7925714285714286,4.73
e0c00546dc83,Josipa Lisac,Ti znaš,sfrj,pop,0.44642857142857145,0.5984126984126985,3.14
203409bc7eff,Josipa Lisac,Tiha noć,sfrj,pop,0.8225806451612904,0.8661538461538462,7.36
03d81ca08694,Josipa Lisac,Tko zna kog vidiš u meni,sfrj,pop,0.6022099447513812,0.77,4.51
e93fb1fa951d,Josipa Lisac,Traje noć,sfrj,pop,0.37966101694915255,0.8208130081300813,7.3
bbb302fe28c7,Josipa Lisac,Tri kralja jahahu,sfrj,pop,0.8723404255319149,0.8723404255319149,9.91
be8a519bdd66,Josipa Lisac,U mislima,sfrj,pop,0.7363636363636363,0.8662295081967214,5.45
6d16b30f9e1d,Josipa Lisac,U se vrijeme godišta,sfrj,pop,0.8627450980392157,0.87,12.49
cd70f7f69b3a,Josipa Lisac,Večer u luna-parku,sfrj,pop,0.9014084507042254,0.9254545454545454,11.52
4c0b19495779,Josipa Lisac,Večeras,sfrj,pop,0.6698113207547169,0.7357894736842104,4.4
41a8841ff9c2,Josipa Lisac,"Veseli se, Majko Božja",sfrj,pop,0.7352941176470589,0.76,10.97
5af6f1f3aa91,Josipa Lisac,Vjernost,sfrj,pop,0.45045045045045046,0.6483870967741936,5.03
5f9b82c2546b,Josipa Lisac,Vjerujem ti sve,sfrj,pop,0.6376811594202898,0.8065168539325843,5.37
162be4658843,Josipa Lisac,Vlak bez dolaska,sfrj,pop,0.4186046511627907,0.612,7.64
ef04628faf22,Josipa Lisac,"Voljeti, to je radost",sfrj,pop,0.7272727272727273,0.776470588235294,6.24
0e8e6b8f9798,Josipa Lisac,Willie i Laura Mae Jones,sfrj,pop,0.6772727272727272,0.8911111111111111,6.4
0cc1203309e0,Josipa Lisac,Zar ne,sfrj,pop,0.6764705882352942,0.7389473684210526,4.94
dac54a887d3a,Josipa Lisac,Život je samo most,sfrj,pop,0.6013986013986014,0.8680851063829786,5.45
cbb99a3f95b7,Josipa Lisac,Život moj,sfrj,pop,0.6571428571428571,0.7057142857142857,6.42
9edcbc56eecf,Josipa Lisac,Život s njim,sfrj,pop,0.6304347826086957,0.74,3.54
3b82be5c4f74,Novi fosili,Ako se rastanemo,sfrj,pop,0.6607142857142857,0.893968253968254,9.04
ee3ddd752020,Novi fosili,Bilo je prelijepo,sfrj,pop,0.7109375,0.7729113924050633,8.88
ad894180ff6a,Novi fosili,Bilo mi je prvi put,sfrj,pop,0.7582417582417582,0.8214285714285714,6.86
9e2a21f5c452,Novi fosili,Budi uvijek blizu (kao što si sada),sfrj,pop,0.7731958762886598,0.8558333333333333,7.67
5bd09dc2870b,Novi fosili,Da te ne volim,sfrj,pop,0.24858757062146894,0.574375,4.1
d41b1208edc0,Novi fosili,Dijete sreće,sfrj,pop,0.6931818181818182,0.7953846153846154,5.48
2bcd60aa237e,Novi fosili,Diridonda,sfrj,pop,0.7009345794392523,0.7713793103448277,6.02
1b5d003b3614,Novi fosili,Djeca ljubavi,sfrj,pop,0.8939393939393939,0.8847058823529412,7.65
39fe6df1a312,Novi fosili,Djeca smo,sfrj,pop,0.8181818181818182,0.8181818181818182,9.08
1fed88821bf3,Novi fosili,Dobre djevojke,sfrj,pop,0.574468085106383,0.7017777777777778,8.67
a1cf58fe468c,Novi fosili,Dunjo mirisna,sfrj,pop,0.5568181818181818,0.7938461538461539,7.65
ea3a6157ac76,Novi fosili,E da si barem noćas ovdje,sfrj,pop,0.6557377049180327,0.7882191780821918,7.57
5b5ffa17fbb8,Novi fosili,E moj Saša,sfrj,pop,0.42592592592592593,0.6923893805309734,5.47
fd009235687b,Novi fosili,Hoću li znati,sfrj,pop,0.49504950495049505,0.6746153846153846,7.7
5124e8a2f248,Novi fosili,Ispod mjeseca boje trešanja,sfrj,pop,0.38636363636363635,0.6415384615384615,7.47
4a43784a74c2,Novi fosili,Ja sam za ples,sfrj,pop,0.49557522123893805,0.825625,5.0
9f0a1032464e,Novi fosili,Jedna duša,sfrj,pop,0.39090909090909093,0.7967213114754098,15.09
d812009e27c7,Novi fosili,Jedna suza,sfrj,pop,0.6338028169014085,0.7372727272727272,7.48
1ea22d1cfb50,Novi fosili,Jesen je,sfrj,pop,0.26666666666666666,0.7393893129770992,6.94
cf90c5a56138,Novi fosili,"Joj, joj",sfrj,pop,0.6906474820143885,0.7355555555555556,6.12
64e8dacc2722,Novi fosili,Još te volim,sfrj,pop,0.7303370786516854,0.8295,5.29
7949306efa19,Novi fosili,Kad budemo ja i ti,sfrj,pop,0.6595744680851063,0.7244444444444444,7.3
03b116d2b997,Novi fosili,Kad godine prođu,sfrj,pop,0.8072289156626506,0.8805882352941177,8.15
a7da6a28f9d8,Novi fosili,Kad naš brod plovi,sfrj,pop,0.43137254901960786,0.6803773584905661,7.26
68ad6b9b4433,Novi fosili,"Kaži mi, mama",sfrj,pop,0.6206896551724138,0.7794736842105263,5.42
90d29b296d71,Novi fosili,Ključ je ispod otirača,sfrj,pop,0.6081871345029239,0.769016393442623,7.59
13371d84ec94,Novi fosili,Kralj ljubavi,sfrj,pop,0.7325581395348837,0.832972972972973,8.04
72bccf876322,Novi fosili,Lastavice mala,sfrj,pop,0.6209677419354839,0.7656000000000001,5.07
46fa24f0cd76,Novi fosili,Ljubav koja nema kraja,sfrj,pop,0.5855855855855856,0.7925806451612903,6.14
5d90714cc5de,Novi fosili,Majčine oči,sfrj,pop,0.6829268292682927,0.6829268292682927,8.66
66ff8d0e3660,Novi fosili,Mali Ćiro,sfrj,pop,0.712,0.8428947368421053,7.57
3d890847b638,Novi fosili,Marina iz moje ulice,sfrj,pop,0.36619718309859156,0.7648780487804878,8.78
8340098eb3c6,Novi fosili,Mario,sfrj,pop,0.6989247311827957,0.775,6.4
28cc1bda28ff,Novi fosili,Milena,sfrj,pop,0.647887323943662,0.67,12.76
04072a89ca4f,Novi fosili,Mimi,sfrj,pop,0.74,0.7854901960784314,5.37
b71252a5b50e,Novi fosili,Moj prijatelj Anu ljubi,sfrj,pop,0.5865384615384616,0.6476363636363636,7.88
350e2aa34054,Novi fosili,Najdraže moje,sfrj,pop,0.5853658536585366,0.6981818181818181,12.17
c1374fba2897,Novi fosili,Ne budi me mati,sfrj,pop,0.45180722891566266,0.6483760683760684,6.79
1c6bd219a7d9,Novi fosili,Ne plaši se,sfrj,pop,0.8181818181818182,0.8552941176470588,8.19
586ff4900cd7,Novi fosili,Nebeske kočije,sfrj,pop,0.65625,0.6826666666666666,6.99
96287e835c75,Novi fosili,Neka vali gingolaju svoje barke,sfrj,pop,0.8266666666666667,0.8715384615384616,8.79
a3b6dae8bbfd,Novi fosili,Nemaš više vremena za mene,sfrj,pop,0.7634408602150538,0.8259090909090908,7.23
9749178a635f,Novi fosili,Neveni žuti,sfrj,pop,0.8113207547169812,0.8228070175438597,7.84
17d86f34ae8d,Novi fosili,Nije istina,sfrj,pop,0.578125,0.6573333333333333,5.71
f261408bd105,Novi fosili,Nikad više staro vino,sfrj,pop,0.6929824561403509,0.7861538461538462,8.62
14bcd7f07749,Novi fosili,Nikog nema da mu kažem,sfrj,pop,0.7936507936507936,0.7814285714285715,8.18
3b14740342c8,Novi fosili,Noćas umiru stare ljubavi,sfrj,pop,0.6,0.7276923076923076,6.92
a57b1a505c9c,Novi fosili,O ne (sad je kasno),sfrj,pop,0.42276422764227645,0.6308108108108108,4.67
2bde305fd365,Novi fosili,Otišao je on,sfrj,pop,0.42424242424242425,0.794,5.89
9f8dd0af2fdf,Novi fosili,Pazi da ne nazebeš,sfrj,pop,0.5824175824175825,0.7233333333333333,6.65
3be24438f955,Novi fosili,Plava košulja,sfrj,pop,0.7549019607843137,0.8475471698113208,9.77
b12798da7ce2,Novi fosili,Poslije svega,sfrj,pop,0.7391304347826086,0.7465116279069768,7.52
b8fc34b92887,Novi fosili,Pričaj mi o ljubavi,sfrj,pop,0.6439393939393939,0.7802409638554217,7.83
872000371535,Novi fosili,Radije budi mi brat,sfrj,pop,0.6388888888888888,0.7626086956521739,5.15
316e37de1b52,Novi fosili,Razumljiva pjesma (kad sam bio mlad),sfrj,pop,0.38095238095238093,0.4114285714285714,5.15
75b8d59ff410,Novi fosili,"Reci mi tiho, tiho",sfrj,pop,0.3780487804878049,0.5589565217391305,6.87
10bdcfcddb96,Novi fosili,Sama,sfrj,pop,0.75,0.75,5.43
0552bb6442f1,Novi fosili,Samo mi se javi,sfrj,pop,0.7127659574468085,0.7502222222222221,7.03
bf342e18781d,Novi fosili,Sanja,sfrj,pop,0.6901408450704225,0.7589247311827957,7.46
472e2852b5d3,Novi fosili,Sanjaj me,sfrj,pop,0.8,0.8,8.37
d3da6f8a77d7,Novi fosili,Sedam dugih godina,sfrj,pop,0.7272727272727273,0.7866666666666667,7.51
2a9e88571091,Novi fosili,Simpatija,sfrj,pop,0.47368421052631576,0.7016666666666668,5.74
e018aab675cb,Novi fosili,Sjećam se još,sfrj,pop,0.7076923076923077,0.8377777777777777,4.92
5fd867adba6f,Novi fosili,Sklopi oči,sfrj,pop,0.4251968503937008,0.6482051282051282,5.89
857cc031e917,Novi fosili,Šta se smiješ klipane,sfrj,pop,0.7971014492753623,0.8640000000000001,6.73
da578257b895,Novi fosili,Šu šu,sfrj,pop,0.7236842105263158,0.7481481481481481,4.58
d1a1c2b39411,Novi fosili,Šuti moj dječače plavi,sfrj,pop,0.512,0.7315789473684211,9.49
08aa50f97355,Novi fosili,Tako je malo riječi palo,sfrj,pop,0.47058823529411764,0.608421052631579,8.83
5790d4e6eed7,Novi fosili,Tko zna s kim čekaš zoru,sfrj,pop,0.6666666666666666,0.7662162162162163,5.12
e3fff383b84c,Novi fosili,Tonka,sfrj,pop,0.7028985507246377,0.852808988764045,7.62
486e83506220,Novi fosili,Tri plus deset (3+10),sfrj,pop,0.62,0.8686274509803921,6.48
e173e16abe59,Novi fosili,Tvoje plave kose,sfrj,pop,0.4696969696969697,0.811566265060241,6.31
725242e087df,Novi fosili,"Vikend tata, vikend mama",sfrj,pop,0.5789473684210527,0.7526086956521738,7.01
f40c0257a9c4,Novi fosili,Vrijeme,sfrj,pop,0.7590361445783133,0.8170588235294118,7.11
6a5ffa0596f7,Novi fosili,Za dobra stara vremena,sfrj,pop,0.5730994152046783,0.8562295081967213,8.32
cb28b1e40045,Novi fosili,Za domovinu našu,sfrj,pop,0.6190476190476191,0.6190476190476191,9.94
b53f2d82d2ea,Novi fosili,Zagrli moju dušu,sfrj,pop,0.29,0.56,7.51
9ed5c1e0a5de,Novi fosili,Zbogom,sfrj,pop,0.8488372093023255,0.9156756756756758,6.85
5e3088089e3e,Novi fosili,Znam,sfrj,pop,0.5384615384615384,0.7447272727272728,4.59
81e1e848ef26,Novi fosili,Zovem te,sfrj,pop,0.5545454545454546,0.679672131147541,5.97
df98f82cfd11,Lepa Brena,Pariski lokal,sfrj,narodna_narodnjacka,0.8840579710144928,0.9,8.58
bc804309992b,Šaban Šaulić,Da je tu,sfrj,narodna_narodnjacka,0.35714285714285715,0.3685714285714286,0.3
548ef66d404b,Šaban Šaulić,Dve duše,sfrj,narodna_narodnjacka,0.5,0.5723809523809523,3.59
0c96e060d92a,Šaban Šaulić,Gde je moj drug Miša,sfrj,narodna_narodnjacka,0.6666666666666666,0.6634042553191489,5.7
76ac989c9400,Šaban Šaulić,"Hej živote, moja reko",sfrj,narodna_narodnjacka,0.8152173913043478,0.8674418604651162,8.2
92e157b8c823,Šaban Šaulić,Krila slomljena (duet Gordana Jovanović),sfrj,narodna_narodnjacka,0.7191011235955056,0.8105,4.71
7b4e37cec3ba,Šaban Šaulić,Ljubavno ludilo (duet Morena),sfrj,narodna_narodnjacka,0.6984126984126984,0.7742857142857142,8.42
6bc5ed476099,Šaban Šaulić,Na stolu pismo od majke,sfrj,narodna_narodnjacka,0.9027777777777778,0.9321739130434783,7.6
31ade2355c25,Šaban Šaulić,Neću zbog nje da se kajem,sfrj,narodna_narodnjacka,0.7941176470588235,0.8547368421052631,8.28
2f776b650bfa,Šaban Šaulić,Nek’ te u zdravlju zatekne pismo,sfrj,narodna_narodnjacka,0.9117647058823529,0.9136842105263158,8.66
60722891ed56,Šaban Šaulić,Neka se pjeva,sfrj,narodna_narodnjacka,0.7166666666666667,0.7327272727272728,9.17
d2eb9a2b7973,Šaban Šaulić,Nema je drugovi nema,sfrj,narodna_narodnjacka,0.8,0.8647619047619047,7.52
dbd3a2869ec4,Šaban Šaulić,Nemoj draga,sfrj,narodna_narodnjacka,0.7093023255813954,0.8086486486486487,7.36
fc1bd2537eeb,Šaban Šaulić,Nije on čovek za tebe,sfrj,narodna_narodnjacka,0.8415841584158416,0.9369230769230769,8.02
efa076c7beb6,Šaban Šaulić,Nikom te ne dam,sfrj,narodna_narodnjacka,0.7317073170731707,0.8266666666666667,6.58
332491eea003,Šaban Šaulić,Nisam više ljubav tvoja (with Snežana Đurišić),sfrj,narodna_narodnjacka,0.8210526315789474,0.911304347826087,6.26
d080624f8bd3,Šaban Šaulić,Omer i Merima,sfrj,narodna_narodnjacka,0.797752808988764,0.833,9.91
5fd6745b729f,Šaban Šaulić,Oprosti mi nano,sfrj,narodna_narodnjacka,0.803921568627451,0.81,7.86
4e9f491331c3,Šaban Šaulić,Ovde su svirali tiho,sfrj,narodna_narodnjacka,0.6949152542372882,0.71,7.65
6d1ba5843f88,Šaban Šaulić,Rođena si za mene,sfrj,narodna_narodnjacka,0.7746478873239436,0.8599999999999999,7.64
a1c4a1d71056,Šaban Šaulić,Sada je svemu kraj,sfrj,narodna_narodnjacka,0.8352941176470589,0.9366666666666666,7.03
4ff9cad1ef5f,Šaban Šaulić,Sanjam ženu s mališanom,sfrj,narodna_narodnjacka,0.8108108108108109,0.856,9.21
9e9a20484bc5,Šaban Šaulić,Šmeker (with Snežana Đurišić),sfrj,narodna_narodnjacka,0.7090909090909091,0.7366666666666667,6.56
528697bd8f39,Šaban Šaulić,Šta učini sunce moje,sfrj,narodna_narodnjacka,0.8362068965517241,0.9185074626865671,7.62
13b8f037d81d,Šaban Šaulić,Sutra nek dođe kraj,sfrj,narodna_narodnjacka,0.8070175438596491,0.8325,6.34
321933dc928c,Šaban Šaulić,Svrati reče čovek,sfrj,narodna_narodnjacka,0.8686868686868687,0.912,9.71
53bedc28d311,Šaban Šaulić,Ti si meni i nemoć i moć,sfrj,narodna_narodnjacka,0.5543478260869565,0.6455813953488373,5.25
adb18ae7b890,Šaban Šaulić,Tužno vetri gorom viju,sfrj,narodna_narodnjacka,0.8611111111111112,0.8611111111111112,11.47
aa0fd80c6e7b,Šaban Šaulić,Tvoj mio glas,sfrj,narodna_narodnjacka,0.8285714285714286,0.8285714285714286,4.89
5e541ec33cfc,Šaban Šaulić,Verovah ti,sfrj,narodna_narodnjacka,0.7555555555555555,0.7970731707317074,7.45
1dd715914883,Šaban Šaulić,"Vrati se kući, piše babo stari",sfrj,narodna_narodnjacka,0.79,0.8905882352941177,7.97
0ad79df40bf7,Šaban Šaulić,Vreme za zaljubljene,sfrj,narodna_narodnjacka,0.6031746031746031,0.6914285714285714,5.61
997ea91a4143,Šaban Šaulić,Zanele me oči njene,sfrj,narodna_narodnjacka,0.8356164383561644,0.8783333333333333,6.88
9ff83e1eb9af,Šaban Šaulić,Zašto nismo zajedno,sfrj,narodna_narodnjacka,0.7916666666666666,0.7916666666666666,8.59
af721f246b18,Šaban Šaulić,Živeli,sfrj,narodna_narodnjacka,0.7019230769230769,0.8054545454545454,6.77
66fec7348067,Silvana Armenulić,Noćas mi srce pati,sfrj,narodna_narodnjacka,0.8,0.85,5.65
d17fa3d7251b,Silvana Armenulić,Zvijezda tjera mjeseca,sfrj,narodna_narodnjacka,0.9038461538461539,0.9066666666666667,10.27
c5f809503408,Toma Zdravković,Čekaj me,sfrj,narodna_narodnjacka,0.5779816513761468,0.6673333333333333,6.61
69b45fe077b7,Toma Zdravković,Da l’ ima neko,sfrj,narodna_narodnjacka,0.7961165048543689,0.8925925925925925,6.12
40f4a1f8d3e7,Toma Zdravković,Da mi je stari živ,sfrj,narodna_narodnjacka,0.6164383561643836,0.7808333333333333,6.07
6d9681e3a93a,Toma Zdravković,Da si sve što želim,sfrj,narodna_narodnjacka,0.646551724137931,0.7328358208955225,8.18
09d4b2cb47d6,Toma Zdravković,Dal’ je moguće,sfrj,narodna_narodnjacka,0.6705882352941176,0.6605555555555556,5.84
91d8b68c591f,Toma Zdravković,Danka,sfrj,narodna_narodnjacka,0.6067415730337079,0.735,7.1
3298e781f113,Toma Zdravković,Dete ulice,sfrj,narodna_narodnjacka,0.625,0.7123076923076923,5.41
f5b3fdf68304,Toma Zdravković,Detelina s četiri lista (with Milina Stefanović),sfrj,narodna_narodnjacka,0.7034482758620689,0.8764583333333333,7.34
fee53c47bc18,Toma Zdravković,"Dolazi, dolazi",sfrj,narodna_narodnjacka,0.8412698412698413,0.8371428571428571,8.23
a1bc309bd870,Toma Zdravković,Dotak’o sam dno života,sfrj,narodna_narodnjacka,0.6,0.8373913043478262,8.34
fccc974a92fe,Toma Zdravković,Plačem,sfrj,narodna_narodnjacka,0.6309523809523809,0.852,6.55
ca4af0ffd844,Toma Zdravković,Sliku tvoju ljubim,sfrj,narodna_narodnjacka,0.6933333333333334,0.693076923076923,9.37
f60f5c248510,Miroslav Ilić,Jedan dan života (with Lepa Brena),sfrj,narodna_narodnjacka,0.8095238095238095,0.8967857142857143,7.7
5f8c5718793b,Miroslav Ilić,Luckasta si ti,sfrj,narodna_narodnjacka,0.6436781609195402,0.838421052631579,8.91
4917cec7c9f9,Miroslav Ilić,Nije život jedna žena,sfrj,narodna_narodnjacka,0.44594594594594594,0.6543434343434343,9.21
3e55e60efc8c,Miroslav Ilić,"Pozdravi je, pozdravi",sfrj,narodna_narodnjacka,0.5785123966942148,0.7888888888888889,5.6
b2d4fe258095,Miroslav Ilić,Pričaj mi o njoj,sfrj,narodna_narodnjacka,0.8,0.81,3.48
9b1b2d8f1e2b,Vesna Zmijanac,A što nisi kao pre,sfrj,narodna_narodnjacka,0.8068181818181818,0.8492307692307691,4.81
501b38981b9a,Vesna Zmijanac,Ako ga vidiš srećnog,sfrj,narodna_narodnjacka,0.704225352112676,0.7554545454545455,5.75
fa70198494d2,Vesna Zmijanac,Ako me umiriš,sfrj,narodna_narodnjacka,0.8571428571428571,0.8571428571428571,7.68
31e843072df3,Vesna Zmijanac,Ciganka,sfrj,narodna_narodnjacka,0.8831168831168831,0.9285714285714286,8.02
265f6cec9105,Vesna Zmijanac,Crni kaput,sfrj,narodna_narodnjacka,0.6557377049180327,0.6683333333333333,7.78
70df15c784ca,Vesna Zmijanac,Čujem da svetom putuješ,sfrj,narodna_narodnjacka,0.6831683168316832,0.8207692307692308,7.88
09a0ac7c3b9c,Vesna Zmijanac,Čuvaću te u srcu svome,sfrj,narodna_narodnjacka,0.7435897435897436,0.8110344827586207,5.87
dafedb0504b1,Vesna Zmijanac,Da budemo zajedno,sfrj,narodna_narodnjacka,0.6549295774647887,0.810537634408602,7.26
6aa80400861c,Vesna Zmijanac,Da li ti je večeras po volji,sfrj,narodna_narodnjacka,0.92,0.92,5.53
c0a6c2c7a9bb,Vesna Zmijanac,Da su laži izašle iz raja,sfrj,narodna_narodnjacka,0.5725806451612904,0.6997333333333333,6.62
fb510c16e40c,Vesna Zmijanac,"Davala, ne davala",sfrj,narodna_narodnjacka,0.75,0.8269565217391304,8.13
f688c5b62e00,Vesna Zmijanac,Dođi da se družimo,sfrj,narodna_narodnjacka,0.8125,0.8613333333333333,9.02
ff32bdf2e191,Vesna Zmijanac,Dođi što pre,sfrj,narodna_narodnjacka,0.7702702702702703,0.828,6.62
ed524926b799,Vesna Zmijanac,Dok je mene biće njega,sfrj,narodna_narodnjacka,0.648936170212766,0.7924444444444445,6.37
46bf4e8c7ab9,Vesna Zmijanac,Drugovi moji,sfrj,narodna_narodnjacka,0.6507936507936508,0.6585714285714286,7.06
9509310d8b8c,Vesna Zmijanac,Dva me sunca greju,sfrj,narodna_narodnjacka,0.8431372549019608,0.9067924528301887,7.14
96c5b69bc563,Vesna Zmijanac,Eh da je istina,sfrj,narodna_narodnjacka,0.6271186440677966,0.65,8.56
c6d1bde731d6,Vesna Zmijanac,Grom te ubio,sfrj,narodna_narodnjacka,0.6909090909090909,0.7200000000000001,5.89
1770e5cb68a7,Vesna Zmijanac,Hajde da zaspimo,sfrj,narodna_narodnjacka,0.8392857142857143,0.84,7.93
8ddc2713ae82,Vesna Zmijanac,"Hajde idi, traži drugu",sfrj,narodna_narodnjacka,0.7183098591549296,0.7681818181818181,7.41
e8e13a47b108,Vesna Zmijanac,"Hej ljubavi, javi se",sfrj,narodna_narodnjacka,0.6481481481481481,0.7315254237288136,5.12
4d9f7ad4f579,Vesna Zmijanac,Hoću da me voliš,sfrj,narodna_narodnjacka,0.6907216494845361,0.815,5.98
53088951fb22,Vesna Zmijanac,Hvala ti za sve,sfrj,narodna_narodnjacka,0.813953488372093,0.8545945945945946,5.72
2d3a6159b9fa,Vesna Zmijanac,I kao uvek,sfrj,narodna_narodnjacka,0.6811594202898551,0.727,7.81
11243e6b23e0,Vesna Zmijanac,Idem preko zemlje Srbije,sfrj,narodna_narodnjacka,0.5510204081632653,0.7130612244897959,5.83
f9bda31f6b5c,Vesna Zmijanac,"Idi, široko ti polje",sfrj,narodna_narodnjacka,0.6857142857142857,0.76,5.0
edf26ed8e4b2,Vesna Zmijanac,"Ja imam nekog, a ti si sam (with Slavko Banjac)",sfrj,narodna_narodnjacka,0.7540983606557377,0.7716666666666666,5.35
83cfe73992e6,Vesna Zmijanac,Ja sam ona koju tražiš,sfrj,narodna_narodnjacka,0.7731958762886598,0.90875,7.9
1a9fa5e6a81d,Vesna Zmijanac,Ja to nisam htela,sfrj,narodna_narodnjacka,0.717391304347826,0.7613953488372094,6.79
ce4b8993665b,Vesna Zmijanac,Jedan si ti,sfrj,narodna_narodnjacka,0.5647058823529412,0.6727777777777777,6.54
d5d2175b1e68,Vesna Zmijanac,Jos jednom da te vidim,sfrj,narodna_narodnjacka,0.7142857142857143,0.7752380952380953,5.74
209ddb8523a8,Vesna Zmijanac,Kad bi znala kako si,sfrj,narodna_narodnjacka,0.5952380952380952,0.7028571428571428,8.0
4bd0a569891c,Vesna Zmijanac,"Kaži mi, kaži",sfrj,narodna_narodnjacka,0.796875,0.8226666666666667,7.82
651926c0c189,Vesna Zmijanac,"Kazni me, kazni",sfrj,narodna_narodnjacka,0.8833333333333333,0.9072727272727273,7.21
c258ff92eda3,Vesna Zmijanac,Kraj,sfrj,narodna_narodnjacka,0.5932203389830508,0.688,5.17
e35a468e7ba1,Vesna Zmijanac,Kraj nogu ti mrem,sfrj,narodna_narodnjacka,0.7857142857142857,0.7999999999999999,5.04
0f515eb27623,Vesna Zmijanac,Kraljica tuge,sfrj,narodna_narodnjacka,0.8205128205128205,0.8205128205128205,9.26
b642d6f4b18c,Vesna Zmijanac,Kunem ti se životom,sfrj,narodna_narodnjacka,0.6607142857142857,0.6828571428571429,8.32
4432b293e8bc,Vesna Zmijanac,Leto 88,sfrj,narodna_narodnjacka,0.5581395348837209,0.7972972972972973,6.38
d36b633a47be,Vesna Zmijanac,"Ljubi me ljubi, lepoto moja",sfrj,narodna_narodnjacka,0.7692307692307693,0.8752380952380951,7.38
96658e54e698,Vesna Zmijanac,Malo po malo,sfrj,narodna_narodnjacka,0.44285714285714284,0.5333333333333334,8.55
4949b8a4a36f,Vesna Zmijanac,Mene nećeš ispiti k’o vino,sfrj,narodna_narodnjacka,0.8,0.895609756097561,10.33
11a95483f03f,Vesna Zmijanac,Minsko polje,sfrj,narodna_narodnjacka,0.7752808988764045,0.882,5.41
dde16e331ab0,Vesna Zmijanac,Moj krevet,sfrj,narodna_narodnjacka,0.8421052631578947,0.9014814814814814,8.31
b49fd733e928,Vesna Zmijanac,Na tebe mi liče svi,sfrj,narodna_narodnjacka,0.6057692307692307,0.7774545454545454,6.91
0dbc533aaed5,Vesna Zmijanac,Ne ide to,sfrj,narodna_narodnjacka,0.8115942028985508,0.807,7.75
e6af68ee876c,Vesna Zmijanac,Ne kunite crne oči,sfrj,narodna_narodnjacka,0.7162162162162162,0.7984,6.78
62492fbbed81,Vesna Zmijanac,Ne mogu te preboleti,sfrj,narodna_narodnjacka,0.8656716417910447,0.8888888888888888,7.88
402e503e7270,Vesna Zmijanac,Ne troši noć,sfrj,narodna_narodnjacka,0.7666666666666667,0.7381818181818182,7.71
89a0070c8b16,Vesna Zmijanac,Nek me nema,sfrj,narodna_narodnjacka,0.7032967032967034,0.7995238095238095,5.65
7c303651931d,Vesna Zmijanac,Nevero moja,sfrj,narodna_narodnjacka,0.7701149425287356,0.9063157894736842,6.06
0087797e2363,Vesna Zmijanac,Nose me vetrovi ludi,sfrj,narodna_narodnjacka,0.86,0.86,8.22
7d0ff01ad41a,Vesna Zmijanac,Oluja,sfrj,narodna_narodnjacka,0.575,0.7303225806451613,5.67
5e0773ed5eba,Vesna Zmijanac,Oprosti majko,sfrj,narodna_narodnjacka,0.8125,0.8346666666666667,6.43
6d5eed2c0992,Vesna Zmijanac,Ori Mile al’ duboko,sfrj,narodna_narodnjacka,0.8214285714285714,0.8857142857142857,7.81
919491c0996e,Vesna Zmijanac,Ostavljena žena,sfrj,narodna_narodnjacka,0.7894736842105263,0.8704347826086957,8.96
19e3427e65fc,Vesna Zmijanac,Otvoriću ti srce,sfrj,narodna_narodnjacka,0.5425531914893617,0.612,4.53
4c6b480a5d3e,Vesna Zmijanac,Ovo u grudima,sfrj,narodna_narodnjacka,0.6625,0.6825806451612904,8.19
8a5d88d4752b,Vesna Zmijanac,Pada prašina,sfrj,narodna_narodnjacka,0.9027777777777778,0.9252173913043479,9.77
1c2a3c3d992f,Vesna Zmijanac,Pitaj mene kako mi je,sfrj,narodna_narodnjacka,0.5694444444444444,0.7165217391304348,4.19
9b8b4f10f652,Vesna Zmijanac,Posle svega dobro sam,sfrj,narodna_narodnjacka,0.8571428571428571,0.9228571428571428,6.51
86712c77d930,Vesna Zmijanac,Prazne su mi bele ruke,sfrj,narodna_narodnjacka,0.8831168831168831,0.9057142857142857,8.15
5a68fb5d29d7,Vesna Zmijanac,Prokleta žena,sfrj,narodna_narodnjacka,0.765625,0.78,4.56
b245e7dea2b5,Vesna Zmijanac,Prosta priča,sfrj,narodna_narodnjacka,0.8433734939759037,0.8858823529411765,6.62
616003fb498b,Vesna Zmijanac,Pukni zemljo,sfrj,narodna_narodnjacka,0.8676470588235294,0.9052631578947368,8.14
48e06c6873ec,Vesna Zmijanac,Sama,sfrj,narodna_narodnjacka,0.6582278481012658,0.8393333333333334,6.79
209350f34503,Vesna Zmijanac,Sebi sam bila i rat i brat,sfrj,narodna_narodnjacka,0.6274509803921569,0.7969811320754717,6.55
fbf4c4680792,Vesna Zmijanac,Sina sam ti odgajila,sfrj,narodna_narodnjacka,0.8142857142857143,0.8628571428571429,7.86
316d49d0d016,Vesna Zmijanac,Šta će meni sminka,sfrj,narodna_narodnjacka,0.7692307692307693,0.8172413793103448,8.37
6e024e7bced1,Vesna Zmijanac,Šta je ljubav,sfrj,narodna_narodnjacka,0.5238095238095238,0.6337142857142857,5.56
e54480cfe092,Vesna Zmijanac,Šta ostane kad padnu haljine,sfrj,narodna_narodnjacka,0.475,0.8287323943661972,7.72
49bc894925cd,Vesna Zmijanac,Stari sat,sfrj,narodna_narodnjacka,0.7528089887640449,0.8029999999999999,7.93
1dbb17f44982,Vesna Zmijanac,Sto života,sfrj,narodna_narodnjacka,0.8026315789473685,0.8488888888888889,5.98
b2b74f9de714,Vesna Zmijanac,Svatovi,sfrj,narodna_narodnjacka,0.7894736842105263,0.8025,9.81
75fb9520f9a9,Vesna Zmijanac,Sve vas seka vara,sfrj,narodna_narodnjacka,0.5929203539823009,0.7525,5.46
88adfb8dc3e1,Vesna Zmijanac,Tebi je lako,sfrj,narodna_narodnjacka,0.6021505376344086,0.8713636363636362,4.61
6b3d80dc996c,Vesna Zmijanac,Ti mali,sfrj,narodna_narodnjacka,0.6818181818181818,0.7856410256410257,7.85
2b54ed9ccaca,Vesna Zmijanac,Ti možeš sve da mi radiš,sfrj,narodna_narodnjacka,0.7272727272727273,0.7907142857142857,4.37
96c704deefe1,Vesna Zmijanac,Ti nisi čovek koji zna da voli,sfrj,narodna_narodnjacka,0.8407079646017699,0.92625,8.05
0392c43cac0d,Vesna Zmijanac,"Ti u meraku, ja u bedaku",sfrj,narodna_narodnjacka,0.6666666666666666,0.7661538461538462,5.26
87835ff2d548,Vesna Zmijanac,"Ti, gde si sad",sfrj,narodna_narodnjacka,0.7466666666666667,0.77,4.17
a4c7f506ee3e,Vesna Zmijanac,Tri noći ne spavam,sfrj,narodna_narodnjacka,0.5972222222222222,0.611304347826087,4.8
9c5a626fa4ae,Vesna Zmijanac,U mom srcu,sfrj,narodna_narodnjacka,0.8554216867469879,0.8747058823529411,7.62
abf98a04dc43,Vesna Zmijanac,U tebe da se zaljubim,sfrj,narodna_narodnjacka,0.4608695652173913,0.6975757575757575,7.68
15c59e4e6141,Vesna Zmijanac,Uvenuće šljiva ranka,sfrj,narodna_narodnjacka,0.9523809523809523,0.9585714285714285,10.89
d7bb0d61f16c,Vesna Zmijanac,Verujem u bolje dane,sfrj,narodna_narodnjacka,0.8181818181818182,0.92,7.61
81e1d1618bf5,Vesna Zmijanac,Vetar duva oko kuće,sfrj,narodna_narodnjacka,0.8636363636363636,0.928235294117647,9.08
f901ddef204b,Vesna Zmijanac,Vreme je da živim,sfrj,narodna_narodnjacka,0.7843137254901961,0.78,6.25
5c898df5a303,Vesna Zmijanac,Zaboravi me,sfrj,narodna_narodnjacka,0.717948717948718,0.7862068965517242,7.49
46950b9990d6,Vesna Zmijanac,Zakletva,sfrj,narodna_narodnjacka,0.5915492957746479,0.65,7.72
fb1c270e3a66,Vesna Zmijanac,Zar bi me lako drugome dao,sfrj,narodna_narodnjacka,0.4111111111111111,0.6034146341463414,4.97
29ce1a43ee13,Vesna Zmijanac,Znam te odlično,sfrj,narodna_narodnjacka,0.7613636363636364,0.8333333333333334,4.42
951bcdc2364e,Vesna Zmijanac,"Znaš, šta mi je žao",sfrj,narodna_narodnjacka,0.4567901234567901,0.608125,6.85
33b8d7a85562,Zorica Brunclik,Moj brate (duet Halid Muslimović),sfrj,narodna_narodnjacka,0.8648648648648649,0.8728,9.02
0eb9540078eb,Zorica Brunclik,Pobegulja (with Acko Nezirović),sfrj,narodna_narodnjacka,0.8611111111111112,0.8611111111111112,11.73
949982481a1e,Zorica Brunclik,Volim te sve više,sfrj,narodna_narodnjacka,0.5733333333333334,0.6853846153846154,8.53
ec4e5c8e45f7,Zorica Brunclik,"Zbogom, moja ljubavi",sfrj,narodna_narodnjacka,0.7333333333333333,0.8054545454545454,7.9
338c4cb9bb66,Zorica Brunclik,Zemlja iz moga sna,sfrj,narodna_narodnjacka,0.8382352941176471,0.9063157894736842,9.73
825dc015094e,Zorica Brunclik,Znaš li dragi onu šljivu ranku,sfrj,narodna_narodnjacka,0.5,0.5556521739130436,6.42
c94f6b030e19,Mile Kitić,Kilo dole kilo gore,sfrj,narodna_narodnjacka,0.6073619631901841,0.7354385964912281,5.14
c87ea9f18a28,Mile Kitić,Moj Sokole,sfrj,narodna_narodnjacka,0.7936507936507936,0.8085714285714286,8.75
76bed3f58d76,Mile Kitić,Plava Ciganko,sfrj,narodna_narodnjacka,0.7469879518072289,0.7741176470588236,8.9
7ea51348b583,Mile Kitić,Popij lozu,sfrj,narodna_narodnjacka,0.5844155844155844,0.7457142857142857,5.6
2e906141409e,Mile Kitić,Šampanjac,sfrj,narodna_narodnjacka,0.5084745762711864,0.7895652173913043,5.51
46bf0097d5e9,Mile Kitić,"Smejem se, a plače mi se",sfrj,narodna_narodnjacka,0.7333333333333333,0.8482926829268292,4.98
51f5a640ee53,Mile Kitić,Što si tako zao živote,sfrj,narodna_narodnjacka,0.6238532110091743,0.7903333333333333,6.61
89b26723b847,Mile Kitić,Svako slovo lagala,sfrj,narodna_narodnjacka,0.6470588235294118,0.8508571428571429,4.95
4c001a5baf52,Mile Kitić,Svi su tu,sfrj,narodna_narodnjacka,0.6811594202898551,0.726,6.34
266736cc74bd,Mile Kitić,Zašto baš ti,sfrj,narodna_narodnjacka,0.42962962962962964,0.7388372093023255,6.45
850e06666aae,Mile Kitić,Zemljotres,sfrj,narodna_narodnjacka,0.6176470588235294,0.7879245283018868,7.97
caf0c4e5deb1,Predrag Živković Tozovac,Na kraj sela čađava mehana,sfrj,narodna_narodnjacka,0.5714285714285714,0.6714285714285715,8.93
84055b77373f,Predrag Živković Tozovac,Romana i Mihajlo (duet Lepa Lukić),sfrj,narodna_narodnjacka,0.7647058823529411,0.88,8.39
2c3eaa94ef99,Hanka Paldum,Ako ti kažem,sfrj,narodna_narodnjacka,0.6349206349206349,0.7085714285714285,5.87
fd58dde13c24,Hanka Paldum,Aman zaman,sfrj,narodna_narodnjacka,0.5280898876404494,0.637,6.14
a75806dd8ef0,Hanka Paldum,"Avlije, avlije",sfrj,narodna_narodnjacka,0.8275862068965517,0.8644444444444445,9.08
3066e867e98c,Hanka Paldum,Bez tvoje ljubavi,sfrj,narodna_narodnjacka,0.6422018348623854,0.7613333333333333,7.02
e4901820e615,Hanka Paldum,Bosna je majka moja,sfrj,narodna_narodnjacka,0.6547619047619048,0.764,5.9
80f3d0f9c545,Hanka Paldum,Čežnja,sfrj,narodna_narodnjacka,0.5555555555555556,0.7341860465116279,8.05
2df1d36172be,Hanka Paldum,Crne kose,sfrj,narodna_narodnjacka,0.8181818181818182,0.8929411764705882,8.24
982171d928f2,Hanka Paldum,Crni snijeg (with Hari Mata Hari),sfrj,narodna_narodnjacka,0.7037037037037037,0.8928813559322034,10.47
4580f8eccb5e,Hanka Paldum,Dal’ ću više ikad ljubit’,sfrj,narodna_narodnjacka,0.43333333333333335,0.7235114503816794,6.61
65443b9a9a0e,Hanka Paldum,Dobro došli prijatelji,sfrj,narodna_narodnjacka,0.6875,0.8521678321678322,7.69
a3e5b289e8c8,Hanka Paldum,Dođi,sfrj,narodna_narodnjacka,0.8333333333333334,0.8545454545454546,5.61
594c4b9a107b,Hanka Paldum,"Gazi, gazi",sfrj,narodna_narodnjacka,0.8701298701298701,0.8807142857142857,7.67
0e29fae9b2b0,Hanka Paldum,Gdje si dušo,sfrj,narodna_narodnjacka,0.8076923076923077,0.82,8.11
7ca2c32e86dc,Hanka Paldum,Golub i golubica (with Said Jusić),sfrj,narodna_narodnjacka,0.746268656716418,0.8544444444444443,8.78
9a48df38c404,Hanka Paldum,"Hej, ljubavi",sfrj,narodna_narodnjacka,0.8472222222222222,0.8791304347826087,8.06
a463c6d4a628,Hanka Paldum,Hoću da budem samo žena,sfrj,narodna_narodnjacka,0.5523809523809524,0.6932142857142857,8.43
36eca75783e9,Hanka Paldum,Hoću lijepe riječi,sfrj,narodna_narodnjacka,0.7523809523809524,0.8067857142857143,8.21
b5f65906c181,Hanka Paldum,Hoću s tobom da se napijem,sfrj,narodna_narodnjacka,0.5113636363636364,0.5097435897435897,6.7
5e5de403a551,Hanka Paldum,Htio si sam,sfrj,narodna_narodnjacka,0.7142857142857143,0.86,5.85
d2b26c8fc04d,Hanka Paldum,Hvala,sfrj,narodna_narodnjacka,0.6758620689655173,0.79,7.52
791533991365,Hanka Paldum,Ispijmo čašu jednu,sfrj,narodna_narodnjacka,0.6666666666666666,0.813170731707317,7.19
be19f1a72ca0,Hanka Paldum,Isplakah zadnju suzu,sfrj,narodna_narodnjacka,0.6451612903225806,0.6446153846153847,7.62
05083738ce5e,Hanka Paldum,Ja i ti,sfrj,narodna_narodnjacka,0.5537190082644629,0.8780555555555556,6.9
92e0f4035be7,Hanka Paldum,Ja nemam snage (with Don Almir),sfrj,narodna_narodnjacka,0.635036496350365,0.8079545454545454,6.98
1bfc62a74ba5,Hanka Paldum,Ja te pjesmom zovem,sfrj,narodna_narodnjacka,0.8656716417910447,0.9099999999999999,7.88
4016e8ff43e5,Hanka Paldum,Ja te volim,sfrj,narodna_narodnjacka,0.6619718309859155,0.8060215053763442,6.08
a37d46682227,Hanka Paldum,Ja za tebe nikad nisam bila žena,sfrj,narodna_narodnjacka,0.868421052631579,0.868421052631579,6.14
bac2eb88d707,Hanka Paldum,Jadna sam bez tvoje ljubavi,sfrj,narodna_narodnjacka,0.6422018348623854,0.7613333333333333,7.02
70530fa49332,Hanka Paldum,Jugoslavija,sfrj,narodna_narodnjacka,0.616,0.7131578947368421,5.6
ebc142ce8c00,Hanka Paldum,Junak do junaka,sfrj,narodna_narodnjacka,0.6111111111111112,0.7663414634146342,9.94
a92ae873a0aa,Hanka Paldum,"Kaharli sam, večerala nisam",sfrj,narodna_narodnjacka,0.4189189189189189,0.43920000000000003,6.91
23df780f6f79,Hanka Paldum,Kamo sreće da ga nisam srela,sfrj,narodna_narodnjacka,0.6850393700787402,0.8230769230769232,5.0
3baabcfbf187,Hanka Paldum,Kani suzo izdajice,sfrj,narodna_narodnjacka,0.8,0.8,8.13
84ef59fc133a,Hanka Paldum,Kasno je za sve,sfrj,narodna_narodnjacka,0.47540983606557374,0.5033333333333333,7.1
86e9bc80d129,Hanka Paldum,Kriva,sfrj,narodna_narodnjacka,0.7215189873417721,0.8226666666666667,6.63
fc1d1d044b29,Hanka Paldum,Ljubav,sfrj,narodna_narodnjacka,0.7898550724637681,0.8469662921348314,9.01
3ab07524eefe,Hanka Paldum,Ljubav je radost i bol,sfrj,narodna_narodnjacka,0.6547619047619048,0.83109243697479,5.63
59c619a7777a,Hanka Paldum,Ljubavi moja,sfrj,narodna_narodnjacka,0.7272727272727273,0.7764285714285715,5.0
27c55b9a156e,Hanka Paldum,"Ludo, ludo tebe volim",sfrj,narodna_narodnjacka,0.8260869565217391,0.876,7.98
eae70e2eec37,Hanka Paldum,Lutaj srce,sfrj,narodna_narodnjacka,0.6582278481012658,0.7433333333333334,6.95
e4253999bb5f,Hanka Paldum,Med i mljeko,sfrj,narodna_narodnjacka,0.6881720430107527,0.7322727272727273,9.15
6d0032bfddf4,Hanka Paldum,Miris kose,sfrj,narodna_narodnjacka,0.8769230769230769,0.89125,9.41
6fb7e567d96b,Hanka Paldum,Mojoj majci,sfrj,narodna_narodnjacka,0.68,0.7453846153846153,7.43
b03070fc1a4f,Hanka Paldum,Moraš doći ove noći,sfrj,narodna_narodnjacka,0.7397260273972602,0.8441666666666666,6.88
c7d6c273481d,Hanka Paldum,Na sve navikne žena,sfrj,narodna_narodnjacka,0.9264705882352942,0.9578947368421052,7.59
5a90f8096bbc,Hanka Paldum,Najdražoj ljubavi,sfrj,narodna_narodnjacka,0.8117647058823529,0.8761111111111111,8.16
6177fd6fd58f,Hanka Paldum,Ne budi me,sfrj,narodna_narodnjacka,0.39669421487603307,0.6244444444444445,6.86
85976a5d6fe2,Hanka Paldum,Ne dirajte uspomene,sfrj,narodna_narodnjacka,0.83,0.8854901960784313,8.09
311134c0ef92,Hanka Paldum,Ne kuni ga majko,sfrj,narodna_narodnjacka,0.6909090909090909,0.7133333333333333,7.01
7756f48a4782,Hanka Paldum,"Ne ljubi me noćas, mili",sfrj,narodna_narodnjacka,0.6148648648648649,0.7761616161616162,7.6
c361f4c88edf,Hanka Paldum,Ne smijemo se rastaviti,sfrj,narodna_narodnjacka,0.8840579710144928,0.9189999999999999,7.64
956098a5262d,Hanka Paldum,Ne traži me,sfrj,narodna_narodnjacka,0.9264705882352942,0.951578947368421,8.45
f2a1f6265681,Hanka Paldum,Neću oproštaj da ti dam,sfrj,narodna_narodnjacka,0.547945205479452,0.7412371134020619,4.67
34242be44af2,Hanka Paldum,Nek je od srca,sfrj,narodna_narodnjacka,0.6666666666666666,0.671,3.02
0456c0a612c1,Hanka Paldum,Nema kajanja,sfrj,narodna_narodnjacka,0.7027027027027027,0.7048000000000001,8.73
52d389153ce0,Hanka Paldum,Nije to prvi put,sfrj,narodna_narodnjacka,0.5526315789473685,0.6501538461538461,6.4
ee349ebac785,Hanka Paldum,Nikad više,sfrj,narodna_narodnjacka,0.6862745098039216,0.8286538461538462,6.33
ff7c49de3b9b,Hanka Paldum,"Noćas si bol, noćas si želja",sfrj,narodna_narodnjacka,0.6203703703703703,0.796271186440678,8.04
95e2d5cd660f,Hanka Paldum,Noćima ga nema,sfrj,narodna_narodnjacka,0.7230769230769231,0.7025,7.6
0512182a49bf,Hanka Paldum,Od behara do behara,sfrj,narodna_narodnjacka,0.7692307692307693,0.7925,7.22
51bbc534cf8e,Hanka Paldum,Odreću se i srebra i zlata,sfrj,narodna_narodnjacka,0.7090909090909091,0.8750819672131148,7.47
36891e24ac5e,Hanka Paldum,Ostavljena žena,sfrj,narodna_narodnjacka,0.9056603773584906,0.905,8.4
8e9c7d2b667b,Hanka Paldum,Pa šta,sfrj,narodna_narodnjacka,0.514018691588785,0.7093103448275863,5.56
88720d827677,Hanka Paldum,Pamtim još,sfrj,narodna_narodnjacka,0.7837837837837838,0.8008,7.16
035a338db336,Hanka Paldum,Pisala sam duga pisma,sfrj,narodna_narodnjacka,0.8,0.838181818181818,8.3
2e86127c5774,Hanka Paldum,Pjesma je sve,sfrj,narodna_narodnjacka,0.5735294117647058,0.6884210526315789,4.32
9e50c9e3561b,Hanka Paldum,Pjesma tuge,sfrj,narodna_narodnjacka,0.8095238095238095,0.8214285714285714,11.26
929891730b90,Hanka Paldum,Plačem već tri dana,sfrj,narodna_narodnjacka,0.4603174603174603,0.5428571428571428,8.64
6a3f4e3ada9c,Hanka Paldum,Plači za mnom,sfrj,narodna_narodnjacka,0.4675324675324675,0.8017142857142856,6.33
3d57d8be182d,Hanka Paldum,Pokraj puta rodila jabuka,sfrj,narodna_narodnjacka,0.7777777777777778,0.792,12.61
c6d79aea6a0a,Hanka Paldum,Prva ljubav,sfrj,narodna_narodnjacka,0.6788990825688074,0.7246666666666666,6.67
eda4b6163d41,Hanka Paldum,Pusti me majko,sfrj,narodna_narodnjacka,0.7166666666666667,0.7599999999999999,6.92
27409a352313,Hanka Paldum,Put putuje Latif aga,sfrj,narodna_narodnjacka,0.9130434782608695,0.9130434782608695,14.42
3b73dd0a162d,Hanka Paldum,Rana stara,sfrj,narodna_narodnjacka,0.5168539325842697,0.584,7.54
55c9e53934f8,Hanka Paldum,Rođena sam,sfrj,narodna_narodnjacka,0.6039603960396039,0.8461538461538461,7.25
b61714b56f7a,Hanka Paldum,S kim si takav si,sfrj,narodna_narodnjacka,0.691358024691358,0.748125,6.38
d27a70b296c8,Hanka Paldum,"Sa, Sa Sarajevo",sfrj,narodna_narodnjacka,0.703125,0.7693333333333334,9.63
6e8c0487bceb,Hanka Paldum,Sama,sfrj,narodna_narodnjacka,0.8611111111111112,0.9026086956521739,7.07
341f5f4d99bd,Hanka Paldum,Sanjam,sfrj,narodna_narodnjacka,0.7388059701492538,0.8200000000000001,5.97
555992f4bc2c,Hanka Paldum,Sarajevo grad,sfrj,narodna_narodnjacka,0.6833333333333333,0.7818181818181817,8.99
9e9edd41eff0,Hanka Paldum,Sarajevo heroj je grad,sfrj,narodna_narodnjacka,0.6808510638297872,0.6808510638297872,9.34
807cf8097719,Hanka Paldum,Sarajevo ostadoh bez riječi,sfrj,narodna_narodnjacka,0.5517241379310345,0.618421052631579,9.9
494539395eaa,Hanka Paldum,Sinoć ja i moja kona,sfrj,narodna_narodnjacka,0.6714285714285714,0.719047619047619,9.04
21233895480e,Hanka Paldum,Sjećaš li se djevo bajna,sfrj,narodna_narodnjacka,0.8032786885245902,0.8316666666666667,7.77
2933a580d66a,Hanka Paldum,Sokole,sfrj,narodna_narodnjacka,0.8333333333333334,0.8436363636363636,9.42
db2fe77b6c7e,Hanka Paldum,Srce je moje kamen,sfrj,narodna_narodnjacka,0.8507462686567164,0.9166666666666666,7.71
876f24c4ea4d,Hanka Paldum,Šta će meni,sfrj,narodna_narodnjacka,0.5657894736842105,0.6111111111111112,6.73
8a09459bf2cb,Hanka Paldum,Šta da učinim,sfrj,narodna_narodnjacka,0.7662337662337663,0.7692857142857142,8.67
ca69b49f8125,Hanka Paldum,Šta se sjaji u seher Saraj’vu,sfrj,narodna_narodnjacka,0.6440677966101694,0.626,11.13
d6a888e01da5,Hanka Paldum,Stežem srce,sfrj,narodna_narodnjacka,0.8421052631578947,0.8625,6.55
ce8bfd6ca636,Hanka Paldum,Što svaka žena sanja,sfrj,narodna_narodnjacka,0.49523809523809526,0.6928571428571428,8.19
d561fdc903cd,Hanka Paldum,Svađalica,sfrj,narodna_narodnjacka,0.8,0.84,8.26
d704164d8ca6,Hanka Paldum,Svaka rijeka moru stići će,sfrj,narodna_narodnjacka,0.6,0.8363380281690141,8.01
312a510412af,Hanka Paldum,Te su me oči lagale,sfrj,narodna_narodnjacka,0.547945205479452,0.6525,9.04
973903d1b702,Hanka Paldum,"Ti si carstvo, ja carica",sfrj,narodna_narodnjacka,0.7017543859649122,0.72,4.48
06dc5fc7ff6e,Hanka Paldum,Tragovi,sfrj,narodna_narodnjacka,0.7480916030534351,0.828048780487805,10.5
f45d00c592b8,Hanka Paldum,Tražiš me kad je kasno,sfrj,narodna_narodnjacka,0.7164179104477612,0.7822222222222223,6.47
08cdeb199aed,Hanka Paldum,Usne moje da te ljube,sfrj,narodna_narodnjacka,0.5277777777777778,0.7719083969465649,3.67
ceff3563d35f,Hanka Paldum,Uspomene,sfrj,narodna_narodnjacka,0.7297297297297297,0.8309677419354838,7.37
93806bd1216d,Hanka Paldum,Uzalud mi tražiš oproštaj,sfrj,narodna_narodnjacka,0.5408805031446541,0.7923636363636364,6.16
9bfedc8d1941,Hanka Paldum,Vjetrovi tuge,sfrj,narodna_narodnjacka,0.639344262295082,0.62,11.43
c408b5636815,Hanka Paldum,"Voljela sam, voljela",sfrj,narodna_narodnjacka,0.43157894736842106,0.5,4.74
b38483473734,Hanka Paldum,Voljeni moj,sfrj,narodna_narodnjacka,0.6275862068965518,0.774375,5.24
f86517935929,Hanka Paldum,Zašto smo se sreli,sfrj,narodna_narodnjacka,0.7471264367816092,0.79,5.21
a99676cd3ff6,Hanka Paldum,"Zasviraj, cigo",sfrj,narodna_narodnjacka,0.782608695652174,0.833,5.83
dcdc735bf625,Hanka Paldum,Zbog tebe,sfrj,narodna_narodnjacka,0.6825396825396826,0.8311688311688312,4.63
fd4d70d244f7,Hanka Paldum,Zbogom voljeni moj,sfrj,narodna_narodnjacka,0.7563025210084033,0.8108571428571428,6.85
b575f7b84d87,Hanka Paldum,Zelene oči,sfrj,narodna_narodnjacka,0.21649484536082475,0.6096551724137932,7.13
5ef7965a10e6,Hanka Paldum,Žena kao ja,sfrj,narodna_narodnjacka,0.6339869281045751,0.8136538461538462,5.87
c252a60fbbf0,Hanka Paldum,Žena kao žena,sfrj,narodna_narodnjacka,0.6203703703703703,0.7989830508474577,6.96
c74ab3d7fc97,Hanka Paldum,Žuta Fadila,sfrj,narodna_narodnjacka,0.8958333333333334,0.8958333333333334,8.93
030ef3d4773f,Hanka Paldum,Zvijezda tjera mjeseca,sfrj,narodna_narodnjacka,0.9038461538461539,0.9066666666666667,10.27
87b6bb87712d,Halid Bešlić,Budna si,sfrj,narodna_narodnjacka,0.4563106796116505,0.7062962962962963,6.63
a29280846ee7,Halid Bešlić,Čardak,sfrj,narodna_narodnjacka,0.725,0.8219354838709677,7.44
6ed896c0f8c8,Halid Bešlić,Čarobna frula,sfrj,narodna_narodnjacka,0.7758620689655172,0.8066666666666666,7.71
089e953ed12f,Halid Bešlić,Crna ruža,sfrj,narodna_narodnjacka,0.7415730337078652,0.8295,7.53
42cbf95f7c63,Halid Bešlić,Da zna zora (duet Željko Bebek),sfrj,narodna_narodnjacka,0.5714285714285714,0.5971428571428571,5.19
5f6967b40b5d,Halid Bešlić,Daleko je sreća,sfrj,narodna_narodnjacka,0.6716417910447762,0.7055555555555555,7.18
7a6c2cb0d6db,Halid Bešlić,Dani ljubavi,sfrj,narodna_narodnjacka,0.8513513513513513,0.8615999999999999,5.67
338aed5ef2c0,Halid Bešlić,Djeco bosanska,sfrj,narodna_narodnjacka,0.6666666666666666,0.8738461538461538,8.21
66e7bcaad5a1,Halid Bešlić,Do ljubavi tvoje mi je stalo,sfrj,narodna_narodnjacka,0.8152173913043478,0.9204651162790697,7.05
cf36fcca68d4,Halid Bešlić,"Domovino, u srcu te nosimo",sfrj,narodna_narodnjacka,0.8611111111111112,0.9313043478260868,7.8
c262f75c038c,Halid Bešlić,Dosta mi je tužne muzike,sfrj,narodna_narodnjacka,0.8243243243243243,0.8952,7.74
6ffa61f38d45,Halid Bešlić,Dvadesete,sfrj,narodna_narodnjacka,0.5617977528089888,0.8005000000000001,6.86
31cda0d607c5,Halid Bešlić,"Eh, kad bi ti",sfrj,narodna_narodnjacka,0.43956043956043955,0.5666666666666667,4.39
ab48cba1da48,Halid Bešlić,Gitara i čaša vina,sfrj,narodna_narodnjacka,0.7361111111111112,0.7573913043478262,7.93
8154a71d6d8e,Halid Bešlić,Gitara u noći,sfrj,narodna_narodnjacka,0.7,0.7272727272727273,6.33
f8f6756688f2,Halid Bešlić,Gordana,sfrj,narodna_narodnjacka,0.5757575757575758,0.6647058823529413,7.83
c94c45d19a48,Halid Bešlić,Grade moj,sfrj,narodna_narodnjacka,0.5853658536585366,0.6872727272727273,5.55
05f4030fe649,Halid Bešlić,Grešnica,sfrj,narodna_narodnjacka,0.803030303030303,0.8282352941176471,5.51
0d7cb823eaba,Halid Bešlić,"Hej, lijepa ženo",sfrj,narodna_narodnjacka,0.3472222222222222,0.4817391304347826,9.08
a1dc0060e313,Halid Bešlić,"Hej, noći",sfrj,narodna_narodnjacka,0.7916666666666666,0.8913043478260869,10.75
6bdc2053d7e2,Halid Bešlić,"Hej, zoro, ne svani",sfrj,narodna_narodnjacka,0.8507462686567164,0.8511111111111112,8.87
5fee8b9a1048,Halid Bešlić,Hir mladosti,sfrj,narodna_narodnjacka,0.7722772277227723,0.8500000000000001,5.75
28728480a04e,Halid Bešlić,I zanesen tom ljepotom,sfrj,narodna_narodnjacka,0.7833333333333333,0.84,7.9
acc430a7211d,Halid Bešlić,Ja se Bosni spremam,sfrj,narodna_narodnjacka,0.5888888888888889,0.7604878048780488,5.96
ff9bff364b5b,Halid Bešlić,Ja žalim ružu,sfrj,narodna_narodnjacka,0.5196078431372549,0.8320754716981132,6.89
0f95845da16b,Halid Bešlić,Jabuke su bile slatke,sfrj,narodna_narodnjacka,0.7297297297297297,0.7424,7.26
8cb2f8031af1,Halid Bešlić,Jesen u meni,sfrj,narodna_narodnjacka,0.6929824561403509,0.8052307692307693,5.91
7db8df035245,Halid Bešlić,Još ljubavi ima,sfrj,narodna_narodnjacka,0.9272727272727272,0.92,9.51
bc23495a4b81,Halid Bešlić,Kad zaigra srce od meraka,sfrj,narodna_narodnjacka,0.6354166666666666,0.8480851063829787,8.73
6ccaf0c5ae01,Halid Bešlić,Kad-tad,sfrj,narodna_narodnjacka,0.8666666666666667,0.8618181818181818,6.33
7ba11e74a1e8,Halid Bešlić,Kao nekad,sfrj,narodna_narodnjacka,0.7466666666666667,0.8123076923076924,7.16
847fc5cf7a97,Halid Bešlić,"Lete ptice, lete jata",sfrj,narodna_narodnjacka,0.835820895522388,0.8422222222222222,6.83
77cf4e3cbeae,Halid Bešlić,Lijepa pa i pametna,sfrj,narodna_narodnjacka,0.6282051282051282,0.8027586206896552,7.34
dcc57580249e,Halid Bešlić,Lijepe Ciganke (duet Omer Raković),sfrj,narodna_narodnjacka,0.7592592592592593,0.772,10.64
5712572ace00,Halid Bešlić,Limun žut,sfrj,narodna_narodnjacka,0.651685393258427,0.759,5.95
30fcff8c335c,Halid Bešlić,Ljiljani,sfrj,narodna_narodnjacka,0.7901234567901234,0.90625,8.02
c649d69299cc,Halid Bešlić,Ljubav je k’o magla,sfrj,narodna_narodnjacka,0.7352941176470589,0.7736842105263159,7.71
55b05929849b,Halid Bešlić,Ljubav je stvorila anđela,sfrj,narodna_narodnjacka,0.6376811594202898,0.734,8.84
c29a7ba047c4,Halid Bešlić,Ljubičica,sfrj,narodna_narodnjacka,0.8160919540229885,0.9336842105263157,8.64
378a0b2aeb90,Halid Bešlić,Ljut na tebe,sfrj,narodna_narodnjacka,0.5528455284552846,0.8018918918918918,6.12
da329b709bad,Halid Bešlić,"Malo je, malo dana",sfrj,narodna_narodnjacka,0.6451612903225806,0.7518181818181818,5.6
724514cf8f53,Halid Bešlić,Miljacka,sfrj,narodna_narodnjacka,0.5245901639344263,0.8098630136986301,5.92
a6aa5573aad7,Halid Bešlić,Mirela,sfrj,narodna_narodnjacka,0.9137931034482759,0.9222222222222223,8.88
7387c3c89a50,Halid Bešlić,Mladost je otišla,sfrj,narodna_narodnjacka,0.8166666666666667,0.8309090909090908,7.99
2cda819619a3,Halid Bešlić,Mnogi su je poljubili,sfrj,narodna_narodnjacka,0.8513513513513513,0.8623999999999999,9.45
29f6a3c7a536,Halid Bešlić,Moja jedina,sfrj,narodna_narodnjacka,0.71875,0.7586666666666667,7.73
6bd17433dcf7,Halid Bešlić,More i planine,sfrj,narodna_narodnjacka,0.48717948717948717,0.6441379310344828,9.31
5c82e1553a9c,Halid Bešlić,Mostovi tuge,sfrj,narodna_narodnjacka,0.7083333333333334,0.7669565217391304,7.8
a2f0fb038a82,Halid Bešlić,"Mujo, Halil i Vila",sfrj,narodna_narodnjacka,0.72,0.8176923076923076,8.26
4ddf666b303b,Halid Bešlić,Na Zapadu ništa novo,sfrj,narodna_narodnjacka,0.7204301075268817,0.7636363636363637,7.58
a561846e08e2,Halid Bešlić,Najljepši dragulji,sfrj,narodna_narodnjacka,0.88,0.88,9.94
11db7ba41a78,Halid Bešlić,Navika,sfrj,narodna_narodnjacka,0.5306122448979592,0.7289795918367347,6.01
e45cf1b08ff3,Halid Bešlić,Ne bolujem,sfrj,narodna_narodnjacka,0.7727272727272727,0.7727272727272727,4.34
27b248afcbc2,Halid Bešlić,Ne budi mi nadu,sfrj,narodna_narodnjacka,0.7692307692307693,0.815,5.78
1d754ff3aee2,Halid Bešlić,Ne diraj mi nju,sfrj,narodna_narodnjacka,0.6197183098591549,0.6854545454545454,7.06
e2d1ec2f921f,Halid Bešlić,Ne traži me više pogledom,sfrj,narodna_narodnjacka,0.6703296703296703,0.7923809523809524,8.1
0e8327df4127,Halid Bešlić,Ne zaboravi,sfrj,narodna_narodnjacka,0.7532467532467533,0.8064285714285714,6.46
2c83beadc8e0,Halid Bešlić,"Ne zovi me, ne traži me",sfrj,narodna_narodnjacka,0.7741935483870968,0.8092307692307692,7.05
98b42f6f825a,Halid Bešlić,Nećeš saznat’ koliko te volim,sfrj,narodna_narodnjacka,0.8089887640449438,0.857,8.06
dc6bb9d4a95a,Halid Bešlić,"Neću, neću dijamante",sfrj,narodna_narodnjacka,0.8,0.88,8.03
76d6caf183e6,Halid Bešlić,Nekad sam ti bio drag,sfrj,narodna_narodnjacka,0.5726495726495726,0.7641176470588236,5.63
fd9ea46cf4fd,Halid Bešlić,Nije ljubav vino,sfrj,narodna_narodnjacka,0.9,0.9380952380952381,8.94
5783294ad402,Halid Bešlić,Nikom više ne vjerujem ja,sfrj,narodna_narodnjacka,0.6944444444444444,0.8365217391304348,8.45
4cd908a57878,Halid Bešlić,Noć i dan se dijeli,sfrj,narodna_narodnjacka,0.9014084507042254,0.9327272727272727,8.58
0c00babca352,Halid Bešlić,Oči njene,sfrj,narodna_narodnjacka,0.8055555555555556,0.8055555555555556,7.78
e5bf3e1a3396,Halid Bešlić,Od sabaha do jacije,sfrj,narodna_narodnjacka,0.875,0.8946666666666666,7.95
14cbb367cd92,Halid Bešlić,"Okuj me, care",sfrj,narodna_narodnjacka,0.8135593220338984,0.842,6.33
44a3d362b4e8,Halid Bešlić,Ona i samo ona,sfrj,narodna_narodnjacka,0.48148148148148145,0.5925,5.76
e6613c1e3da5,Halid Bešlić,Ona je opijum,sfrj,narodna_narodnjacka,0.68,0.7946153846153846,5.41
baa3fb88e66b,Halid Bešlić,Opet sam se zaljubio,sfrj,narodna_narodnjacka,0.7761194029850746,0.831111111111111,8.59
f5f9fd7ec6e9,Halid Bešlić,"Orilo, gorilo (duet Edvin Po)",sfrj,narodna_narodnjacka,0.7380952380952381,0.7754285714285715,7.88
c56543783677,Halid Bešlić,Otrov mi dajte,sfrj,narodna_narodnjacka,0.6451612903225806,0.7063636363636363,8.38
7b45dd53f112,Halid Bešlić,Pamtiću te,sfrj,narodna_narodnjacka,0.78,0.78,7.98
97459363f66d,Halid Bešlić,Pet godina volio sam tebe,sfrj,narodna_narodnjacka,0.8863636363636364,0.9297435897435897,7.88
e820497bb75b,Halid Bešlić,Pjesma samo o njoj,sfrj,narodna_narodnjacka,0.7311827956989247,0.8509090909090908,7.23
4f4b203678a6,Halid Bešlić,Pjesme moje,sfrj,narodna_narodnjacka,0.7012987012987013,0.785,6.52
cb9f6bc38567,Halid Bešlić,Plačem (duet Zehra Bajraktarević),sfrj,narodna_narodnjacka,0.8620689655172413,0.8733333333333334,7.05
1037d33eb38e,Halid Bešlić,"Plakaću, ljubavi moja",sfrj,narodna_narodnjacka,0.8387096774193549,0.8892307692307693,5.33
c1c1f2d55dce,Halid Bešlić,Plavuše,sfrj,narodna_narodnjacka,0.7710843373493976,0.8917647058823529,9.2
a6f7fba1f07f,Halid Bešlić,Poželjet ćeš,sfrj,narodna_narodnjacka,0.8548387096774194,0.8923076923076922,8.12
89948eb0f302,Halid Bešlić,Požuri,sfrj,narodna_narodnjacka,0.575,0.6332394366197184,4.75
cae55cebdfe1,Halid Bešlić,Prokleta je žena ta,sfrj,narodna_narodnjacka,0.7954545454545454,0.8917948717948718,7.5
da01098a12c2,Halid Bešlić,Prolaznik,sfrj,narodna_narodnjacka,0.5,0.6652173913043479,6.39
e5bdef4b3171,Halid Bešlić,Pruži mi ruku,sfrj,narodna_narodnjacka,0.6829268292682927,0.7442424242424241,6.8
45cb8f891373,Halid Bešlić,Prvi poljubac,sfrj,narodna_narodnjacka,0.8913043478260869,0.8913043478260869,9.25
8042e5845cf9,Halid Bešlić,Rajske ptice,sfrj,narodna_narodnjacka,0.7746478873239436,0.8072727272727274,6.25
3cff3d0b4c1f,Halid Bešlić,Rana jesen (duet Branka Sovrlić),sfrj,narodna_narodnjacka,0.7692307692307693,0.8455882352941176,9.63
c87a2b16f831,Halid Bešlić,Ranjen sam ti,sfrj,narodna_narodnjacka,0.704225352112676,0.7954545454545454,4.09
365a8ed608f0,Halid Bešlić,Rastanak,sfrj,narodna_narodnjacka,0.7021276595744681,0.7021276595744681,9.04
ad0f89c2989e,Halid Bešlić,Robinja,sfrj,narodna_narodnjacka,0.8,0.8516666666666667,6.89
b6a6b08e28a5,Halid Bešlić,Samo da znaš (duet Jana),sfrj,narodna_narodnjacka,0.6474820143884892,0.7882222222222222,7.92
ded844c84433,Halid Bešlić,Samo s tobom lijepo mi je,sfrj,narodna_narodnjacka,0.7023809523809523,0.8274285714285714,6.99
99a14242dcf2,Halid Bešlić,"Sanjam majku, sanjam kuću staru",sfrj,narodna_narodnjacka,0.8888888888888888,0.9057142857142857,10.06
9402980e8547,Halid Bešlić,"Sanjam te, majko",sfrj,narodna_narodnjacka,0.7592592592592593,0.768,6.7
f0d3b8c93344,Halid Bešlić,Sarajevo,sfrj,narodna_narodnjacka,0.7571428571428571,0.821904761904762,8.1
d87e74ee7a5e,Halid Bešlić,Sarajka djevojka,sfrj,narodna_narodnjacka,0.8064516129032258,0.8661538461538462,7.05
b54dc8dda2c7,Halid Bešlić,Sijede,sfrj,narodna_narodnjacka,0.45454545454545453,0.6132,10.98
4f2d7ec7c7c5,Halid Bešlić,Sijedi starac,sfrj,narodna_narodnjacka,0.8873239436619719,0.9127272727272728,9.08
76c323200f30,Halid Bešlić,Sjećam se,sfrj,narodna_narodnjacka,0.5612244897959183,0.7689795918367347,9.5
9fab504e141a,Halid Bešlić,Sjeti me se bistra rijeko,sfrj,narodna_narodnjacka,0.8888888888888888,0.95,8.15
7dcacaa4e9fb,Halid Bešlić,Snjegovi hladni dolaze,sfrj,narodna_narodnjacka,0.7407407407407407,0.7268749999999999,9.3
e7ac413bf6cc,Halid Bešlić,Snježana,sfrj,narodna_narodnjacka,0.8493150684931506,0.9025,7.3
9039a2e5aa9c,Halid Bešlić,Srce ledeno,sfrj,narodna_narodnjacka,0.6407766990291263,0.7722222222222223,7.2
a8ac2653c26b,Halid Bešlić,Srebrni mjesec,sfrj,narodna_narodnjacka,0.5111111111111111,0.664390243902439,9.53
294bf687f240,Halid Bešlić,Šta je to (duet Selma Muhedinović),sfrj,narodna_narodnjacka,0.6929824561403509,0.8003076923076924,6.03
622f865f3368,Halid Bešlić,Stani zoro,sfrj,narodna_narodnjacka,0.8113207547169812,0.83,6.11
51b823c8bd2c,Halid Bešlić,Stara kuća,sfrj,narodna_narodnjacka,0.654320987654321,0.7725,5.02
d5c98b286015,Halid Bešlić,Što je tužna breza ta,sfrj,narodna_narodnjacka,0.7777777777777778,0.78,8.02
bcde94f66a92,Halid Bešlić,Sto posto ljubav (duet Tifa),sfrj,narodna_narodnjacka,0.5803571428571429,0.7692063492063492,6.88
fd34dcb7b86f,Halid Bešlić,Sumorne jeseni,sfrj,narodna_narodnjacka,0.8723404255319149,0.8723404255319149,10.16
b67affbfbf02,Halid Bešlić,Sunce jedino,sfrj,narodna_narodnjacka,0.5564516129032258,0.7474666666666667,7.36
722c872a43a2,Halid Bešlić,Svatovi,sfrj,narodna_narodnjacka,0.8787878787878788,0.9176470588235294,9.08
d0fd6ed6889e,Halid Bešlić,Sve sate i dane,sfrj,narodna_narodnjacka,0.3463687150837989,0.6478461538461538,6.9
e107c05ff80b,Halid Bešlić,Sviraj nešto narodno (with Donna Ares),sfrj,narodna_narodnjacka,0.6793893129770993,0.8258536585365853,6.83
b7a64679f1d2,Halid Bešlić,Ta je žena varala me,sfrj,narodna_narodnjacka,0.8305084745762712,0.8400000000000001,7.05
955047630152,Halid Bešlić,Tajna,sfrj,narodna_narodnjacka,0.5857142857142857,0.6466666666666667,6.34
bcf476df9731,Halid Bešlić,Ti si bila moja želja,sfrj,narodna_narodnjacka,0.8372093023255814,0.9286486486486486,8.34
20abd28df459,Halid Bešlić,Tri ruže,sfrj,narodna_narodnjacka,0.6571428571428571,0.7133333333333333,6.96
76d7f210664d,Halid Bešlić,U ime ljubavi,sfrj,narodna_narodnjacka,0.7761194029850746,0.8122222222222222,8.15
be3059b50905,Halid Bešlić,U plamenu jedne vatre,sfrj,narodna_narodnjacka,0.7611940298507462,0.8444444444444444,8.41
d08db7b71a86,Halid Bešlić,Ulica uzdaha (duet Luna),sfrj,narodna_narodnjacka,0.5340909090909091,0.7625641025641026,9.46
4cd963b65a55,Halid Bešlić,Umrijeću zbog tebe (duet Henda),sfrj,narodna_narodnjacka,0.7272727272727273,0.8211764705882354,10.51
54eb6f2598b9,Halid Bešlić,"Uspomeno, uspomeno",sfrj,narodna_narodnjacka,0.7926829268292683,0.8678787878787879,8.57
1d087041acba,Halid Bešlić,Uzalud je vino,sfrj,narodna_narodnjacka,0.7674418604651163,0.7674418604651163,8.11
a707c3f6d327,Halid Bešlić,Vazda,sfrj,narodna_narodnjacka,0.7058823529411765,0.7569811320754717,8.85
d072e2d10124,Halid Bešlić,Vjetrovi i oluje,sfrj,narodna_narodnjacka,0.7777777777777778,0.7777777777777778,5.22
c9eb938222dd,Halid Bešlić,Volim te,sfrj,narodna_narodnjacka,0.6224489795918368,0.6706122448979591,7.1
602f3d9d3eee,Halid Bešlić,"Volim te, neka svako zna",sfrj,narodna_narodnjacka,0.7857142857142857,0.8971428571428571,8.47
c770f8ffdad1,Halid Bešlić,"Volim te, volim ja",sfrj,narodna_narodnjacka,0.75,0.7746666666666667,5.69
2fb613e46879,Halid Bešlić,Voljela me jedna Esma,sfrj,narodna_narodnjacka,0.686046511627907,0.76,7.75
501aa83fe6e2,Halid Bešlić,Vraćam se majci u Bosnu (Beograđanka),sfrj,narodna_narodnjacka,0.6767676767676768,0.8112,6.47
8281740d24bb,Halid Bešlić,Vremena se mijenjaju,sfrj,narodna_narodnjacka,0.7213114754098361,0.7466666666666667,9.02
654b9e39a8e2,Halid Bešlić,"Zadnji put sam ovdje, druže",sfrj,narodna_narodnjacka,0.8382352941176471,0.8789473684210526,8.63
4b7989d806af,Halid Bešlić,Zagrli me nježno,sfrj,narodna_narodnjacka,0.8793103448275862,0.8955555555555557,8.45
131fa977ad07,Halid Bešlić,Zajedno smo jači,sfrj,narodna_narodnjacka,0.6176470588235294,0.6831578947368421,7.49
374b1b5b2fce,Halid Bešlić,"Zaljubljen sam, stara majko",sfrj,narodna_narodnjacka,0.6666666666666666,0.664,8.89
7a374bce43ff,Halid Bešlić,Zar si mogla ljubit’ njega,sfrj,narodna_narodnjacka,0.717948717948718,0.8062068965517241,8.64
14563f97a4ce,Halid Bešlić,Zarobljenik uspomena (duet Danijela Martinović),sfrj,narodna_narodnjacka,0.6459627329192547,0.8821428571428571,5.94
706e38524365,Halid Bešlić,Zarobljenik vina,sfrj,narodna_narodnjacka,0.6739130434782609,0.6739130434782609,10.93
5f923995f619,Halid Bešlić,Zašto je moralo tako da bude,sfrj,narodna_narodnjacka,0.6216216216216216,0.8532258064516128,9.32
224380fd226c,Halid Bešlić,Zašto su ti oči tužne,sfrj,narodna_narodnjacka,0.79,0.864313725490196,8.68
d80a29247de1,Halid Bešlić,Zbog najdraže žene,sfrj,narodna_narodnjacka,0.5714285714285714,0.6128571428571429,7.09
d2efc415ae29,Halid Bešlić,"Zbogom noći, zbogom zore",sfrj,narodna_narodnjacka,0.7848101265822784,0.8086666666666666,7.54
d4669c965c59,Halid Bešlić,"Željan sam, željan",sfrj,narodna_narodnjacka,0.8070175438596491,0.8225,6.5
34e2eec8fba7,Halid Bešlić,Žena mog života,sfrj,narodna_narodnjacka,0.8245614035087719,0.84,7.04
6097727b19c5,Halid Bešlić,Život je Bosna (with Alka Vuica),sfrj,narodna_narodnjacka,0.6911764705882353,0.8558620689655172,7.79
38f7b0a7d266,Halid Bešlić,Zlatna čaša,sfrj,narodna_narodnjacka,0.8636363636363636,0.8776470588235294,6.94
70dd407f6a8b,Halid Bešlić,Zlatne niti,sfrj,narodna_narodnjacka,0.7096774193548387,0.7953846153846154,5.91
086a0c516d4b,Halid Bešlić,Zlatne strune,sfrj,narodna_narodnjacka,0.8181818181818182,0.8366666666666666,7.8
3b2c6f2a261f,Halid Bešlić,Zrele kajsije,sfrj,narodna_narodnjacka,0.7045454545454546,0.7692307692307693,7.18
73f797c22167,Halid Bešlić,Zumbuli su procvali,sfrj,narodna_narodnjacka,0.7540983606557377,0.8283333333333333,8.56
86f6364c0edd,Svetlana Ceca Ražnatović,"39,2",tranzicija,turbo_folk,0.3727810650887574,0.7696666666666666,6.51
f4394dc44cd9,Svetlana Ceca Ražnatović,Ako te ona odbije,tranzicija,turbo_folk,0.69,0.8215686274509804,5.5
20ec7286ec76,Svetlana Ceca Ražnatović,Babaroga,tranzicija,turbo_folk,0.7843137254901961,0.8501886792452831,7.17
fc8406afb94f,Svetlana Ceca Ražnatović,Batali,tranzicija,turbo_folk,0.572972972972973,0.8079411764705882,5.34
56ecc660a175,Svetlana Ceca Ražnatović,Beograd,tranzicija,turbo_folk,0.7319587628865979,0.8054166666666668,6.24
2a9eaf3c88f7,Svetlana Ceca Ražnatović,Bivši,tranzicija,turbo_folk,0.5714285714285714,0.7147619047619047,4.34
a2ab75ebb784,Svetlana Ceca Ražnatović,Brat i sestra,tranzicija,turbo_folk,0.6428571428571429,0.6714285714285715,4.3
f61be506076b,Svetlana Ceca Ražnatović,Bruka,tranzicija,turbo_folk,0.5921052631578947,0.6881481481481481,5.83
19c7222b855a,Svetlana Ceca Ražnatović,"Brže, brže",tranzicija,turbo_folk,0.7127659574468085,0.9137777777777777,7.08
7473cd2312a0,Svetlana Ceca Ražnatović,Budi dečko moj,tranzicija,turbo_folk,0.686046511627907,0.8183783783783785,6.31
ab580370248a,Svetlana Ceca Ražnatović,Cipelice,tranzicija,turbo_folk,0.746268656716418,0.8355555555555555,9.64
d3fe69d16b55,Svetlana Ceca Ražnatović,Crni sneg (with Aca Lukas),tranzicija,turbo_folk,0.6944444444444444,0.8796610169491526,10.14
a5a9856dbb89,Svetlana Ceca Ražnatović,Crveno,tranzicija,turbo_folk,0.6538461538461539,0.8275862068965517,6.28
db6a9f271109,Svetlana Ceca Ražnatović,Čudo,tranzicija,turbo_folk,0.5384615384615384,0.773191489361702,5.23
2ba7a7323c72,Svetlana Ceca Ražnatović,Čulo bola,tranzicija,turbo_folk,0.7339449541284404,0.8676666666666667,7.18
e7f4825eb646,Svetlana Ceca Ražnatović,Cvetak zanovetak,tranzicija,turbo_folk,0.7733333333333333,0.8015384615384615,6.38
a33e39621c2c,Svetlana Ceca Ražnatović,Da li to ljubav pravi od nas slabiće,tranzicija,turbo_folk,0.7903225806451613,0.8461538461538461,6.41
f2c823f831ff,Svetlana Ceca Ražnatović,Da ne čuje zlo,tranzicija,turbo_folk,0.6287878787878788,0.8698795180722891,6.93
d7e89fc331ce,Svetlana Ceca Ražnatović,Da raskinem sa njom,tranzicija,turbo_folk,0.31759656652360513,0.7346739130434783,7.59
7daeccfcee3c,Svetlana Ceca Ražnatović,Da si nekad do bola voleo,tranzicija,turbo_folk,0.7368421052631579,0.7992592592592593,7.38
f6da65599363,Svetlana Ceca Ražnatović,Decenija,tranzicija,turbo_folk,0.6396396396396397,0.8416129032258064,5.77
aadd27aad73b,Svetlana Ceca Ražnatović,Detelina sa četiri lista,tranzicija,turbo_folk,0.7974683544303798,0.8713333333333334,10.23
9ef8c6106bd0,Svetlana Ceca Ražnatović,Devojko veštice,tranzicija,turbo_folk,0.9076923076923077,0.9412499999999999,6.78
09d1bf46a1d6,Svetlana Ceca Ražnatović,Dođi,tranzicija,turbo_folk,0.6265060240963856,0.7658823529411765,4.94
772b133f8fe0,Svetlana Ceca Ražnatović,Dokaz,tranzicija,turbo_folk,0.7619047619047619,0.7971428571428572,7.33
9d8e764e4f6a,Svetlana Ceca Ražnatović,Doktor,tranzicija,turbo_folk,0.825,0.9276056338028169,8.38
7329e61cf1da,Svetlana Ceca Ražnatović,Dragane moj,tranzicija,turbo_folk,0.49624060150375937,0.7916666666666666,5.42
816ddf663780,Svetlana Ceca Ražnatović,Drugarice (with Luna),tranzicija,turbo_folk,0.6614173228346457,0.7315384615384616,5.43
cc015624ae32,Svetlana Ceca Ražnatović,"Drugarice, prokletnice",tranzicija,turbo_folk,0.7916666666666666,0.7756521739130434,6.06
5570575bfe4f,Svetlana Ceca Ražnatović,Đački spomenari,tranzicija,turbo_folk,0.7474747474747475,0.778,6.88
f47d4e340ff3,Svetlana Ceca Ražnatović,"Eh, teško meni",tranzicija,turbo_folk,0.5625,0.6453333333333333,6.62
0b37196653cb,Svetlana Ceca Ražnatović,"Eto, eto prođe leto",tranzicija,turbo_folk,0.95,0.9545454545454546,7.11
570b7161f358,Svetlana Ceca Ražnatović,Fatalna ljubav,tranzicija,turbo_folk,0.5546218487394958,0.7045714285714286,5.58
2aca6f6a19d4,Svetlana Ceca Ražnatović,Gore od ljubavi,tranzicija,turbo_folk,0.5982142857142857,0.8438095238095238,5.62
f78a43b5b643,Svetlana Ceca Ražnatović,Greška,tranzicija,turbo_folk,0.7435897435897436,0.9135294117647058,7.14
90f9a47b2abd,Svetlana Ceca Ražnatović,Hej vršnjaci,tranzicija,turbo_folk,0.6987951807228916,0.73,7.21
e42dbcc1679b,Svetlana Ceca Ražnatović,"Hej, ljubavi ljubavi",tranzicija,turbo_folk,0.8135593220338984,0.8219999999999998,7.65
542fb4ab429b,Svetlana Ceca Ražnatović,I bogati plaču,tranzicija,turbo_folk,0.83,0.8662745098039215,6.83
fced45542e16,Svetlana Ceca Ražnatović,Idealno loša,tranzicija,turbo_folk,0.6837606837606838,0.7817647058823529,6.96
8cd19846db4a,Svetlana Ceca Ražnatović,Idi dok si mlad,tranzicija,turbo_folk,0.7547169811320755,0.9322807017543859,5.32
37a3708b6b09,Svetlana Ceca Ražnatović,Isuse,tranzicija,turbo_folk,0.7164179104477612,0.7988888888888889,5.35
02c1ad65090b,Svetlana Ceca Ražnatović,"Izbriši, vetre, trag",tranzicija,turbo_folk,0.7397260273972602,0.8516666666666667,6.56
01532ac144a9,Svetlana Ceca Ražnatović,Ja ću prva,tranzicija,turbo_folk,0.5145631067961165,0.6022222222222223,5.2
d86f4734c28b,Svetlana Ceca Ražnatović,Ja još spavam u tvojoj majici,tranzicija,turbo_folk,0.7368421052631579,0.745,8.87
dfd9dc5027d4,Svetlana Ceca Ražnatović,Ja tebe hoću (with Ljuba Lukić),tranzicija,turbo_folk,0.8703703703703703,0.908,2.96
df6d44ea0344,Svetlana Ceca Ražnatović,Kad bi bio ranjen,tranzicija,turbo_folk,0.6483516483516484,0.751904761904762,5.7
d27252560087,Svetlana Ceca Ražnatović,Kažem da te volim,tranzicija,turbo_folk,0.6962025316455697,0.7773333333333333,4.4
8f3784c65c90,Svetlana Ceca Ražnatović,Ko na grani jabuka (with Željko Šašić),tranzicija,turbo_folk,0.5873015873015873,0.5728571428571428,5.99
ca192163d70a,Svetlana Ceca Ražnatović,Ko nekad u osam,tranzicija,turbo_folk,0.6145833333333334,0.7629787234042553,5.12
ccc7d7b63f14,Svetlana Ceca Ražnatović,Koža pamti,tranzicija,turbo_folk,0.5666666666666667,0.7029268292682926,11.4
2de3d74f88c9,Svetlana Ceca Ražnatović,Kuda idu ostavljene devojke,tranzicija,turbo_folk,0.7384615384615385,0.82125,8.67
6f9ca5e49a89,Svetlana Ceca Ražnatović,Kuda žuriš,tranzicija,turbo_folk,0.7575757575757576,0.8294117647058823,7.29
23eb08bc3ff8,Svetlana Ceca Ražnatović,Kukavica,tranzicija,turbo_folk,0.6140350877192983,0.8215384615384616,7.89
3966a0b19ef9,Svetlana Ceca Ražnatović,Lako je tebi,tranzicija,turbo_folk,0.58,0.58,3.74
5e4c56d715e8,Svetlana Ceca Ražnatović,Lepi grome moj,tranzicija,turbo_folk,0.5783132530120482,0.875042735042735,6.12
54cd0a0e9c3a,Svetlana Ceca Ražnatović,Lepotan,tranzicija,turbo_folk,0.8072289156626506,0.8523529411764706,6.19
ea9c9b7a5406,Svetlana Ceca Ražnatović,Ličiš na moga oca,tranzicija,turbo_folk,0.7063492063492064,0.8805194805194805,8.24
8149aef9c1be,Svetlana Ceca Ražnatović,Ludo srce,tranzicija,turbo_folk,0.7023809523809523,0.7982857142857144,7.26
86984413f957,Svetlana Ceca Ražnatović,"Manta, manta",tranzicija,turbo_folk,0.42962962962962964,0.6809302325581396,5.4
5b1e7726658f,Svetlana Ceca Ražnatović,Maskarada,tranzicija,turbo_folk,0.5163398692810458,0.7834615384615385,4.42
7ea6eadfba65,Svetlana Ceca Ražnatović,"Mesec, nebo, zvezdice",tranzicija,turbo_folk,0.926829268292683,0.926829268292683,5.76
aa6e12331a07,Svetlana Ceca Ražnatović,Mokra trava,tranzicija,turbo_folk,0.375,0.5992727272727273,4.48
629476b6a275,Svetlana Ceca Ražnatović,Mrtvo more,tranzicija,turbo_folk,0.6436781609195402,0.9110526315789473,6.03
9666a49c1393,Svetlana Ceca Ražnatović,Nagovori,tranzicija,turbo_folk,0.5888888888888889,0.6882926829268292,10.55
c2a2a03bd128,Svetlana Ceca Ražnatović,Ne daj me,tranzicija,turbo_folk,0.39285714285714285,0.4731428571428571,3.88
ca9b80464e50,Svetlana Ceca Ražnatović,Ne guši me,tranzicija,turbo_folk,0.6,0.7421978021978023,5.74
b1ca813c71ec,Svetlana Ceca Ražnatović,Ne kuni majko,tranzicija,turbo_folk,0.7640449438202247,0.833,6.89
2d0d6dbfa013,Svetlana Ceca Ražnatović,Ne računaj na mene (with Mira Škorić),tranzicija,turbo_folk,0.5609756097560976,0.6357575757575757,6.44
5796f4f253c7,Svetlana Ceca Ražnatović,Neću da budem kao mašina,tranzicija,turbo_folk,0.7236842105263158,0.7755555555555556,4.58
08c6817faa76,Svetlana Ceca Ražnatović,Neću dugo,tranzicija,turbo_folk,0.5454545454545454,0.8340952380952381,6.2
14b77de6c315,Svetlana Ceca Ražnatović,Nemoj mi prići,tranzicija,turbo_folk,0.49586776859504134,0.7727777777777778,6.85
3bbb6a68b8bf,Svetlana Ceca Ražnatović,"Neodoljiv, neumoljiv",tranzicija,turbo_folk,0.8767123287671232,0.8733333333333334,7.08
04ec3e508e52,Svetlana Ceca Ražnatović,Nevaljala,tranzicija,turbo_folk,0.6534653465346535,0.8430769230769231,4.28
5c859908bedc,Svetlana Ceca Ražnatović,Nije monotonija,tranzicija,turbo_folk,0.7064220183486238,0.8373333333333334,7.76
da62b95bc3eb,Svetlana Ceca Ražnatović,Noćas kuća časti,tranzicija,turbo_folk,0.7051282051282052,0.710344827586207,5.46
388085acdcd3,Svetlana Ceca Ražnatović,Očima te pijem,tranzicija,turbo_folk,0.8679245283018868,0.875,7.51
3129441ec7ee,Svetlana Ceca Ražnatović,Od glave do pete,tranzicija,turbo_folk,0.7272727272727273,0.7776470588235295,5.33
769fb76c3819,Svetlana Ceca Ražnatović,Od tebe ne znam da se oporavim,tranzicija,turbo_folk,0.6864406779661016,0.755072463768116,7.11
0985e8a87c21,Svetlana Ceca Ražnatović,Oproštajna večera,tranzicija,turbo_folk,0.6870229007633588,0.8002439024390244,6.78
98c90e7ce91d,Svetlana Ceca Ražnatović,Oprosti mi suze,tranzicija,turbo_folk,0.7894736842105263,0.8275,6.29
7c66179023ef,Svetlana Ceca Ražnatović,Pazi s kim spavaš,tranzicija,turbo_folk,0.654320987654321,0.8184070796460178,5.98
17acf48d729d,Svetlana Ceca Ražnatović,Pepeljara,tranzicija,turbo_folk,0.6068965517241379,0.8312499999999999,6.48
af794ac21640,Svetlana Ceca Ražnatović,Pile,tranzicija,turbo_folk,0.5151515151515151,0.7881927710843374,7.42
80d2d6e90d1c,Svetlana Ceca Ražnatović,Plan B,tranzicija,turbo_folk,0.627906976744186,0.8375,4.55
d7573fc68751,Svetlana Ceca Ražnatović,Pogrešan broj,tranzicija,turbo_folk,0.58,0.6933333333333334,6.97
97c33ee8a2e7,Svetlana Ceca Ražnatović,Ponudjen k’o pocascen,tranzicija,turbo_folk,0.6486486486486487,0.7834343434343435,6.43
7b305ef4d581,Svetlana Ceca Ražnatović,Popij me kao lek,tranzicija,turbo_folk,0.78125,0.824,4.87
bebab0707a3b,Svetlana Ceca Ražnatović,"Prljavo, prljavo",tranzicija,turbo_folk,0.6210526315789474,0.73,7.6
e90551e623bd,Svetlana Ceca Ražnatović,Pustite me da ga vidim,tranzicija,turbo_folk,0.7875,0.8877419354838709,5.24
c097d2eb5c23,Svetlana Ceca Ražnatović,Rađajte decu,tranzicija,turbo_folk,0.6306306306306306,0.7812903225806451,8.49
ba2d19ab3cac,Svetlana Ceca Ražnatović,Rekom bez vode,tranzicija,turbo_folk,0.6230769230769231,0.8012345679012346,7.22
34d2f87474c7,Svetlana Ceca Ražnatović,Rođen sa greškom,tranzicija,turbo_folk,0.4811320754716981,0.7185964912280702,5.58
c9682e82b042,Svetlana Ceca Ražnatović,Šta je to u tvojim venama,tranzicija,turbo_folk,0.7866666666666666,0.8107692307692308,7.06
552314e2697d,Svetlana Ceca Ražnatović,Šta još možeš da mi daš,tranzicija,turbo_folk,0.6744186046511628,0.8356756756756756,5.32
bacae950d962,Svetlana Ceca Ražnatović,Stereo bol,tranzicija,turbo_folk,0.7560975609756098,0.9400000000000001,7.14
2617ccba7ff0,Svetlana Ceca Ražnatović,Sto put sam se zaklela,tranzicija,turbo_folk,0.6521739130434783,0.7110000000000001,5.25
b1515cb82cd9,Svetlana Ceca Ražnatović,Što si tako zaboravan,tranzicija,turbo_folk,0.7142857142857143,0.7885714285714286,7.43
a6e6053e546c,Svetlana Ceca Ražnatović,Sve u svoje vreme,tranzicija,turbo_folk,0.6440677966101694,0.6900000000000001,5.65
f07593331d91,Svetlana Ceca Ražnatović,Sviće dan,tranzicija,turbo_folk,0.7272727272727273,0.8376470588235294,8.05
f0b0b7fe0335,Svetlana Ceca Ražnatović,Tačno je,tranzicija,turbo_folk,0.36538461538461536,0.6836477987421384,7.47
6e8613ae3854,Svetlana Ceca Ražnatović,To Miki,tranzicija,turbo_folk,0.6161616161616161,0.7587999999999999,5.89
a5511a23dc21,Svetlana Ceca Ražnatović,Tražio si sve,tranzicija,turbo_folk,0.510752688172043,0.7948905109489052,5.33
85719cf97dd4,Svetlana Ceca Ražnatović,Trula višnja,tranzicija,turbo_folk,0.7720588235294118,0.8793103448275862,6.24
72afb72d2000,Svetlana Ceca Ražnatović,Tu sam ja,tranzicija,turbo_folk,0.4720496894409938,0.7194642857142857,3.96
d4b84857c546,Svetlana Ceca Ražnatović,Usnule lepotice,tranzicija,turbo_folk,0.7622950819672131,0.7972602739726027,7.33
8bc90b981641,Svetlana Ceca Ražnatović,"Ustani, budi se",tranzicija,turbo_folk,0.7164179104477612,0.7666666666666667,5.27
7f4d38192597,Svetlana Ceca Ražnatović,Vazduh koji dišem,tranzicija,turbo_folk,0.6923076923076923,0.6866666666666666,6.51
c22665b2e6af,Svetlana Ceca Ražnatović,Već viđeno,tranzicija,turbo_folk,0.638095238095238,0.7835714285714286,5.88
22f492f6937e,Svetlana Ceca Ražnatović,Veliko srce,tranzicija,turbo_folk,0.7538461538461538,0.8262499999999999,6.37
741b90eb4899,Svetlana Ceca Ražnatović,Viski,tranzicija,turbo_folk,0.6666666666666666,0.8041558441558442,5.28
5d040d0af57b,Svetlana Ceca Ražnatović,"Volela sam, volela",tranzicija,turbo_folk,0.4,0.47782608695652173,3.74
04f8142044da,Svetlana Ceca Ražnatović,Volim te,tranzicija,turbo_folk,0.5301204819277109,0.5711764705882354,4.74
30d70df57cdb,Svetlana Ceca Ražnatović,Votka sa utehom,tranzicija,turbo_folk,0.7142857142857143,0.845,6.45
319fd8d86fb6,Svetlana Ceca Ražnatović,Vreme za ljubav ističe (with Oliver Mandić),tranzicija,turbo_folk,0.6,0.8393548387096774,8.96
0bd537b0e737,Svetlana Ceca Ražnatović,Vreteno,tranzicija,turbo_folk,0.7580645161290323,0.8446153846153847,8.76
4b1acb701167,Svetlana Ceca Ražnatović,Zaboravi,tranzicija,turbo_folk,0.6285714285714286,0.6819047619047619,10.37
2cd0c08e1cc2,Svetlana Ceca Ražnatović,Zabraniću srcu da te voli,tranzicija,turbo_folk,0.5223880597014925,0.6155555555555555,8.59
0c18c218b502,Svetlana Ceca Ražnatović,Zabranjeni grad,tranzicija,turbo_folk,0.4322916666666667,0.7197202797202797,4.27
f924308d8317,Svetlana Ceca Ražnatović,Zabranjeno pušenje,tranzicija,turbo_folk,0.727810650887574,0.8616666666666667,7.49
3747fe34aaf4,Svetlana Ceca Ražnatović,Zadrzaću pravo,tranzicija,turbo_folk,0.5272727272727272,0.680327868852459,4.83
41a16cd54e1a,Svetlana Ceca Ražnatović,Zamalo,tranzicija,turbo_folk,0.573170731707317,0.7284848484848485,6.67
0e582594e095,Svetlana Ceca Ražnatović,Žarila sam žar,tranzicija,turbo_folk,0.7361111111111112,0.8078260869565217,6.3
f15276c6a1ff,Svetlana Ceca Ražnatović,Zdravo mladosti,tranzicija,turbo_folk,0.7974683544303798,0.8713333333333334,10.23
8ae64a5e9f64,Svetlana Ceca Ražnatović,Želim te u mladosti,tranzicija,turbo_folk,0.7671232876712328,0.8125,6.88
14b5dc9ed9b5,Svetlana Ceca Ražnatović,"Zlato, srećan put",tranzicija,turbo_folk,0.9107142857142857,0.9257142857142858,9.35
7e501b37fcdb,Svetlana Ceca Ražnatović,Znam,tranzicija,turbo_folk,0.8369565217391305,0.8623255813953488,6.49
7f34aa8836db,Dragana Mirković,Ako me ostaviš,tranzicija,turbo_folk,0.7363636363636363,0.7924590163934426,7.83
56d9d95abc35,Dragana Mirković,Ako pitaš kako sam,tranzicija,turbo_folk,0.7575757575757576,0.7964705882352942,5.51
86bdb4790223,Dragana Mirković,Baš tebe volim ja,tranzicija,turbo_folk,0.7972972972972973,0.8168,6.72
b0f9ccef89de,Dragana Mirković,Bice mi kako kad,tranzicija,turbo_folk,0.7340425531914894,0.8013333333333333,5.96
8aa03c84d6b4,Dragana Mirković,Biću njegova,tranzicija,turbo_folk,0.5869565217391305,0.7567441860465116,6.91
eeb3a2182b89,Dragana Mirković,Bila sam naivna,tranzicija,turbo_folk,0.8029197080291971,0.9297727272727272,7.53
9859175bded2,Dragana Mirković,Bilo čija,tranzicija,turbo_folk,0.6904761904761905,0.7765714285714286,6.97
3f006c110f5b,Dragana Mirković,Bog srca mog,tranzicija,turbo_folk,0.8448275862068966,0.8844444444444445,6.81
ee8f4aa6a789,Dragana Mirković,Bog zna,tranzicija,turbo_folk,0.7575757575757576,0.8282352941176471,7.67
1d7fdd2bd934,Dragana Mirković,Bolna sam ti,tranzicija,turbo_folk,0.68,0.7907692307692309,6.01
113d038b471a,Dragana Mirković,Brate moj,tranzicija,turbo_folk,0.6419753086419753,0.79625,3.76
fa51aabb4cf9,Dragana Mirković,Budućnost je moja u rukama tvojim,tranzicija,turbo_folk,0.6923076923076923,0.7066666666666667,7.69
4329276b8548,Dragana Mirković,Čarolija,tranzicija,turbo_folk,0.8431372549019608,0.84,9.02
5cd43348d3a5,Dragana Mirković,Čekaj me jos malo,tranzicija,turbo_folk,0.6103896103896104,0.6914285714285714,8.35
cff1500af393,Dragana Mirković,Ceo život jedna ljubav,tranzicija,turbo_folk,0.8431372549019608,0.84,8.28
1b338b1916e7,Dragana Mirković,Crni leptir,tranzicija,turbo_folk,0.5251798561151079,0.8086666666666666,7.48
63e0b0e14ace,Dragana Mirković,Čudan neki mali,tranzicija,turbo_folk,0.7547169811320755,0.791578947368421,4.59
b0b7a44bdab2,Dragana Mirković,Cvet ljubavi,tranzicija,turbo_folk,0.7545454545454545,0.7636065573770492,4.9
5201e06c58c8,Dragana Mirković,Cvete moj,tranzicija,turbo_folk,0.7678571428571429,0.7742857142857142,4.98
42aa85d64640,Dragana Mirković,Da li ti žališ me,tranzicija,turbo_folk,0.6428571428571429,0.7238095238095238,4.72
38bf7536fa4c,Dragana Mirković,Da li znaš,tranzicija,turbo_folk,0.7478260869565218,0.8684848484848485,8.25
8ffeb984009c,Dragana Mirković,"Da, da, da",tranzicija,turbo_folk,0.7906976744186046,0.8205405405405405,6.24
c1970ce192b2,Dragana Mirković,Danak ljubavi,tranzicija,turbo_folk,0.8860759493670886,0.9273333333333333,6.35
2c39a48efae2,Dragana Mirković,Danima,tranzicija,turbo_folk,0.676923076923077,0.67875,8.33
862d02c5c7e0,Dragana Mirković,Depresivan dan,tranzicija,turbo_folk,0.5288461538461539,0.6647272727272727,5.27
3d343a3e5d98,Dragana Mirković,Divlja devojka (with Nino),tranzicija,turbo_folk,0.7142857142857143,0.7785714285714286,8.3
c4c5dc43661d,Dragana Mirković,Do poslednjeg daha,tranzicija,turbo_folk,0.7192982456140351,0.735,5.26
d68839d8748d,Dragana Mirković,Dobra devojka,tranzicija,turbo_folk,0.7662337662337663,0.8328571428571429,6.82
f2f43f43a64e,Dragana Mirković,"Dobro došo, mili moj",tranzicija,turbo_folk,0.6938775510204082,0.6938775510204082,7.68
df088b003afe,Dragana Mirković,"Dobro jutro, dobar dan",tranzicija,turbo_folk,0.3382352941176471,0.4568421052631579,5.5
c7b9ae0f6334,Dragana Mirković,Dodaj gas,tranzicija,turbo_folk,0.7575757575757576,0.8305882352941176,5.51
713d5b4f1a44,Dragana Mirković,Dođi i reci da me voliš,tranzicija,turbo_folk,0.43137254901960786,0.6750943396226415,4.25
f33f04dcd452,Dragana Mirković,Dolaze nam bolji dani,tranzicija,turbo_folk,0.7796610169491526,0.836,8.65
5eda15925985,Dragana Mirković,Dolina kestenova,tranzicija,turbo_folk,0.8202247191011236,0.8470000000000001,6.73
1fe4b507bfc3,Dragana Mirković,Doviđenja milo moje,tranzicija,turbo_folk,0.7205882352941176,0.7852631578947369,4.98
8642e4593bda,Dragana Mirković,Drugovi,tranzicija,turbo_folk,0.7076923076923077,0.7995061728395062,6.7
e2bb56349ee3,Dragana Mirković,Dušu si mi opio,tranzicija,turbo_folk,0.7857142857142857,0.7895238095238096,7.02
67a6f8bd2ad1,Dragana Mirković,Dve sudbine,tranzicija,turbo_folk,0.6235294117647059,0.7583333333333333,3.34
1ea31a5e6b53,Dragana Mirković,Eksplozija,tranzicija,turbo_folk,0.2904761904761905,0.6460869565217391,4.45
6f8a3c5a9454,Dragana Mirković,Evo dobro sam,tranzicija,turbo_folk,0.725,0.7683870967741936,6.33
ecc37d3af84d,Dragana Mirković,Fobija,tranzicija,turbo_folk,0.5454545454545454,0.7901639344262296,4.76
b9c17f4f46ae,Dragana Mirković,Gromovi (with Boban Rajović),tranzicija,turbo_folk,0.5111111111111111,0.8276744186046511,6.1
de2d4ccf7f19,Dragana Mirković,"Hajde, pogledaj me",tranzicija,turbo_folk,0.5753424657534246,0.7911340206185566,5.76
f8b8d2296bd3,Dragana Mirković,Hajdemo negde,tranzicija,turbo_folk,0.5064935064935064,0.6050000000000001,4.93
ef7272ae9a23,Dragana Mirković,Haljinica plave boje,tranzicija,turbo_folk,0.8714285714285714,0.8723809523809524,9.04
1c37875943b2,Dragana Mirković,Halo dragi,tranzicija,turbo_folk,0.8,0.8554838709677419,6.18
9b5f8220a66f,Dragana Mirković,Hej mladicu bas si sik,tranzicija,turbo_folk,0.8493150684931506,0.8691666666666666,5.91
1ae7900a0943,Dragana Mirković,"Hoćeš, hoćeš, pogledaćeš",tranzicija,turbo_folk,0.5483870967741935,0.6138461538461538,6.29
bcf62c2e6f95,Dragana Mirković,Hoću sve,tranzicija,turbo_folk,0.8155339805825242,0.8711111111111111,6.46
5aa9ae12ddef,Dragana Mirković,I u dobru i u zlu,tranzicija,turbo_folk,0.59375,0.6013333333333333,3.08
a3c69ec44d4e,Dragana Mirković,Idi s njom,tranzicija,turbo_folk,0.6309523809523809,0.744,5.29
9bc451faa1eb,Dragana Mirković,"Ili ona, ili ja",tranzicija,turbo_folk,0.632183908045977,0.7968421052631579,6.45
4fa767f08bc1,Dragana Mirković,Ima li leta il’ zime,tranzicija,turbo_folk,0.851063829787234,0.851063829787234,6.27
e0de4ea98ba2,Dragana Mirković,Imam dečka nemirnog,tranzicija,turbo_folk,0.5,0.7496551724137931,6.8
5386c2ceb533,Dragana Mirković,Ispleli smo venac ljubavi,tranzicija,turbo_folk,0.7625,0.8083870967741935,7.3
627237d9bf59,Dragana Mirković,Izađi iz stare priče,tranzicija,turbo_folk,0.5487804878048781,0.6709090909090909,6.87
a22918668259,Dragana Mirković,Izmisliću svet,tranzicija,turbo_folk,0.5333333333333333,0.6807692307692308,5.92
21059ea238a8,Dragana Mirković,"Ja imam te, a k’o da nemam te (duet Hari Mata Hari)",tranzicija,turbo_folk,0.7045454545454546,0.7815384615384615,5.87
afbebda91ccd,Dragana Mirković,Ja uspomenu čuvam,tranzicija,turbo_folk,0.6186440677966102,0.8573913043478261,6.83
5c1aa68b9879,Dragana Mirković,Jedan život je,tranzicija,turbo_folk,0.7959183673469388,0.7959183673469388,4.06
a2eea88a791c,Dragana Mirković,Jedno za drugo,tranzicija,turbo_folk,0.5657894736842105,0.6807407407407408,7.8
83afec79189d,Dragana Mirković,Jeleni košute ljube,tranzicija,turbo_folk,0.76,0.76,8.22
3f8cd735b86e,Dragana Mirković,Jos ljubavi ima,tranzicija,turbo_folk,0.8658536585365854,0.9018181818181819,9.43
5ba0fba43e44,Dragana Mirković,Jos si meni drag,tranzicija,turbo_folk,0.5,0.7386516853932583,5.59
8eb2c2a1a34d,Dragana Mirković,Jos uvek te ludo volim,tranzicija,turbo_folk,0.8333333333333334,0.868,7.14
91866472b28b,Dragana Mirković,Kad bi znao kako čeznem,tranzicija,turbo_folk,0.863013698630137,0.9249999999999999,6.72
7f45da7b9f3b,Dragana Mirković,Kad su cvetale trešnje,tranzicija,turbo_folk,0.6477272727272727,0.7943589743589744,6.0
91356345c039,Dragana Mirković,Kad za tobom umrem ja,tranzicija,turbo_folk,0.6764705882352942,0.7789473684210527,5.71
0839f1c3b84f,Dragana Mirković,Kada te ugledam,tranzicija,turbo_folk,0.84375,0.8506666666666667,7.69
af8df64992d7,Dragana Mirković,"Kaži mi, sunce moje",tranzicija,turbo_folk,0.7127659574468085,0.8288888888888888,5.53
e4ba2e6d5aa7,Dragana Mirković,Kaži zbogom,tranzicija,turbo_folk,0.7878787878787878,0.8929411764705882,6.76
b9ba82468a8d,Dragana Mirković,Ko je da je,tranzicija,turbo_folk,0.7678571428571429,0.8057142857142858,7.27
a6bafa836515,Dragana Mirković,Ko je ta,tranzicija,turbo_folk,0.5094339622641509,0.8159509202453987,5.74
36d95d6c04cd,Dragana Mirković,Kojom gorom,tranzicija,turbo_folk,0.7222222222222222,0.72,7.77
db3b197ff9da,Dragana Mirković,Kolevke se ljuljaju polako,tranzicija,turbo_folk,0.4965986394557823,0.6408163265306123,7.04
d81d3f3b29d5,Dragana Mirković,Koliko je prevarenih,tranzicija,turbo_folk,0.7540983606557377,0.8066666666666666,7.18
c2658d9935e3,Dragana Mirković,Kolo sreće,tranzicija,turbo_folk,0.7115384615384616,0.6999999999999998,6.75
6a19d0b65e4d,Dragana Mirković,Laste,tranzicija,turbo_folk,0.4342857142857143,0.8046031746031745,6.59
e68f14f0b65b,Dragana Mirković,"Lažno grliš, lažno ljubiš",tranzicija,turbo_folk,0.782608695652174,0.796,7.98
a52a699e19a9,Dragana Mirković,Ljubav je samo za heroje,tranzicija,turbo_folk,0.5563380281690141,0.8021505376344086,3.25
5c8a1fb55e73,Dragana Mirković,Ljubav kad je prava,tranzicija,turbo_folk,0.788235294117647,0.81,8.0
8c478cc91550,Dragana Mirković,Ljubav se meni dešava,tranzicija,turbo_folk,0.3490566037735849,0.508421052631579,6.43
5271bfef0d38,Dragana Mirković,Ljubi il’ ubij,tranzicija,turbo_folk,0.54,0.8299009900990099,6.99
8b791b183280,Dragana Mirković,Luče moje,tranzicija,turbo_folk,0.45255474452554745,0.6304545454545454,7.74
4b67a48fe831,Dragana Mirković,Luda kao ja,tranzicija,turbo_folk,0.5681818181818182,0.756144578313253,4.08
024fb8a80747,Dragana Mirković,Mamina i tatina,tranzicija,turbo_folk,0.6582278481012658,0.6753333333333333,7.76
7c5eb8bcf5a6,Dragana Mirković,Matematika,tranzicija,turbo_folk,0.6666666666666666,0.7787234042553192,5.9
ccc0ca9c3fc1,Dragana Mirković,Milo moje sto te nema,tranzicija,turbo_folk,0.660377358490566,0.685,6.18
777f270650dc,Dragana Mirković,"Miluj me, miluj",tranzicija,turbo_folk,0.6666666666666666,0.722,6.27
20fa244063a3,Dragana Mirković,Mnogo sam te pozelela,tranzicija,turbo_folk,0.6129032258064516,0.6169230769230769,6.96
96c1a690788f,Dragana Mirković,"Mogu li reci, ne volim te",tranzicija,turbo_folk,0.45,0.6548387096774194,5.88
0bdc0f189e75,Dragana Mirković,Moralo je leto proći,tranzicija,turbo_folk,0.72,0.7046153846153846,6.33
8439c6d826cb,Dragana Mirković,Mozda,tranzicija,turbo_folk,0.7875,0.8516129032258065,6.91
822a5fe050ca,Dragana Mirković,Muška suza,tranzicija,turbo_folk,0.552,0.8436842105263158,5.73
d46e603320d8,Dragana Mirković,Na kraju,tranzicija,turbo_folk,0.7,0.8933333333333334,7.33
1e796faad7e5,Dragana Mirković,Na rastanku,tranzicija,turbo_folk,0.7894736842105263,0.8481481481481481,6.14
d1ca74dfc91d,Dragana Mirković,Najlepši par,tranzicija,turbo_folk,0.6770833333333334,0.8272340425531916,8.34
eecc6537f2e3,Dragana Mirković,Nauči me,tranzicija,turbo_folk,0.425,0.7873873873873874,6.43
be3f7cb778be,Dragana Mirković,Naviko si mali moj,tranzicija,turbo_folk,0.5984251968503937,0.8112820512820513,5.78
f8f42ef7478f,Dragana Mirković,"Ne idi, ostani moj",tranzicija,turbo_folk,0.875,0.9085714285714286,6.43
69b766211366,Dragana Mirković,Ne pada mi na pamet,tranzicija,turbo_folk,0.5977011494252874,0.6936842105263158,6.21
ae2614528e2f,Dragana Mirković,Ne plače se za junakom,tranzicija,turbo_folk,0.5232558139534884,0.6335135135135136,5.72
534a6b7bca46,Dragana Mirković,Ne veruj im srećo,tranzicija,turbo_folk,0.6966292134831461,0.835,4.74
d20ea9e6d69e,Dragana Mirković,Ne vraćam se starim ljubavima,tranzicija,turbo_folk,0.7466666666666667,0.8161538461538461,9.05
92c6abf64738,Dragana Mirković,Neću da živim bez tebe,tranzicija,turbo_folk,0.603448275862069,0.6622222222222223,7.25
00e1015d19a4,Dragana Mirković,Neću pokajanje,tranzicija,turbo_folk,0.6111111111111112,0.7029268292682926,8.16
eaedb59f986d,Dragana Mirković,Nekad je valjalo,tranzicija,turbo_folk,0.6739130434782609,0.8209302325581395,6.21
fe897905a8b7,Dragana Mirković,Nema promene,tranzicija,turbo_folk,0.7307692307692307,0.7889655172413793,7.79
6cb112fe1716,Dragana Mirković,Nema sreće bez tebe,tranzicija,turbo_folk,0.8108108108108109,0.8108108108108109,6.02
100055e73bd8,Dragana Mirković,Nema te nema,tranzicija,turbo_folk,0.4608695652173913,0.7284848484848485,5.1
de7145891fcc,Dragana Mirković,Nema vatre,tranzicija,turbo_folk,0.8214285714285714,0.8514285714285714,7.24
7adf2e27aaa4,Dragana Mirković,Nemam ja milion sudbina,tranzicija,turbo_folk,0.6384615384615384,0.8945679012345679,6.42
ad0949238b9f,Dragana Mirković,Nepoželjna,tranzicija,turbo_folk,0.6382978723404256,0.816,5.14
bc876bc13fcd,Dragana Mirković,Nesebično,tranzicija,turbo_folk,0.6276595744680851,0.8533333333333333,7.54
b121c78b79fb,Dragana Mirković,Nešto lepo,tranzicija,turbo_folk,0.47191011235955055,0.8924031007751938,7.0
f2b4bbcf5eb4,Dragana Mirković,Nije tebi do mene,tranzicija,turbo_folk,0.6981132075471698,0.725,8.86
5708733c1f3a,Dragana Mirković,Niko nikog ne voli,tranzicija,turbo_folk,0.5619834710743802,0.795,6.56
fd2b236a7f3d,Dragana Mirković,Niko te niko ne zna,tranzicija,turbo_folk,0.8235294117647058,0.856842105263158,5.16
747d9615b9c9,Dragana Mirković,Nisam ni metar od tebe,tranzicija,turbo_folk,0.75,0.8191304347826087,6.82
99dd3c8106b3,Dragana Mirković,O da li znaš,tranzicija,turbo_folk,0.8108108108108109,0.8064,5.95
3ddc0e6eeeff,Dragana Mirković,"O na, na, na",tranzicija,turbo_folk,0.3783783783783784,0.49151515151515157,2.5
6e7c6a562f5f,Dragana Mirković,Oči pune tuge (with Željko Šašić),tranzicija,turbo_folk,0.7019230769230769,0.7523636363636365,5.94
9ef837302caf,Dragana Mirković,Od kad sam se u tebe zaljubila,tranzicija,turbo_folk,0.5070422535211268,0.8348387096774194,8.74
20f047a0ba92,Dragana Mirković,Opojni su zumbuli,tranzicija,turbo_folk,0.6,0.7999999999999999,4.98
9fb3cbac6f4a,Dragana Mirković,Oprosti što ti smetam,tranzicija,turbo_folk,0.7931034482758621,0.8605263157894738,6.88
81c5f1569442,Dragana Mirković,Oprosti za sve,tranzicija,turbo_folk,0.7142857142857143,0.7504761904761905,6.46
cf63c46c50b9,Dragana Mirković,Oslobodi me,tranzicija,turbo_folk,0.5811965811965812,0.7338235294117647,6.47
dd064bcdf943,Dragana Mirković,Ostani,tranzicija,turbo_folk,0.5,0.7153846153846154,7.31
86f65896afa7,Dragana Mirković,Ostavljeni,tranzicija,turbo_folk,0.8987341772151899,0.9599999999999999,8.44
32801537fbd4,Dragana Mirković,Otrov i melem,tranzicija,turbo_folk,0.48026315789473684,0.787378640776699,6.65
248db7f72293,Dragana Mirković,Pečat na usnama,tranzicija,turbo_folk,0.6341463414634146,0.8218181818181819,8.31
f9dea2d696e1,Dragana Mirković,Pitaju me u mom kraju,tranzicija,turbo_folk,0.6336633663366337,0.7934615384615384,6.96
0005b6e5453d,Dragana Mirković,Pitam svoje srce,tranzicija,turbo_folk,0.7,0.7,6.95
1ec78f902977,Dragana Mirković,Plače mi se,tranzicija,turbo_folk,0.78,0.78,6.57
499c893d456c,Dragana Mirković,Plači zemljo,tranzicija,turbo_folk,0.691358024691358,0.698125,4.2
0831de86a458,Dragana Mirković,Poklanjam ti svoju ljubav,tranzicija,turbo_folk,0.5454545454545454,0.6,5.51
d4e0881d457f,Dragana Mirković,Poljubi me,tranzicija,turbo_folk,0.6336633663366337,0.7511538461538462,8.48
0fc8b6035937,Dragana Mirković,Pomisli želju,tranzicija,turbo_folk,0.6935483870967742,0.7630769230769231,8.31
127215ca0487,Dragana Mirković,Pored mene dočekaćeš stotu,tranzicija,turbo_folk,0.71900826446281,0.8466666666666667,6.28
313938768e89,Dragana Mirković,Poslednje veče,tranzicija,turbo_folk,0.7888888888888889,0.8580487804878049,6.93
aaf7397b3a82,Dragana Mirković,Povedi me,tranzicija,turbo_folk,0.6813186813186813,0.771904761904762,6.73
66a48bbc98c1,Dragana Mirković,Preživeću,tranzicija,turbo_folk,0.8507462686567164,0.8422222222222222,11.24
53b0b47a9989,Dragana Mirković,"Proleće je, samo meni nije",tranzicija,turbo_folk,0.9193548387096774,0.9061538461538462,10.03
10a14f611738,Dragana Mirković,Prsten,tranzicija,turbo_folk,0.5378151260504201,0.8345714285714286,7.18
14e28550f1fa,Dragana Mirković,Pun je grad života,tranzicija,turbo_folk,0.4696132596685083,0.8551515151515151,6.45
b885bf43bdc5,Dragana Mirković,Pusti me da verujem,tranzicija,turbo_folk,0.7543859649122807,0.745,2.98
2948a573585d,Dragana Mirković,Rođen za mene,tranzicija,turbo_folk,0.7397260273972602,0.83,7.2
2b914e4498fa,Dragana Mirković,Rođendan,tranzicija,turbo_folk,0.6153846153846154,0.7917241379310345,6.71
99920f190e6a,Dragana Mirković,Ruže cvetaju samo u pesmama,tranzicija,turbo_folk,0.788235294117647,0.8222222222222223,8.83
66f4a2d418df,Dragana Mirković,S vremena na vreme,tranzicija,turbo_folk,0.7692307692307693,0.79125,6.15
33e95a6be16e,Dragana Mirković,Sama,tranzicija,turbo_folk,0.5384615384615384,0.7052380952380952,5.47
101f6d4a6400,Dragana Mirković,Samo da te vidim,tranzicija,turbo_folk,0.7096774193548387,0.7476923076923078,6.1
98344779c02d,Dragana Mirković,Samo jedan sat (with Beat Street),tranzicija,turbo_folk,0.5114503816793893,0.7892682926829269,6.54
8201934e9ad8,Dragana Mirković,Sanjala sam naše venčanje,tranzicija,turbo_folk,0.6944444444444444,0.8426086956521739,7.04
9f4490e3fe02,Dragana Mirković,Sedmi dan,tranzicija,turbo_folk,0.8064516129032258,0.8507692307692308,5.68
150a4b86e65f,Dragana Mirković,Shvatila sam sve,tranzicija,turbo_folk,0.5301204819277109,0.6923529411764706,7.03
4fde04f05ceb,Dragana Mirković,Simpatija,tranzicija,turbo_folk,0.9534883720930233,0.9534883720930233,9.3
3f6721908002,Dragana Mirković,"Slađano moje, Slađano",tranzicija,turbo_folk,0.6875,0.6875,9.82
e89515d7a126,Dragana Mirković,Slavuji,tranzicija,turbo_folk,0.37373737373737376,0.7683221476510067,6.06
2721a70089bd,Dragana Mirković,Slobodna kao vetar,tranzicija,turbo_folk,0.792,0.9110526315789473,7.77
b2ebd27b5851,Dragana Mirković,Spasi me samoće,tranzicija,turbo_folk,0.8813559322033898,0.9019999999999999,8.85
fd994ea255f0,Dragana Mirković,Srcu nije lako (with Divlji Kesten),tranzicija,turbo_folk,0.7549019607843137,0.9120754716981133,7.29
25aa77f879c9,Dragana Mirković,Sreća mi je okrenula leđa,tranzicija,turbo_folk,0.7941176470588235,0.8705263157894736,7.24
9ffb3c7ec46a,Dragana Mirković,Šta bih bez tebe ja,tranzicija,turbo_folk,0.43434343434343436,0.5848,3.9
9493edc4b875,Dragana Mirković,Šta bih ja da nema tebe,tranzicija,turbo_folk,0.5975609756097561,0.7715151515151515,4.83
59b2ffcd5f9b,Dragana Mirković,Šta ćemo biti,tranzicija,turbo_folk,0.5662650602409639,0.6658823529411765,5.9
c3fa907edbfc,Dragana Mirković,"Stani dušo, stani zlato",tranzicija,turbo_folk,0.5185185185185185,0.544,6.71
8cef3c3858e7,Dragana Mirković,"Stani suzo, stani",tranzicija,turbo_folk,0.9038461538461539,0.9,9.28
3ea796b4c604,Dragana Mirković,Sto ću čuda učiniti,tranzicija,turbo_folk,0.4927536231884058,0.575,6.61
2ba8bb5e3fa5,Dragana Mirković,Što te nema,tranzicija,turbo_folk,0.7017543859649122,0.7375,3.24
6fcf4192af53,Dragana Mirković,Sudbina,tranzicija,turbo_folk,0.7652173913043478,0.8300000000000001,7.11
349fca3f93b4,Dragana Mirković,Svatovi,tranzicija,turbo_folk,0.819672131147541,0.8016666666666666,9.53
162ece1e8b63,Dragana Mirković,Sve me na tebe podseća,tranzicija,turbo_folk,0.8235294117647058,0.82,8.28
660c81f60e12,Dragana Mirković,Svetinja,tranzicija,turbo_folk,0.8085106382978723,0.847111111111111,6.46
8358fe94720b,Dragana Mirković,Svud si oko mene,tranzicija,turbo_folk,0.7789473684210526,0.8678260869565217,7.34
4fe840f1b068,Dragana Mirković,Tamo gde je milo moje,tranzicija,turbo_folk,0.5714285714285714,0.5800000000000001,5.27
92ecc8867c7e,Dragana Mirković,"Tebi ljubav, meni bol",tranzicija,turbo_folk,0.7397260273972602,0.7958333333333334,4.78
4dfbcbc00eae,Dragana Mirković,Tebi ljubavi,tranzicija,turbo_folk,0.5338345864661654,0.8002380952380952,3.79
c1f76e108bb2,Dragana Mirković,Tebi treba žena kao ja,tranzicija,turbo_folk,0.5540540540540541,0.6496,5.31
652d1f36abb1,Dragana Mirković,Teci mi kroz vene,tranzicija,turbo_folk,0.7752808988764045,0.8515,6.36
04f639973a42,Dragana Mirković,Ti me rani,tranzicija,turbo_folk,0.29333333333333333,0.49306930693069306,6.01
8667c834a7b2,Dragana Mirković,Ti misliš da je meni lako (duet Plavi orkestar),tranzicija,turbo_folk,0.5633802816901409,0.7333333333333334,6.6
7988f70a2213,Dragana Mirković,To nije tvoja stvar,tranzicija,turbo_folk,0.375,0.6398198198198198,3.75
7a8c7c49628f,Dragana Mirković,Trag u vremenu,tranzicija,turbo_folk,0.7777777777777778,0.863953488372093,6.45
3ffb3fbab05e,Dragana Mirković,Treba mi neko,tranzicija,turbo_folk,0.7073170731707317,0.8187878787878787,5.26
6bc697245126,Dragana Mirković,Treba mi to,tranzicija,turbo_folk,0.726027397260274,0.7366666666666667,5.42
0ec9f07fb6e9,Dragana Mirković,Tugo mojih dana,tranzicija,turbo_folk,0.7717391304347826,0.8753488372093023,6.56
f938093aaffb,Dragana Mirković,U godini,tranzicija,turbo_folk,0.8026315789473685,0.8451851851851852,5.98
f0b47b47a10b,Dragana Mirković,Učini greh,tranzicija,turbo_folk,0.49206349206349204,0.7932467532467532,4.52
781dbe628767,Dragana Mirković,Umiljato oko moje,tranzicija,turbo_folk,0.8676470588235294,0.9178947368421053,8.45
cde5333dec5a,Dragana Mirković,Umirem majko,tranzicija,turbo_folk,0.75,0.7845161290322581,5.89
eecb23118d31,Dragana Mirković,Umreću zbog tebe,tranzicija,turbo_folk,0.78,0.78,6.21
c7e6890e6faa,Dragana Mirković,"Uteši me, tužna sam",tranzicija,turbo_folk,0.75,0.7962962962962963,7.38
e7f71307a8a2,Dragana Mirković,Uzeo si moja jutra,tranzicija,turbo_folk,0.7101449275362319,0.748,6.78
38c9211a8fab,Dragana Mirković,Varala bih varala,tranzicija,turbo_folk,0.5490196078431373,0.55,7.58
447318ad316c,Dragana Mirković,Vatra,tranzicija,turbo_folk,0.3548387096774194,0.565,7.74
a688c76ad730,Dragana Mirković,"Veruj, veruj",tranzicija,turbo_folk,0.6901408450704225,0.7654545454545455,4.75
97e1a62d9bcc,Dragana Mirković,Vetrovi tuge,tranzicija,turbo_folk,0.7777777777777778,0.8414285714285714,7.25
cafaff761ff6,Dragana Mirković,Volela bih da te vidim,tranzicija,turbo_folk,0.7625,0.8096774193548387,5.24
aeca455c6f5c,Dragana Mirković,"Volim te, voliš me",tranzicija,turbo_folk,0.6666666666666666,0.708,5.39
10587ddd016f,Dragana Mirković,Voljeno moje (duet Rade Krstić),tranzicija,turbo_folk,0.6744186046511628,0.6744186046511628,5.97
d87453d49818,Dragana Mirković,Vrati mi se ti,tranzicija,turbo_folk,0.3584905660377358,0.6870175438596492,5.96
70b87937e517,Dragana Mirković,Za mene si ti,tranzicija,turbo_folk,0.69,0.7850980392156862,3.94
a5b18106abf1,Dragana Mirković,Za tvoju ljubav,tranzicija,turbo_folk,0.75,0.8012903225806451,6.85
cbf792d1abc0,Dragana Mirković,Zaboravi srce,tranzicija,turbo_folk,0.8469387755102041,0.8816326530612245,9.19
c786c447606b,Dragana Mirković,"Zagrli me, majko",tranzicija,turbo_folk,0.788235294117647,0.8016666666666666,7.63
45ef24f1003a,Dragana Mirković,Zaljubila se devojčica,tranzicija,turbo_folk,0.881578947368421,0.9,7.78
9fb5b75a8abc,Dragana Mirković,"Zašto, zoro, svanjavaš",tranzicija,turbo_folk,0.8461538461538461,0.8925,6.33
f78ee3286bbc,Dragana Mirković,Zato mi je žao,tranzicija,turbo_folk,0.7413793103448276,0.7822222222222223,5.56
d1d7d7021b79,Dragana Mirković,"Zemljo, okreni se",tranzicija,turbo_folk,0.4409448818897638,0.8053846153846154,7.7
fdf1e3f0cc6d,Dragana Mirković,Zenico oka mog,tranzicija,turbo_folk,0.9038461538461539,0.9,8.45
7fc97e7acbf9,Dragana Mirković,Žensko srce,tranzicija,turbo_folk,0.7333333333333333,0.786923076923077,6.85
2a8bfde18e5f,Dragana Mirković,Život moj (duet Daniel Đokić),tranzicija,turbo_folk,0.6416666666666667,0.7873239436619718,7.6
2bf6f43beda5,Dragana Mirković,Znaš da nosim prsten tvoj,tranzicija,turbo_folk,0.9,0.9072727272727273,8.49
7c245e734d4f,Jelena Karleuša,Da mi nisi drag,tranzicija,turbo_folk,0.4772727272727273,0.4772727272727273,3.67
8107e754b0f1,Jelena Karleuša,Dala sam ti noć,tranzicija,turbo_folk,0.7692307692307693,0.8868965517241378,6.43
a381c8f7adc6,Jelena Karleuša,Gde smo pogrešili mi,tranzicija,turbo_folk,0.8333333333333334,0.8672727272727272,6.53
e8f152e60f99,Jelena Karleuša,Insomnia,tranzicija,turbo_folk,0.3837638376383764,0.6921621621621622,8.45
ebadd8c6ef69,Jelena Karleuša,Kazino,tranzicija,turbo_folk,0.7280701754385965,0.7827692307692308,7.48
4eee14978b49,Jelena Karleuša,Krimi rad (feat. Teča),tranzicija,turbo_folk,0.6424050632911392,0.7655430711610487,7.69
5c15b65aea7b,Jelena Karleuša,Mogu biti pamuk,tranzicija,turbo_folk,0.7982456140350878,0.835076923076923,5.98
646c0504d17c,Jelena Karleuša,Sad znam,tranzicija,turbo_folk,0.5172413793103449,0.7525373134328358,8.27
b40529765791,Jelena Karleuša,Tihi ubica,tranzicija,turbo_folk,0.5817307692307693,0.8319496855345913,6.41
175a931275eb,Jelena Karleuša,Žene vole dijamante,tranzicija,turbo_folk,0.6593406593406593,0.7433333333333333,7.45
b515812be036,Jelena Karleuša,Zovem se Jelena,tranzicija,turbo_folk,0.6448598130841121,0.7668965517241378,8.14
5811eba79bf9,Jelena Karleuša,Zvezda vodilja,tranzicija,turbo_folk,0.7209302325581395,0.87675,6.54
10d0d37f6810,Indira Radić,Agonija,tranzicija,turbo_folk,0.6610169491525424,0.8278260869565217,6.37
a3c2a88ede7c,Indira Radić,Ako me zavoliš,tranzicija,turbo_folk,0.611764705882353,0.8431404958677685,7.72
31227bddd2e5,Indira Radić,Ako umrem sad,tranzicija,turbo_folk,0.4880952380952381,0.6337142857142857,9.07
4169131ddc54,Indira Radić,April,tranzicija,turbo_folk,0.7228915662650602,0.8941176470588235,6.76
0226f917dce6,Indira Radić,Beograd spava,tranzicija,turbo_folk,0.6304347826086957,0.8808988764044945,8.21
e858a42c9433,Indira Radić,Bio si mi drag,tranzicija,turbo_folk,0.5089820359281437,0.8013559322033899,7.24
fba3327223cb,Indira Radić,Biti ili ne biti,tranzicija,turbo_folk,0.6526315789473685,0.6608695652173913,3.78
84a3427d5f2f,Indira Radić,Crne zore,tranzicija,turbo_folk,0.6329113924050633,0.8126666666666666,6.86
9ddba214d99e,Indira Radić,Crveni tepih,tranzicija,turbo_folk,0.8024691358024691,0.824375,9.98
6e1fd9e47c0e,Indira Radić,Čudna igra,tranzicija,turbo_folk,0.5342465753424658,0.7025,5.59
531a31955a2b,Indira Radić,Da kamen zaplače,tranzicija,turbo_folk,0.75,0.7557894736842105,5.36
7ece8a8a4cf7,Indira Radić,"Da, da, da",tranzicija,turbo_folk,0.6666666666666666,0.6817142857142857,4.73
1432fd91982f,Indira Radić,Daj mi obećanje,tranzicija,turbo_folk,0.39285714285714285,0.5634285714285714,2.47
4091d9e22665,Indira Radić,Decembar,tranzicija,turbo_folk,0.7903225806451613,0.7753846153846153,6.44
20553b714a34,Indira Radić,"Deset, devet, tri, dva, jedan",tranzicija,turbo_folk,0.5742574257425742,0.7296153846153846,5.36
d55019a82a31,Indira Radić,Drugarice moja,tranzicija,turbo_folk,0.7083333333333334,0.7083333333333334,8.41
5cb3f04b1a7e,Indira Radić,Dužan si mi dva života,tranzicija,turbo_folk,0.7352941176470589,0.8178947368421052,5.88
85a424725e4c,Indira Radić,Dve muzike,tranzicija,turbo_folk,0.8846153846153846,0.8933333333333334,7.66
5325b82d1946,Indira Radić,"Evo ti ruka, vodi me",tranzicija,turbo_folk,0.7446808510638298,0.7446808510638298,6.33
30b7d396d82b,Indira Radić,Gde ćemo večeras,tranzicija,turbo_folk,0.5945945945945946,0.7116129032258064,3.94
3dae9837bfde,Indira Radić,Gde si sada,tranzicija,turbo_folk,0.4895833333333333,0.6838297872340425,6.42
cfa13aad9667,Indira Radić,Gledaj me i umri,tranzicija,turbo_folk,0.684931506849315,0.755,5.91
ed2947823fcc,Indira Radić,Grom,tranzicija,turbo_folk,0.7611940298507462,0.8333333333333334,8.59
b94b9777640a,Indira Radić,"Hajde, sestro (duet Xenia Pajčin)",tranzicija,turbo_folk,0.5714285714285714,0.7410989010989011,4.89
e01a8bb7f107,Indira Radić,Halo srce gde si,tranzicija,turbo_folk,0.6428571428571429,0.8320000000000001,5.86
946c9d7e88b0,Indira Radić,"Hej, zašto da ne",tranzicija,turbo_folk,0.5223880597014925,0.5955555555555556,7.53
11bb7ec82bd1,Indira Radić,Heroji,tranzicija,turbo_folk,0.6078431372549019,0.8445283018867924,8.32
a22903f75825,Indira Radić,Hiljadu noći,tranzicija,turbo_folk,0.3979591836734694,0.5963265306122448,7.75
7b5bbb4f3051,Indira Radić,Hitna,tranzicija,turbo_folk,0.7666666666666667,0.7763636363636365,6.92
25616133cefd,Indira Radić,"Hoće mi se, hoće",tranzicija,turbo_folk,0.55,0.6163636363636363,6.62
75722d2ec4f0,Indira Radić,Hvala što nisi,tranzicija,turbo_folk,0.5555555555555556,0.7862337662337662,5.84
700f291b4c61,Indira Radić,I ti tiho ode,tranzicija,turbo_folk,0.7349397590361446,0.851764705882353,7.28
33ab83780cc7,Indira Radić,I u dobru i u zlu,tranzicija,turbo_folk,0.6666666666666666,0.8017857142857142,7.23
320cd0262ba0,Indira Radić,Ide to s godinama,tranzicija,turbo_folk,0.6403508771929824,0.8538461538461538,7.34
aec73a883fc2,Indira Radić,Idi iz života moga,tranzicija,turbo_folk,0.7192982456140351,0.76,4.69
0c6ae0bb485e,Indira Radić,"Idi, ljubavi",tranzicija,turbo_folk,0.5196078431372549,0.7547169811320755,6.18
bf573df32ac9,Indira Radić,Ima nešto,tranzicija,turbo_folk,0.7413793103448276,0.7844444444444444,6.57
ba2b10853668,Indira Radić,"Ima tuga ime, ulicu i broj (duet Dženan Lončarević)",tranzicija,turbo_folk,0.7346938775510204,0.8720408163265305,5.71
1ab4debad6fe,Indira Radić,"Imali smo, nismo znali (duet Alen Islamović)",tranzicija,turbo_folk,0.6363636363636364,0.6535714285714286,7.21
3589e55d3cfb,Indira Radić,Iskreno mi kaži,tranzicija,turbo_folk,0.8260869565217391,0.8160000000000001,7.47
8b8089750ee3,Indira Radić,"Istok, sever, jug i zapad (feat. Crvena Jabuka)",tranzicija,turbo_folk,0.7956989247311828,0.854090909090909,6.27
dfdb9a229cb8,Indira Radić,Izdajnik,tranzicija,turbo_folk,0.8392857142857143,0.8742857142857143,6.83
44e35935133b,Indira Radić,Izdao me neko,tranzicija,turbo_folk,0.8103448275862069,0.8488888888888888,5.56
7c0907ae3334,Indira Radić,Jednom se samo živi,tranzicija,turbo_folk,0.6115107913669064,0.8246666666666667,6.02
22280f829bb5,Indira Radić,Još te pamte moje ruke,tranzicija,turbo_folk,0.42857142857142855,0.4685714285714286,6.21
26e30ab03c5e,Indira Radić,Junačko srce,tranzicija,turbo_folk,0.7540983606557377,0.795,5.16
09557c09368f,Indira Radić,Kada si me rodila,tranzicija,turbo_folk,0.6229508196721312,0.6766666666666666,6.79
c209bf91dfaa,Indira Radić,Kafana,tranzicija,turbo_folk,0.8117647058823529,0.8283333333333334,6.61
7a00f9849ae2,Indira Radić,Kako može srce,tranzicija,turbo_folk,0.8253968253968254,0.8485714285714285,5.05
bfa8bfdb6132,Indira Radić,Kaži kako živiš,tranzicija,turbo_folk,0.8269230769230769,0.84,7.13
26e62f30af68,Indira Radić,Kazna za bezobrazne,tranzicija,turbo_folk,0.41208791208791207,0.7048120300751879,4.53
8ec58ae5c7ae,Indira Radić,Kiša,tranzicija,turbo_folk,0.5508474576271186,0.7115942028985508,4.21
6848e55716bc,Indira Radić,Kletva,tranzicija,turbo_folk,0.5806451612903226,0.8224,6.81
524c25a4e188,Indira Radić,Ko je ona žena,tranzicija,turbo_folk,0.8043478260869565,0.8172093023255814,5.66
58783a03c313,Indira Radić,Krug,tranzicija,turbo_folk,0.8867924528301887,0.88,7.06
c398aea39a8d,Indira Radić,Lepo se provedi,tranzicija,turbo_folk,0.75,0.8457142857142858,6.79
ffc4890ac664,Indira Radić,Ljubav kad prestane,tranzicija,turbo_folk,0.45564516129032256,0.7137688442211055,5.3
d5bf045755e0,Indira Radić,Ljubavi mrtvorođene,tranzicija,turbo_folk,0.8070175438596491,0.84,7.59
ff2a9843a4d7,Indira Radić,Lopov (duet Alen Islamović),tranzicija,turbo_folk,0.5833333333333334,0.8938983050847458,7.49
166965010f16,Indira Radić,Loše kombinacije,tranzicija,turbo_folk,0.9056603773584906,0.91,8.07
f6e28b991f24,Indira Radić,Majko,tranzicija,turbo_folk,0.6929133858267716,0.8143589743589743,6.0
4e504b6aa526,Indira Radić,Maline,tranzicija,turbo_folk,0.5371900826446281,0.7619444444444444,6.36
63ce9069a7fa,Indira Radić,Marija (feat. Stanko),tranzicija,turbo_folk,0.4057142857142857,0.7482539682539683,9.13
d34f7cbbbe1f,Indira Radić,Mazohizam,tranzicija,turbo_folk,0.6551724137931034,0.86,5.28
d6d0ce6aa517,Indira Radić,"Moj živote, da l’ si živ",tranzicija,turbo_folk,0.6666666666666666,0.7505263157894737,4.69
27f835b20fdf,Indira Radić,Moja će te ljubav stići,tranzicija,turbo_folk,0.8064516129032258,0.8723076923076923,5.52
0559ab351df3,Indira Radić,Moju ljubav izdao si,tranzicija,turbo_folk,0.7346938775510204,0.7346938775510204,8.16
0244efd131de,Indira Radić,Na trapezu lokalnog cirkusa,tranzicija,turbo_folk,0.6277372262773723,0.8531818181818182,7.22
ce77d88a5637,Indira Radić,Nagrada i kazna,tranzicija,turbo_folk,0.6274509803921569,0.64,6.99
c1c159180ba7,Indira Radić,Ne boli to,tranzicija,turbo_folk,0.5583333333333333,0.8332394366197183,5.54
6a98ca59e403,Indira Radić,Ne dolaziš u obzir,tranzicija,turbo_folk,0.48322147651006714,0.7544,5.6
9c7796b4d581,Indira Radić,Ne pitaj,tranzicija,turbo_folk,0.7391304347826086,0.821,5.46
80cd5844796d,Indira Radić,"Nemam kuću, nemam krova (duet Alen Islamović)",tranzicija,turbo_folk,0.7478260869565218,0.856969696969697,6.35
d5b69ad8c99b,Indira Radić,Nevero,tranzicija,turbo_folk,0.8,0.8552380952380952,7.26
b01185b16cd2,Indira Radić,Ni dani ni noći,tranzicija,turbo_folk,0.56,0.56,9.5
9ae07cf9c565,Indira Radić,Nisam sumnjala,tranzicija,turbo_folk,0.6885245901639344,0.7778082191780822,6.12
875616eb574a,Indira Radić,Noćni program,tranzicija,turbo_folk,0.6067415730337079,0.7315,7.85
22a1844f42c6,Indira Radić,Oči moje što ste zaplakale,tranzicija,turbo_folk,0.6290322580645161,0.6384615384615385,9.26
467a99ea5526,Indira Radić,Opasno je opasno,tranzicija,turbo_folk,0.7,0.7527272727272727,5.54
b5bcfb815707,Indira Radić,Osvetnica,tranzicija,turbo_folk,0.9024390243902439,0.9024390243902439,6.46
68dac69571be,Indira Radić,"Otiš’o si, ostala sam",tranzicija,turbo_folk,0.828125,0.836,5.14
2ee6afacfed3,Indira Radić,Ovaj život čas proleti,tranzicija,turbo_folk,0.7142857142857143,0.7758730158730159,6.83
100568b2bd97,Indira Radić,Pamtimo ovo veče,tranzicija,turbo_folk,0.835820895522388,0.8755555555555555,7.18
df2a8a1fbfeb,Indira Radić,Pedeset godina,tranzicija,turbo_folk,0.7422680412371134,0.8179166666666666,6.5
f995e50d5ba5,Indira Radić,"Pije mi se, pije",tranzicija,turbo_folk,0.4583333333333333,0.7366197183098591,4.83
b1b6149ddd90,Indira Radić,Platio si sve,tranzicija,turbo_folk,0.5121951219512195,0.6587878787878787,6.4
6d1755a0b7ca,Indira Radić,Pocrnela burma,tranzicija,turbo_folk,0.8,0.8,8.69
d39610c481c0,Indira Radić,Pogledaj me sad u oči,tranzicija,turbo_folk,0.7903225806451613,0.8107692307692307,4.32
cd317e353dc6,Indira Radić,Poljubi me i videćeš,tranzicija,turbo_folk,0.9722222222222222,0.9722222222222222,7.6
7afe95d2d3a1,Indira Radić,Popij jednu,tranzicija,turbo_folk,0.7636363636363637,0.7466666666666667,5.72
8273622086b2,Indira Radić,"Preko,  preko",tranzicija,turbo_folk,0.6083333333333333,0.8430985915492958,8.88
5957ce09270b,Indira Radić,Prevara,tranzicija,turbo_folk,0.6794871794871795,0.8393103448275862,6.17
885f6327b263,Indira Radić,Prevaranti,tranzicija,turbo_folk,0.835820895522388,0.8877777777777778,9.13
a81b59350594,Indira Radić,Proslaviću kraj,tranzicija,turbo_folk,0.8933333333333333,0.94,5.7
b2be30378f57,Indira Radić,Prošlo je vreme ljubavi,tranzicija,turbo_folk,0.5131578947368421,0.6281481481481482,6.45
c43ef743f803,Indira Radić,"Proveri me, proveri",tranzicija,turbo_folk,0.6415094339622641,0.8073684210526315,6.2
f208e3819fea,Indira Radić,Pusti me,tranzicija,turbo_folk,0.6881720430107527,0.8477272727272727,5.1
2be64bf6d46f,Indira Radić,Ratovanje,tranzicija,turbo_folk,0.368,0.7518407960199005,7.99
155c835f084f,Indira Radić,Samo noćas da si tu,tranzicija,turbo_folk,0.5816326530612245,0.6853061224489796,4.78
5675f2095ac2,Indira Radić,Sedam smrtnih grehova,tranzicija,turbo_folk,0.7652173913043478,0.8887878787878788,8.13
72231c6a2e8a,Indira Radić,Sezam (duet Azis),tranzicija,turbo_folk,0.4881889763779528,0.642051282051282,4.22
68e5424ebcf4,Indira Radić,Spakuj svoje stvari,tranzicija,turbo_folk,0.6344086021505376,0.7981818181818181,7.23
e057b07bd8eb,Indira Radić,Srce puno otrova,tranzicija,turbo_folk,0.9074074074074074,0.9120000000000001,7.8
225d442692ca,Indira Radić,Srebrna dugo (duet Nikola Rešić Nino),tranzicija,turbo_folk,0.5072463768115942,0.641,3.71
f962b9b2a3f2,Indira Radić,Srpkinja je mene majka rodila,tranzicija,turbo_folk,0.8,0.9085714285714287,8.77
43eec4c9f702,Indira Radić,Sto godina sreće,tranzicija,turbo_folk,0.7567567567567568,0.7567567567567568,8.89
459aaa902f0b,Indira Radić,Sto na sat (duet Lexington),tranzicija,turbo_folk,0.7416666666666667,0.8129577464788732,5.73
a3939cb27708,Indira Radić,Sunce u daljini,tranzicija,turbo_folk,0.660377358490566,0.68,5.28
db909c3e3180,Indira Radić,Suze moje,tranzicija,turbo_folk,0.7931034482758621,0.8066666666666666,8.47
b28ac01439ba,Indira Radić,Suzo moja,tranzicija,turbo_folk,0.578125,0.6813333333333333,5.33
c8a8d4e19d75,Indira Radić,Sve je gore sa tobom,tranzicija,turbo_folk,0.803921568627451,0.8,6.43
ef16b63eeafe,Indira Radić,Sve su iste pesme moje,tranzicija,turbo_folk,0.47058823529411764,0.4852631578947369,6.72
be4e250b7be6,Indira Radić,Svejedno je,tranzicija,turbo_folk,0.6632653061224489,0.7526530612244898,7.1
690604edafba,Indira Radić,Teško meni bez mene,tranzicija,turbo_folk,0.782608695652174,0.861,6.15
c9eda11aa487,Indira Radić,Tetovaža,tranzicija,turbo_folk,0.8041237113402062,0.8966666666666666,8.56
af07ef792d89,Indira Radić,Ti si isti kao ostali,tranzicija,turbo_folk,0.5299145299145299,0.645,7.03
84ddb2470513,Indira Radić,Ti si moj,tranzicija,turbo_folk,0.6041666666666666,0.6041666666666666,4.68
c8f9c0d8a5e8,Indira Radić,Tika tak,tranzicija,turbo_folk,0.6730769230769231,0.8032727272727272,6.94
c210a210d04f,Indira Radić,Tužna vrbo,tranzicija,turbo_folk,0.7857142857142857,0.7857142857142857,7.97
8c6b8e74e1cd,Indira Radić,Tvoj pogled,tranzicija,turbo_folk,0.6226415094339622,0.66,3.5
089f2ca07495,Indira Radić,Ugasi me,tranzicija,turbo_folk,0.4098360655737705,0.47,8.72
3b9a40d10b8a,Indira Radić,Ujed za srce,tranzicija,turbo_folk,0.8070175438596491,0.8474999999999999,5.67
6671008f0eb2,Indira Radić,Upaljač,tranzicija,turbo_folk,0.660377358490566,0.864561403508772,6.84
ccf9ee81ed16,Indira Radić,Uvek sam loša prvi put,tranzicija,turbo_folk,0.6854838709677419,0.8261333333333334,5.27
902b096bc30d,Indira Radić,"Uzmi, sve mi uzmi",tranzicija,turbo_folk,0.6,0.6636363636363636,8.19
5e5362e18fa9,Indira Radić,Uzvodno od ljubavi,tranzicija,turbo_folk,0.6859504132231405,0.8358333333333333,6.37
40357ff84d6e,Indira Radić,Vatromet,tranzicija,turbo_folk,0.7159090909090909,0.8323076923076923,8.42
70c989f5ddc7,Indira Radić,Već dugo ne verujem,tranzicija,turbo_folk,0.8142857142857143,0.8561904761904762,7.42
ef7ce0772be9,Indira Radić,Verovala sam u tebe,tranzicija,turbo_folk,0.7558139534883721,0.7735135135135135,6.55
906e155ac9bd,Indira Radić,Vidi šta si sad bez mene,tranzicija,turbo_folk,0.782608695652174,0.788,5.31
d16809ac7761,Indira Radić,Vidim strast u tvojim očima,tranzicija,turbo_folk,0.7230769230769231,0.8375,7.94
b424cc4960f6,Indira Radić,Voliš li me ti,tranzicija,turbo_folk,0.5058823529411764,0.7083333333333334,5.64
252e231a51c3,Indira Radić,Vrata su ti uvek otvorena,tranzicija,turbo_folk,0.7419354838709677,0.8138461538461539,8.21
5cec40933556,Indira Radić,Vrati mi se,tranzicija,turbo_folk,0.6792452830188679,0.69,4.74
6ca8ddfa646f,Indira Radić,Zabranjeno,tranzicija,turbo_folk,0.7631578947368421,0.8140740740740741,5.2
b359895b8f74,Indira Radić,Zaljubljena momka dva,tranzicija,turbo_folk,0.803921568627451,0.81,6.99
16ac5434d9fc,Indira Radić,Zašto sam se rodila,tranzicija,turbo_folk,0.8571428571428571,0.8685714285714285,7.27
b944065e0c8e,Indira Radić,Zašto tako naopako,tranzicija,turbo_folk,0.5737704918032787,0.6263013698630137,6.55
eab9484fecce,Indira Radić,Zavodnica,tranzicija,turbo_folk,0.7735849056603774,0.78,11.96
ca51290c2205,Indira Radić,Zbog tebe,tranzicija,turbo_folk,0.5211267605633803,0.63,4.87
2686b927ce30,Indira Radić,"Živim da živim, ako preživim",tranzicija,turbo_folk,0.4602272727272727,0.8159055118110237,7.41
b68ca482be85,Indira Radić,Život ide dalje,tranzicija,turbo_folk,0.7285714285714285,0.7714285714285714,5.33
0a5f8fed9ce5,Indira Radić,Zmaj,tranzicija,turbo_folk,0.5746268656716418,0.8061176470588235,4.24
bb20ebc08a48,Indira Radić,Zodiac,tranzicija,turbo_folk,0.728,0.8402631578947368,7.62
65b04ea38224,Šeki Turković,Loša procena,tranzicija,turbo_folk,0.8431372549019608,0.85,7.63
3e4ffb394640,Saša Matić,A ti si izabrala njega,tranzicija,turbo_folk,0.7142857142857143,0.8008163265306123,5.95
c2371cd15a3f,Saša Matić,Anđeo čuvar,tranzicija,turbo_folk,0.5380434782608695,0.7117037037037037,5.32
cf802ad7b0ad,Saša Matić,Ja se ne predajem,tranzicija,turbo_folk,0.6847826086956522,0.8051162790697673,5.26
bb25125b22eb,Saša Matić,Kad ljubav zakasni,tranzicija,turbo_folk,0.4945652173913043,0.7734814814814815,5.76
9ab170bc92bd,Saša Matić,Ko te ljubi ovih dana,tranzicija,turbo_folk,0.47752808988764045,0.7665116279069767,5.94
a9607f085b43,Saša Matić,Kralj izgubljenih stvari,tranzicija,turbo_folk,0.6352201257861635,0.767090909090909,5.96
4cc40da51dc3,Saša Matić,Lagala je grade,tranzicija,turbo_folk,0.3620689655172414,0.7871038251366119,6.07
d43707bcfa08,Saša Matić,Lanac sreće,tranzicija,turbo_folk,0.4129032258064516,0.749622641509434,5.53
d542f389ff93,Saša Matić,Loša stara vremena,tranzicija,turbo_folk,0.7073170731707317,0.8365217391304348,5.83
af6526f9ef8c,Saša Matić,Nađi novu ljubav,tranzicija,turbo_folk,0.27835051546391754,0.7631404958677687,5.31
f5d5af3473a2,Saša Matić,Ne idi s njim,tranzicija,turbo_folk,0.7661290322580645,0.8616,6.12
c301924cbce7,Saša Matić,Ne znam ja da muški poginem,tranzicija,turbo_folk,0.4530386740331492,0.7868181818181819,5.98
261eedad9154,Saša Matić,"Ne zovi, ne piši",tranzicija,turbo_folk,0.7216494845360825,0.76375,7.7
1c8a177a64d5,Saša Matić,Neke ptice nikad ne polete,tranzicija,turbo_folk,0.7636363636363637,0.79,8.08
ed3c1d3e0891,Saša Matić,Neostvarena želja,tranzicija,turbo_folk,0.564625850340136,0.7761224489795918,7.49
cafed13f3950,Saša Matić,Nije ovo moja noć,tranzicija,turbo_folk,0.6071428571428571,0.8845714285714286,5.86
e39ead9bd39d,Saša Matić,Opala,tranzicija,turbo_folk,0.45410628019323673,0.8115189873417722,7.4
4ac9a12fffa2,Saša Matić,Poklonite mi nju za rođendan,tranzicija,turbo_folk,0.7563025210084033,0.8328571428571429,7.84
993662cd5b01,Saša Matić,Pravi se,tranzicija,turbo_folk,0.5874125874125874,0.788936170212766,5.8
2a4d29e30dd7,Saša Matić,Reskiraj,tranzicija,turbo_folk,0.6407766990291263,0.8448148148148148,8.12
80c86f6e8ad7,Saša Matić,Ruzmarin,tranzicija,turbo_folk,0.6929824561403509,0.8073846153846154,5.99
1fe92b51ce7b,Saša Matić,Sad je kasno,tranzicija,turbo_folk,0.5533980582524272,0.7114814814814815,3.97
75724dd1edc6,Saša Matić,Samo ovu noć,tranzicija,turbo_folk,0.6323529411764706,0.8137931034482758,7.54
a9172136fe94,Saša Matić,Sve je na prodaju,tranzicija,turbo_folk,0.5962732919254659,0.7846428571428571,8.21
ea47435bb4ea,Saša Matić,Svuda si oko mene,tranzicija,turbo_folk,0.7213114754098361,0.9597260273972603,6.5
8e37f714b839,Saša Matić,Ulični svirač (duet Bonami),tranzicija,turbo_folk,0.8532110091743119,0.8989999999999999,7.72
00b856ccdaa9,Saša Matić,Zažmuri sa mnom,tranzicija,turbo_folk,0.5826771653543307,0.8376923076923077,7.19
0ed62ebfdd8c,Saša Matić,Zbogom ljubavi,tranzicija,turbo_folk,0.8235294117647058,0.8389473684210526,6.37
9976f9b91182,Sandra Afrika,Abrakadabra,tranzicija,turbo_folk,0.7065217391304348,0.7837209302325582,4.67
c64c118b42cc,Sandra Afrika,Devojka tvog druga (feat. Costi),tranzicija,turbo_folk,0.625,0.9326315789473684,9.44
a5d5e8bb92a9,Viki Miljković,Bajadera,tranzicija,turbo_folk,0.5656565656565656,0.6964,6.73
54f09df0b2c1,Viki Miljković,Čiki liki lajla,tranzicija,turbo_folk,0.3358208955223881,0.7220091324200913,4.86
c6f51051d464,Viki Miljković,Da li si dobro spavao,tranzicija,turbo_folk,0.584,0.86,5.54
1605745f52d8,Viki Miljković,"Hej, ko to pita",tranzicija,turbo_folk,0.5701754385964912,0.6941538461538461,4.27
2b9d0a96f836,Viki Miljković,"Idu mi, idu",tranzicija,turbo_folk,0.5753424657534246,0.8045360824742269,6.17
35e334ab6607,Viki Miljković,Ko to zna,tranzicija,turbo_folk,0.4918918918918919,0.8698529411764706,4.8
eb088af844e8,Seka Aleksić,Ako me voliš pusti me,tranzicija,turbo_folk,0.5144927536231884,0.8651685393258427,7.97
b1a14c2a5016,Seka Aleksić,Ako ti se desi,tranzicija,turbo_folk,0.5773195876288659,0.8304166666666667,8.04
ed873a7e8077,Seka Aleksić,Ale ale,tranzicija,turbo_folk,0.6285714285714286,0.7791208791208791,5.51
72324a3b2137,Seka Aleksić,Aspirin,tranzicija,turbo_folk,0.44036697247706424,0.9042603550295858,8.35
607bef53495c,Seka Aleksić,Balkan,tranzicija,turbo_folk,0.6209677419354839,0.756,4.03
164a056516b7,Seka Aleksić,Boli stara ljubav,tranzicija,turbo_folk,0.6728971962616822,0.8379310344827586,5.77
e9248272b953,Seka Aleksić,Briga me,tranzicija,turbo_folk,0.7184466019417476,0.7840740740740741,5.57
d4a070122354,Seka Aleksić,Chivas,tranzicija,turbo_folk,0.4228187919463087,0.7081999999999999,5.2
c9964beeb560,Seka Aleksić,Crno i zlatno,tranzicija,turbo_folk,0.6761904761904762,0.8057142857142857,6.03
32ebf8dfdb83,Seka Aleksić,Crnooka,tranzicija,turbo_folk,0.626984126984127,0.8205194805194805,7.53
461c2efd73bd,Seka Aleksić,Crveni ruž,tranzicija,turbo_folk,0.5035460992907801,0.9110869565217392,10.39
7d3f02cb313a,Seka Aleksić,Da sam muško,tranzicija,turbo_folk,0.5346534653465347,0.6203846153846153,5.52
155f011933f1,Seka Aleksić,Dan od života,tranzicija,turbo_folk,0.6607142857142857,0.7507936507936508,6.19
cb46e9daa733,Seka Aleksić,Devet dana,tranzicija,turbo_folk,0.4723926380368098,0.8487719298245614,7.58
6f9d8b55829f,Seka Aleksić,Dim srca mog,tranzicija,turbo_folk,0.6105263157894737,0.8295652173913043,4.86
a77c6ae816dc,Seka Aleksić,Dođi i uzmi me,tranzicija,turbo_folk,0.5932203389830508,0.7663768115942029,6.45
e1de25093553,Seka Aleksić,Doktore,tranzicija,turbo_folk,0.42657342657342656,0.7427659574468084,3.78
05a990fdff6a,Seka Aleksić,Dva srca na zidu,tranzicija,turbo_folk,0.6369426751592356,0.8783333333333333,5.6
1d445b0af48a,Seka Aleksić,Evo,tranzicija,turbo_folk,0.5044642857142857,0.8423999999999999,6.47
458b18ca5a45,Seka Aleksić,Gde sam ti ja,tranzicija,turbo_folk,0.6754385964912281,0.8655384615384615,5.93
4df338bcdd06,Seka Aleksić,Haljina na pruge,tranzicija,turbo_folk,0.5,0.8801398601398601,7.61
068bcb4ea3e9,Seka Aleksić,Hirošima,tranzicija,turbo_folk,0.5670731707317073,0.8606956521739131,7.57
00f6b32473e4,Seka Aleksić,I u vatru i u vodu,tranzicija,turbo_folk,0.6635514018691588,0.8244827586206896,5.2
a16786bd6cc8,Seka Aleksić,Idealno tvoja,tranzicija,turbo_folk,0.8205128205128205,0.8551724137931035,7.61
18cd6459f988,Seka Aleksić,Idi lepi moj,tranzicija,turbo_folk,0.72,0.8309803921568628,5.83
9c4a2eb651f3,Seka Aleksić,Idi pre jutra,tranzicija,turbo_folk,0.6302521008403361,0.8811428571428571,6.72
92c62f295af1,Seka Aleksić,Idi s njom,tranzicija,turbo_folk,0.5794392523364486,0.7986206896551724,5.89
3b406849dde0,Seka Aleksić,Impulsi,tranzicija,turbo_folk,0.5779816513761468,0.8486666666666667,8.55
cb23d99a43f2,Seka Aleksić,Iskoristi moje mane,tranzicija,turbo_folk,0.68,0.792156862745098,7.04
d841de79af43,Seka Aleksić,Izdajice,tranzicija,turbo_folk,0.628099173553719,0.8455555555555555,8.03
2e8561f833d0,Seka Aleksić,Ja nisam nešto slatko,tranzicija,turbo_folk,0.6099290780141844,0.822608695652174,7.21
1f771dd7a6d1,Seka Aleksić,Ja tuđe usne ljubim,tranzicija,turbo_folk,0.5170068027210885,0.8393877551020409,5.83
1ad111aeda14,Seka Aleksić,Jedna više,tranzicija,turbo_folk,0.672,0.8413157894736841,7.51
0feb044e0662,Seka Aleksić,"Jednom tvoja, srećna nikada",tranzicija,turbo_folk,0.8125,0.8619047619047618,7.12
0529980f792b,Seka Aleksić,Jer takva sam se rodila,tranzicija,turbo_folk,0.7125,0.8638709677419354,8.83
399c928c37d3,Seka Aleksić,K’o da sutra ne postoji,tranzicija,turbo_folk,0.5857142857142857,0.8650549450549451,4.77
3ee5c0f10dae,Seka Aleksić,K’o ta čaša,tranzicija,turbo_folk,0.5869565217391305,0.8023255813953488,6.67
e1a431439b61,Seka Aleksić,Kad čujem korak tvoj,tranzicija,turbo_folk,0.7441860465116279,0.8610810810810811,4.62
ce34875bda4b,Seka Aleksić,Kažu svi,tranzicija,turbo_folk,0.7551020408163265,0.8510204081632654,5.57
2fbd6e586a6f,Seka Aleksić,Koma,tranzicija,turbo_folk,0.6770833333333334,0.7242553191489361,5.93
6f12bd8f846c,Seka Aleksić,Kraljica,tranzicija,turbo_folk,0.4720812182741117,0.8025675675675675,7.12
af0f4efa08fe,Seka Aleksić,Kučka,tranzicija,turbo_folk,0.8024691358024691,0.88625,6.2
bd7392db6a9e,Seka Aleksić,Laka meta,tranzicija,turbo_folk,0.556390977443609,0.9130952380952382,6.46
7b8167a3b234,Seka Aleksić,Lek za spavanje,tranzicija,turbo_folk,0.7777777777777778,0.8874576271186441,6.49
7a8d70fc148f,Seka Aleksić,"Lom, lom",tranzicija,turbo_folk,0.5538461538461539,0.6688888888888889,6.58
c92e647278eb,Seka Aleksić,Majstor za žene,tranzicija,turbo_folk,0.41358024691358025,0.7449557522123894,3.26
b9a60b3f387d,Seka Aleksić,Milo za drago,tranzicija,turbo_folk,0.5542857142857143,0.8338095238095238,5.83
5b326b8f610c,Seka Aleksić,Moje prvo neverstvo,tranzicija,turbo_folk,0.71875,0.8468085106382978,7.18
0bb91f0bd7ad,Seka Aleksić,Moli me,tranzicija,turbo_folk,0.6791044776119403,0.8315294117647059,7.55
f8c35374b41a,Seka Aleksić,Ne ostavljaj me samu,tranzicija,turbo_folk,0.5746268656716418,0.7856470588235295,6.05
4ac8801b20db,Seka Aleksić,"Ne, nije",tranzicija,turbo_folk,0.6105263157894737,0.7930434782608696,7.13
e3d3d65d439a,Seka Aleksić,"Nemoj doći, ne",tranzicija,turbo_folk,0.43478260869565216,0.6857575757575757,7.12
3847113d789c,Seka Aleksić,Nije ona ta,tranzicija,turbo_folk,0.6861313868613139,0.8315909090909092,7.1
a472ef8cf21d,Seka Aleksić,Oči plave boje,tranzicija,turbo_folk,0.8769230769230769,0.9175,7.76
ec3181fb9c74,Seka Aleksić,Opet,tranzicija,turbo_folk,0.6712328767123288,0.7158333333333333,7.13
fd6f7431f822,Seka Aleksić,Otrovnica,tranzicija,turbo_folk,0.6767676767676768,0.7116,6.6
07cb31ca6d1c,Seka Aleksić,Početak kraja,tranzicija,turbo_folk,0.5428571428571428,0.8582417582417582,6.82
dbfdabdb28fa,Seka Aleksić,Poludela,tranzicija,turbo_folk,0.7480314960629921,0.8505128205128205,6.49
93ff5c5b4623,Seka Aleksić,Poslednji let,tranzicija,turbo_folk,0.4539877300613497,0.8114035087719298,6.91
005736b7552f,Seka Aleksić,Reci gde smo mi,tranzicija,turbo_folk,0.9193548387096774,0.9261538461538461,6.5
0694b7b3219a,Seka Aleksić,Rođena da budem druga,tranzicija,turbo_folk,0.7326732673267327,0.783076923076923,6.1
083275828173,Seka Aleksić,Rođena s vukovima,tranzicija,turbo_folk,0.7153846153846154,0.851111111111111,6.58
3d6eaa9ac5c3,Seka Aleksić,Slučajni partneri,tranzicija,turbo_folk,0.7857142857142857,0.8663492063492063,6.11
0ceeb253db67,Seka Aleksić,Soba 22,tranzicija,turbo_folk,0.5034013605442177,0.8853061224489797,6.28
2c0c17a6ea99,Seka Aleksić,Sokole moj,tranzicija,turbo_folk,0.7142857142857143,0.8695238095238096,7.67
152153125554,Seka Aleksić,"Šta je bilo, bilo je",tranzicija,turbo_folk,0.42857142857142855,0.7111428571428572,7.24
4d6828257498,Seka Aleksić,"Što je bilo moje, njeno je",tranzicija,turbo_folk,0.28191489361702127,0.536978417266187,5.61
31922d8911bc,Seka Aleksić,Sudbino reci,tranzicija,turbo_folk,0.6691176470588235,0.8305747126436782,7.04
a0570089de09,Seka Aleksić,Sve je laž,tranzicija,turbo_folk,0.7391304347826086,0.7781395348837209,6.02
7fd6b5bf6c93,Seka Aleksić,Svi tvoji milioni,tranzicija,turbo_folk,0.7291666666666666,0.7978723404255319,5.43
e0875385bc73,Seka Aleksić,Sviđa mi se tvoja devojka,tranzicija,turbo_folk,0.8333333333333334,0.831304347826087,8.18
3fef2bd9cacd,Seka Aleksić,Tamo gde si ti,tranzicija,turbo_folk,0.4838709677419355,0.6229333333333333,3.29
bc26724fff00,Seka Aleksić,Tesna koža,tranzicija,turbo_folk,0.6825396825396826,0.9181818181818182,7.13
cb55ecad71f5,Seka Aleksić,Ti i ja smo par,tranzicija,turbo_folk,0.7596899224806202,0.8744999999999999,6.52
445be3a51ca8,Seka Aleksić,Ti se hrani mojim bolom (feat. Sha),tranzicija,turbo_folk,0.3669950738916256,0.7909803921568628,7.54
6bd5fc24c2e4,Seka Aleksić,U kafani punoj dima,tranzicija,turbo_folk,0.5652173913043478,0.8552808988764046,7.28
731ac80e1666,Seka Aleksić,Za ljubav mobilna,tranzicija,turbo_folk,0.711340206185567,0.8216666666666667,7.71
7d02922e0505,Dino Merlin,Ako me ikada sretneš,tranzicija,pop,0.5059523809523809,0.8458823529411764,8.81
eb47afdf3584,Dino Merlin,Ako nastaviš ovako,tranzicija,pop,0.6470588235294118,0.8828571428571428,8.81
81aa7b41b430,Dino Merlin,Baska ti,tranzicija,pop,0.5630252100840336,0.7734285714285715,6.1
d3ae3e3e79e4,Dino Merlin,Bez obzira na sve,tranzicija,pop,0.34782608695652173,0.6792857142857143,6.45
dde0b9b52ba4,Dino Merlin,Bijelo,tranzicija,pop,0.22807017543859648,0.6040223463687151,8.25
e581dbd940f0,Dino Merlin,Bosnom behar probeharao,tranzicija,pop,0.5943396226415094,0.7926315789473685,10.17
86dc79afd25f,Dino Merlin,Božić je,tranzicija,pop,0.3872549019607843,0.7566451612903226,7.15
07e2fd297077,Dino Merlin,Burek,tranzicija,pop,0.43333333333333335,0.6917131474103586,8.64
8fd3fe6efe88,Dino Merlin,Cijela Juga jedna avlija,tranzicija,pop,0.49324324324324326,0.7042424242424242,8.24
e0972cdfba55,Dino Merlin,Ćuskije,tranzicija,pop,0.44329896907216493,0.6579166666666666,7.68
a0b2a246b482,Dino Merlin,Da je tuga snijeg,tranzicija,pop,0.6015037593984962,0.740952380952381,4.45
cc12ad372917,Dino Merlin,Da se kući vratim,tranzicija,pop,0.35260115606936415,0.734516129032258,7.53
8091750c5107,Dino Merlin,Da šutiš,tranzicija,pop,0.680672268907563,0.7334285714285714,7.19
fa1a47abfbb2,Dino Merlin,Da te nije alija,tranzicija,pop,0.5275590551181102,0.6994871794871795,7.75
8d223603c373,Dino Merlin,Da ti kažem šta mi je,tranzicija,pop,0.4,0.7106870229007634,5.1
7403b881cb07,Dino Merlin,Dabogda,tranzicija,pop,0.7213114754098361,0.8627397260273972,10.32
1c031c7c4876,Dino Merlin,"Daj, nazovi me",tranzicija,pop,0.6344086021505376,0.8863636363636364,9.52
f2e12cf8d6fe,Dino Merlin,Danas sam O.K.,tranzicija,pop,0.5040650406504065,0.7367567567567568,5.88
3484176634e8,Dino Merlin,De facto Fato,tranzicija,pop,0.5254237288135594,0.80359375,6.44
ecab8e905315,Dino Merlin,Deset mlađa,tranzicija,pop,0.746268656716418,0.8571764705882353,7.7
5084181b4251,Dino Merlin,"Dobro veče, tugo",tranzicija,pop,0.6076923076923076,0.7081481481481482,6.6
31b81e4a7e85,Dino Merlin,Dođi il’ me se prođi,tranzicija,pop,0.4772727272727273,0.677948717948718,8.41
3d16d6d52176,Dino Merlin,Duhovi konjaka,tranzicija,pop,0.5294117647058824,0.7072222222222222,12.04
1fb66105a6cb,Dino Merlin,"E, otkad mi se nisi javila",tranzicija,pop,0.46835443037974683,0.5286666666666667,7.22
80f3294c51f0,Dino Merlin,Esma,tranzicija,pop,0.6611570247933884,0.8675,7.54
48a74a8f312e,Dino Merlin,Fotografija,tranzicija,pop,0.7073170731707317,0.8381818181818181,10.78
b524a787609a,Dino Merlin,Godinama (with Ivana Banfić),tranzicija,pop,0.5773809523809523,0.847563025210084,7.05
3ee2ef07d0b0,Dino Merlin,Halima,tranzicija,pop,0.6711409395973155,0.7458,8.58
5edeec0e8664,Dino Merlin,Harmonika,tranzicija,pop,0.29959514170040485,0.6710101010101011,6.05
93286d4cc4fb,Dino Merlin,Hitna,tranzicija,pop,0.5086206896551724,0.8134328358208955,7.31
bf61d8e5e6a6,Dino Merlin,I dok predajem se tebi (duet Henda),tranzicija,pop,0.8421052631578947,0.8775,6.09
167b2031ea48,Dino Merlin,I ovo prođe,tranzicija,pop,0.5374149659863946,0.7053061224489796,6.87
0e6cccad4d13,Dino Merlin,Individualizam,tranzicija,pop,0.6893203883495146,0.8025925925925926,10.99
8442821bf137,Dino Merlin,Ja potpuno trijezan umirem,tranzicija,pop,0.7386363636363636,0.8671794871794872,7.57
30b999080813,Dino Merlin,Ja sam na te navik’o,tranzicija,pop,0.5522388059701493,0.9294117647058824,7.83
93b17ba1d529,Dino Merlin,Je l’ Sarajevo gdje je nekad bilo,tranzicija,pop,0.3581081081081081,0.675959595959596,8.56
2e385262adc2,Dino Merlin,Jedna si jedina,tranzicija,pop,0.6326530612244898,0.6326530612244898,10.17
db0f16b55607,Dino Merlin,Jutro u Splitu,tranzicija,pop,0.7441860465116279,0.7508108108108108,10.11
d0335d69e72e,Dino Merlin,Kad čovjek voli ženu,tranzicija,pop,0.34375,0.5584,6.56
7b80f562b234,Dino Merlin,Kad si rekla da me voliš,tranzicija,pop,0.3003194888178914,0.7290151515151515,4.65
a08b441bab1f,Dino Merlin,Kad sve ovo bude juče,tranzicija,pop,0.6534653465346535,0.8631372549019608,7.65
673ce9f261fb,Dino Merlin,Kad ti dođem nesrećo,tranzicija,pop,0.5384615384615384,0.7917647058823529,8.03
4e3c3ba6059d,Dino Merlin,Kad zamirišu jorgovani,tranzicija,pop,0.40625,0.7809009009009009,9.28
2a1538934b5f,Dino Merlin,Kokuzna vremena,tranzicija,pop,0.4634146341463415,0.8043243243243243,7.34
0c91fc7f3680,Dino Merlin,Korak do slobode,tranzicija,pop,0.5865384615384616,0.7701818181818182,9.02
e7810edcbc9e,Dino Merlin,Kremen,tranzicija,pop,0.6166666666666667,0.8909859154929577,7.7
e9f6b650a611,Dino Merlin,Lažu me,tranzicija,pop,0.36923076923076925,0.6622222222222223,7.82
1c0295f5cecf,Dino Merlin,Lejlo,tranzicija,pop,0.48951048951048953,0.7010638297872341,6.11
795793fda3b9,Dino Merlin,Ljubav nema granica,tranzicija,pop,0.4375,0.6488421052631579,7.65
c4e5cfff10fe,Dino Merlin,Ljubav nije paradajz,tranzicija,pop,0.8095238095238095,0.8757142857142857,9.87
64fbc5bec5a3,Dino Merlin,Lola,tranzicija,pop,0.7341772151898734,0.824,3.6
6c901fd0279b,Dino Merlin,Majka ruži kćer,tranzicija,pop,0.3836477987421384,0.5258181818181819,6.33
e7cc7d5324a4,Dino Merlin,"Mama, neću da sam živ",tranzicija,pop,0.47058823529411764,0.7445714285714286,5.26
5909c21f1394,Dino Merlin,Med (duet Emina Jahović),tranzicija,pop,0.5270935960591133,0.7345454545454546,5.3
6dc1843253dc,Dino Merlin,Merjema,tranzicija,pop,0.47580645161290325,0.7682666666666667,8.95
449ea8b1dab4,Dino Merlin,Mišići,tranzicija,pop,0.5,0.6966315789473684,6.3
ffb13fd16a28,Dino Merlin,Mjesečina,tranzicija,pop,0.5080645161290323,0.72,8.41
21eb0440f443,Dino Merlin,Moj je život Švicarska,tranzicija,pop,0.5611510791366906,0.8755555555555555,6.63
f979d88ec916,Dino Merlin,Moja bogda sna,tranzicija,pop,0.3522012578616352,0.6934545454545454,5.77
c7370c85c348,Dino Merlin,Moja pjesma,tranzicija,pop,0.47019867549668876,0.6405882352941177,8.44
28d7d6264406,Dino Merlin,Mostarska,tranzicija,pop,0.5714285714285714,0.7287755102040816,5.82
3e8c0d8e35db,Dino Merlin,Može li se u ratu,tranzicija,pop,0.5714285714285714,0.8087912087912087,5.31
b3dbcef9251f,Dino Merlin,Na te mislim dušo,tranzicija,pop,0.3983739837398374,0.6737837837837838,9.57
c0d28fdd3c3a,Dino Merlin,Na vi,tranzicija,pop,0.32916666666666666,0.6516230366492147,5.32
32bbf5c665dc,Dino Merlin,Ne budi me seno,tranzicija,pop,0.48951048951048953,0.9144680851063829,8.51
381dfb410d5d,Dino Merlin,Ne daj me nikome,tranzicija,pop,0.7734375,0.9144303797468354,7.37
b0b1315a323a,Dino Merlin,Ne plači mati,tranzicija,pop,0.6111111111111112,0.7068292682926829,7.24
e58baa850184,Dino Merlin,Ne zovi me na grijeh,tranzicija,pop,0.5641025641025641,0.7308823529411765,5.85
9aa01251011c,Dino Merlin,Nedostaješ,tranzicija,pop,0.717391304347826,0.7795348837209303,7.68
f4555bc88917,Dino Merlin,Nek’ padaju ćuskije,tranzicija,pop,0.44329896907216493,0.6579166666666666,7.68
e9f445f3753a,Dino Merlin,Nemam ja osamnaest godina,tranzicija,pop,0.6690140845070423,0.9008602150537635,7.93
0efb2517e12f,Dino Merlin,Nešto lijepo treba da se desi,tranzicija,pop,0.5,0.8376470588235294,7.45
a114fe92b117,Dino Merlin,Niko kao ja (tvoj veseli bosanac),tranzicija,pop,0.3014705882352941,0.6303448275862068,5.74
c7f287cd04c3,Dino Merlin,Ostat će istine dvije (kao nikada prije),tranzicija,pop,0.5849056603773585,0.860701754385965,8.07
97256b72e929,Dino Merlin,Otkrit ću ti tajnu,tranzicija,pop,0.5818181818181818,0.7548275862068966,8.01
a588423c8658,Dino Merlin,Pala magla,tranzicija,pop,0.5727272727272728,0.8173770491803278,7.9
fd4bb20caf3e,Dino Merlin,Palidrvce,tranzicija,pop,0.5181818181818182,0.7763934426229508,9.3
1b59520cbc38,Dino Merlin,Paša moj solidni,tranzicija,pop,0.6193548387096774,0.8273584905660377,9.43
dff3a1f8552e,Dino Merlin,Pogledaj sa prozora,tranzicija,pop,0.5303030303030303,0.9057831325301205,7.83
9237f29f2462,Dino Merlin,Poljubih te sinoć,tranzicija,pop,0.45614035087719296,0.8504918032786886,6.02
8338b096e26a,Dino Merlin,Pričalica,tranzicija,pop,0.6549019607843137,0.8215533980582524,8.27
19de0faf9c78,Dino Merlin,Prokletog me Bog stvorio,tranzicija,pop,0.45394736842105265,0.829126213592233,5.1
2fb6c7abb982,Dino Merlin,Ptica bijela,tranzicija,pop,0.4943181818181818,0.8623622047244094,6.95
950ac6418bbe,Dino Merlin,Pustite me (with Osman Hadžić),tranzicija,pop,0.3772455089820359,0.7457627118644068,6.31
ccda94e5585f,Dino Merlin,Putnici,tranzicija,pop,0.5362318840579711,0.7837974683544304,7.35
9f736112a66f,Dino Merlin,Ružan san,tranzicija,pop,0.49056603773584906,0.8007017543859649,6.41
fe2931f64510,Dino Merlin,Sa mojih usana,tranzicija,pop,0.4,0.7106870229007634,5.1
2772ab70ca02,Dino Merlin,Sam,tranzicija,pop,0.9076923076923077,0.9349999999999999,6.01
f5c07c695fe1,Dino Merlin,Samo sam ti ja isti ost’o,tranzicija,pop,0.5398230088495575,0.7221875,6.4
b48c6334e184,Dino Merlin,Sarajevo,tranzicija,pop,0.514018691588785,0.8039999999999999,7.42
abb08b1a396f,Dino Merlin,Sibirska,tranzicija,pop,0.37333333333333335,0.7285148514851485,5.54
ad20090bf774,Dino Merlin,Smijehom strah pokrijem,tranzicija,pop,0.42408376963350786,0.7369014084507042,7.58
6f02841149bc,Dino Merlin,Sredinom,tranzicija,pop,0.4666666666666667,0.7025,6.12
fbfaf925ab7e,Dino Merlin,Sretna Nova,tranzicija,pop,0.40236686390532544,0.6805,10.62
9a1824f48740,Dino Merlin,Šta će mi sad ljubav,tranzicija,pop,0.2953020134228188,0.6194,4.86
ca7ce722be51,Dino Merlin,Šta ti značim ja,tranzicija,pop,0.4520547945205479,0.7263917525773195,10.03
fe41536049a1,Dino Merlin,Subota,tranzicija,pop,0.5916666666666667,0.8191549295774647,6.37
ef6d8fad8101,Dino Merlin,Supermen (with Željko Joksimović),tranzicija,pop,0.46111111111111114,0.7793893129770992,5.88
3a9b7647a64e,Dino Merlin,Sva bol svijeta,tranzicija,pop,0.5220588235294118,0.8326436781609196,5.61
94a48ba667c0,Dino Merlin,Sve je laž (with Almir Hukelić),tranzicija,pop,0.5234375,0.7055696202531646,5.07
01b8b2e80fa0,Dino Merlin,Svila,tranzicija,pop,0.5566037735849056,0.7603508771929826,5.84
e266e4491171,Dino Merlin,Svjetla Zagreba,tranzicija,pop,0.6979166666666666,0.84,8.65
693f732ba479,Dino Merlin,Svuda behar probeharao,tranzicija,pop,0.5943396226415094,0.7926315789473685,10.17
8f131e9613e8,Dino Merlin,Tebi je lako,tranzicija,pop,0.3475177304964539,0.7476086956521739,7.08
b23b8031bc63,Dino Merlin,Teško meni sa tobom (a jos teže bez tebe),tranzicija,pop,0.44029850746268656,0.7771764705882354,6.59
22be9944eefa,Dino Merlin,Ti i ja (sarajevski veliki park),tranzicija,pop,0.6578947368421053,0.8910769230769231,6.24
dbc1e8d77305,Dino Merlin,Ti si mene (with Nina Badrić),tranzicija,pop,0.45925925925925926,0.7479069767441862,7.41
b16c1ea658ec,Dino Merlin,U kandžama jastreba,tranzicija,pop,0.6810344827586207,0.8570149253731344,8.8
0c296bda9324,Dino Merlin,Učini mi pravu stvar,tranzicija,pop,0.41830065359477125,0.7798076923076922,8.76
f8223b9795fe,Dino Merlin,Umri prije smrti,tranzicija,pop,0.5142857142857142,0.8375824175824176,7.42
cefa8f7e9160,Dino Merlin,Uspavanka za Gorana B.,tranzicija,pop,0.4537037037037037,0.76,7.71
ec89d8686f7e,Dino Merlin,Verletzt (with Edo Zanki),tranzicija,pop,0.48186528497409326,0.6988888888888889,8.77
8dfdff82d6b4,Dino Merlin,Vojnik sreće,tranzicija,pop,0.4491525423728814,0.8333333333333334,9.18
72d3ed0ea1b5,Dino Merlin,Zaboravi,tranzicija,pop,0.32558139534883723,0.60775,11.02
069c982ec5fd,Dino Merlin,Zar je to sve što imam od tebe (zar je to sve što je ostalo),tranzicija,pop,0.5980392156862745,0.6743396226415095,7.22
7957a76572c4,Dino Merlin,Zaspao je mjesec,tranzicija,pop,0.45977011494252873,0.7656000000000001,9.48
937d2f2050df,Dino Merlin,Želja,tranzicija,pop,0.6222222222222222,0.728780487804878,5.77
31695bf8eb5a,Dino Merlin,Zid,tranzicija,pop,0.425414364640884,0.6903030303030303,5.39
884b9f252d31,Dino Merlin,Znam za jedan grad zove se Beograd,tranzicija,pop,0.5333333333333333,0.8051162790697673,7.32
62183f51d04d,Van Gogh,Aerodrom,tranzicija,pop,0.4740740740740741,0.7493023255813953,5.54
5975639619d2,Van Gogh,Aleluja,tranzicija,pop,0.5033112582781457,0.689607843137255,6.44
d2a6cc9729f6,Van Gogh,Apsolutno ne,tranzicija,pop,0.5578947368421052,0.7704347826086956,6.48
577bee6a8ea6,Van Gogh,Basna,tranzicija,pop,0.5724137931034483,0.6529166666666667,4.84
7c478e5ce50c,Van Gogh,Bez oblika,tranzicija,pop,0.5771812080536913,0.7298,9.64
eef5859d87e5,Van Gogh,Brod od papira,tranzicija,pop,0.415929203539823,0.7496875,9.1
1f0e0a6ff3c3,Van Gogh,Bulldog,tranzicija,pop,0.6690140845070423,0.7879569892473118,6.85
ec139f8a5e3c,Van Gogh,Da li zna?,tranzicija,pop,0.415929203539823,0.7467796610169491,8.5
69edb18debc2,Van Gogh,Deja vu,tranzicija,pop,0.6850393700787402,0.8038461538461539,4.48
d85ec5fc9218,Van Gogh,Delfin,tranzicija,pop,0.6288659793814433,0.8762500000000001,7.96
2a8e844b36ca,Van Gogh,Demagogija,tranzicija,pop,0.5764705882352941,0.7484297520661157,12.71
45fa5823e425,Van Gogh,Deo oko tebe,tranzicija,pop,0.6847826086956522,0.8172093023255814,7.15
20f4da063023,Van Gogh,Dibuk,tranzicija,pop,0.7411764705882353,0.8177777777777778,7.04
f256ce053f6f,Van Gogh,Dišem,tranzicija,pop,0.5289256198347108,0.7836111111111111,7.46
565e597211d6,Van Gogh,Do kraja sveta,tranzicija,pop,0.5666666666666667,0.8208450704225352,6.68
6cfc7204dcad,Van Gogh,Emigrant,tranzicija,pop,0.6850393700787402,0.8310256410256409,8.15
5d8cbc5a90a8,Van Gogh,Linija,tranzicija,pop,0.6621621621621622,0.7648,5.93
213b39166877,Van Gogh,Opasan ples,tranzicija,pop,0.8933333333333333,0.9284615384615384,7.47
935e8f3732fd,Van Gogh,Otisak dlana,tranzicija,pop,0.584070796460177,0.7746875,8.96
d3e3ebcc11b8,Van Gogh,Pleme,tranzicija,pop,0.5026178010471204,0.8790140845070423,9.87
e1b0fa6c1427,Van Gogh,Puls,tranzicija,pop,0.45348837209302323,0.6632520325203252,11.81
e7166adef31f,Van Gogh,Teška ljubav,tranzicija,pop,0.4967741935483871,0.8666037735849057,8.81
80478a5c13d0,Van Gogh,Za godine tvoje,tranzicija,pop,0.7909090909090909,0.8973770491803279,7.09
59e1aa66ce65,Van Gogh,Zamisli,tranzicija,pop,0.5729166666666666,0.736595744680851,7.36
55daf4db92b2,Van Gogh,Zauvek,tranzicija,pop,0.4636363636363636,0.7970491803278688,7.37
3daa26c71502,Ivana Banfić,Bila bi ti sve,tranzicija,pop,0.33980582524271846,0.4014814814814815,4.65
7ec8ff7fb38a,Ivana Banfić,Biti svoj,tranzicija,pop,0.9090909090909091,0.9333333333333332,6.91
c8f8db6d001b,Ivana Banfić,Cigareta,tranzicija,pop,0.5777777777777777,0.74,8.71
6de755fa50e0,Ivana Banfić,Eldorado,tranzicija,pop,0.819047619047619,0.8667857142857143,8.39
219813c1f39f,Ivana Banfić,Godinama (with Dino Merlin),tranzicija,pop,0.5773809523809523,0.847563025210084,7.05
2cc4dd3732fe,Ivana Banfić,Hrvatice vas vole (with Claudia Beni),tranzicija,pop,0.6941176470588235,0.8,6.77
c2a939819b01,Ivana Banfić,I bio je red,tranzicija,pop,0.8552631578947368,0.862962962962963,6.94
8f4c1e021f0c,Ivana Banfić,I opet sama,tranzicija,pop,0.4962962962962963,0.8648837209302325,9.09
40e82e4f0268,Ivana Banfić,Imam te,tranzicija,pop,0.8023255813953488,0.8232432432432433,7.47
95358c3076d2,Ivana Banfić,Ja nikad neću znat,tranzicija,pop,0.3508771929824561,0.6181967213114754,5.44
3e4e9486f3cd,Ivana Banfić,Kad bi bila,tranzicija,pop,0.49333333333333335,0.8037623762376238,6.72
0f0230ed6678,Ivana Banfić,Kad se sklope kazaljke,tranzicija,pop,0.7125,0.707741935483871,6.55
d63e5aa70488,Ivana Banfić,"Kad ti kažem, mali",tranzicija,pop,0.782608695652174,0.8376744186046511,5.5
ef10cf0bf706,Ivana Banfić,Kao cvijet iz kamena (with Klapa Nostalgija),tranzicija,pop,0.8450704225352113,0.8272727272727273,9.49
a0d311ae755a,Ivana Banfić,Koljena,tranzicija,pop,0.3576158940397351,0.617450980392157,5.46
e10fa47d2f8b,Ivana Banfić,Lav u srcu,tranzicija,pop,0.5208333333333334,0.859578947368421,6.44
a654e827fc33,Ivana Banfić,Ljubav to si ti (with Ivo Gamulin – Gianni),tranzicija,pop,0.4854368932038835,0.8348148148148148,4.57
2ec3216c87bc,Ivana Banfić,Mogla sam te sto put’ izdati,tranzicija,pop,0.6506024096385542,0.8552941176470588,8.47
e2468bc5d4a1,Ivana Banfić,Mogu li te voljeti zauvijek,tranzicija,pop,0.5258620689655172,0.7516417910447761,7.93
376a035928f7,Ivana Banfić,Navigator,tranzicija,pop,0.7333333333333333,0.7476923076923078,5.85
03082b4223d5,Ivana Banfić,Navodno (featuring Hari Mata Hari),tranzicija,pop,0.44339622641509435,0.5361403508771929,10.3
5c37e053f2b9,Ivana Banfić,Ne mazi me k’o on,tranzicija,pop,0.45132743362831856,0.6371875,3.97
67f4a2b2bc95,Ivana Banfić,Neću,tranzicija,pop,0.5069444444444444,0.903578947368421,7.22
2e0a1bb0ee05,Ivana Banfić,Neću znati,tranzicija,pop,0.7473684210526316,0.8226086956521739,5.97
5061e488e14e,Ivana Banfić,Nedodirljiva,tranzicija,pop,0.510989010989011,0.8806015037593985,7.52
425235a3042d,Ivana Banfić,Nema veze zlato,tranzicija,pop,0.5677966101694916,0.8976811594202898,6.43
322906e49a02,Ivana Banfić,Ni za živu glavu ne bi,tranzicija,pop,0.5076923076923077,0.917283950617284,7.55
fd28eaf39de0,Ivana Banfić,Ničija žena,tranzicija,pop,0.47715736040609136,0.8975675675675676,6.46
b7f42e2d8c6a,Ivana Banfić,Nit,tranzicija,pop,0.4296577946768061,0.792429906542056,5.28
d6303574cf80,Ivana Banfić,Oslobodi me,tranzicija,pop,0.26573426573426573,0.563404255319149,8.6
0ef6cf2c3083,Ivana Banfić,Otisak prsta,tranzicija,pop,0.5089820359281437,0.8888135593220339,7.71
99e5820381db,Ivana Banfić,"Pjevam danju, pjevam noću",tranzicija,pop,0.2905982905982906,0.4917647058823529,9.34
4dbf8da2ca18,Ivana Banfić,Predaleko,tranzicija,pop,0.6039603960396039,0.7934615384615384,7.76
7ee0b20a3eef,Ivana Banfić,Sad,tranzicija,pop,0.5866666666666667,0.7207692307692307,6.64
520bd6b9e514,Ivana Banfić,Sad je kasno,tranzicija,pop,0.4050632911392405,0.534,4.54
5fa1c8ff68da,Ivana Banfić,Sretan ti i stoti rođendan,tranzicija,pop,0.6666666666666666,0.7683720930232558,6.73
b41da690a5ef,Ivana Banfić,Šumica,tranzicija,pop,0.8,0.8418181818181818,10.79
14611a3093c3,Ivana Banfić,To je vrijedilo čekati (with Tony Cetinski),tranzicija,pop,0.782608695652174,0.8288372093023256,8.34
4e2ccc6b1b70,Ivana Banfić,Traži me po zvijezdama,tranzicija,pop,0.6825396825396826,0.7328571428571429,5.99
ad9afcfd1fac,Ivana Banfić,Trn u oku,tranzicija,pop,0.5,0.8567901234567902,5.69
b7dd497b6ae3,Ivana Banfić,Vjerujem,tranzicija,pop,0.4020100502512563,0.718,8.03
5a07ef5c7b4e,Ivana Banfić,Žena 90-ih,tranzicija,pop,0.7684210526315789,0.8543478260869565,5.43
245b6b047a91,Ivana Banfić,Žena zna,tranzicija,pop,0.49242424242424243,0.7096385542168675,7.47
b1cf70089a86,Colonia,1001 noć,tranzicija,pop,0.6259541984732825,0.801219512195122,7.43
a96a789c67a5,Colonia,Ale ale,tranzicija,pop,0.7192982456140351,0.7775,7.79
4da048d61b75,Colonia,Avantura zove me,tranzicija,pop,0.8028169014084507,0.8418181818181818,8.49
2e79853e8768,Colonia,Bolja vremena,tranzicija,pop,0.6788990825688074,0.7603333333333333,7.31
15fed28918b6,Colonia,Božićna noć,tranzicija,pop,0.4824120603015075,0.6605333333333333,5.44
28e5ef10d9e5,Colonia,Budi mi zbogom,tranzicija,pop,0.6198347107438017,0.8480555555555556,7.52
6267425926e6,Colonia,Bye bye,tranzicija,pop,0.8412698412698413,0.87,5.71
8ea929cb8841,Colonia,C’est la vie,tranzicija,pop,0.3181818181818182,0.701139896373057,6.57
1f8a65c66805,Colonia,Čovjek s dva lica,tranzicija,pop,0.711340206185567,0.7004166666666666,6.83
99ac036a0288,Colonia,Deja vu,tranzicija,pop,0.6612903225806451,0.8941333333333333,7.73
a7a550bd7179,Colonia,Dio nje,tranzicija,pop,0.6981132075471698,0.8024561403508772,6.77
c53352293ce6,Colonia,Dok je tebe i ljubavi,tranzicija,pop,0.42857142857142855,0.8420209059233449,6.05
410088965b08,Colonia,Dok spava grad,tranzicija,pop,0.5340909090909091,0.6989743589743589,4.15
e1f11218a060,Colonia,Dolazi oluja,tranzicija,pop,0.7815126050420168,0.9202857142857143,7.44
50fcbe1eb3b4,Colonia,Dvoje,tranzicija,pop,0.851063829787234,0.9199999999999999,9.92
a0f992db3347,Colonia,Fjaka,tranzicija,pop,0.546875,0.7453164556962025,7.05
51848cbadf36,Colonia,Iluzija (featuring Turki Taata),tranzicija,pop,0.5818181818181818,0.8508620689655173,11.67
e83bf2cd0195,Colonia,Izgubljen svijet,tranzicija,pop,0.6306306306306306,0.8348387096774194,9.87
a82a8be5b1bc,Colonia,Ja nisam tvoja mala,tranzicija,pop,0.6796116504854369,0.8062962962962963,7.03
970cae87a56d,Colonia,Jača nego ikada,tranzicija,pop,0.5495495495495496,0.8070967741935484,10.19
e11f3e41a6e5,Colonia,Još jednom za kraj,tranzicija,pop,0.2829581993569132,0.7409923664122137,8.15
0b39f981f63f,Colonia,Jutro moje nema boje,tranzicija,pop,0.6533333333333333,0.8123076923076924,8.42
8d8675beebf6,Colonia,Kao pahulja,tranzicija,pop,0.7159090909090909,0.8758974358974358,7.18
43a8cb4208ac,Colonia,"Kiša, vjetar, oluja",tranzicija,pop,0.6404494382022472,0.8629999999999999,9.79
1d236412ab9e,Colonia,Korak do sna,tranzicija,pop,0.5658914728682171,0.7075,6.73
7589a7b630e2,Colonia,Lady blue,tranzicija,pop,0.8255813953488372,0.82,6.95
065c3c960975,Colonia,Ljeto 80 i neke,tranzicija,pop,0.3793103448275862,0.7666233766233767,6.12
bcef844c5eae,Colonia,Ljubav mi treba,tranzicija,pop,0.7540983606557377,0.7733333333333333,6.5
a6f5c8ae7e8d,Colonia,Ljubav ne stanuje tu,tranzicija,pop,0.725,0.6761290322580645,8.18
4841f3f32590,Colonia,Ljubavnici (duet Sinovi ravnice),tranzicija,pop,0.5822784810126582,0.8655045871559633,8.07
089763da3900,Colonia,Luda za tobom,tranzicija,pop,0.44692737430167595,0.7955384615384615,7.39
0cabf55a827c,Colonia,Mačka,tranzicija,pop,0.6,0.8221739130434783,5.59
a09be293bba7,Colonia,Mala garava,tranzicija,pop,0.4383561643835616,0.7435051546391753,9.15
a53d23cdd942,Colonia,Marioneta,tranzicija,pop,0.532608695652174,0.7753488372093024,10.19
5f923ab56f20,Colonia,Meni treba ljubavi,tranzicija,pop,0.7029702970297029,0.8723076923076923,7.99
8ded459ba22d,Colonia,Milijun milja od nigdje,tranzicija,pop,0.5333333333333333,0.8930232558139535,10.06
30a210654290,Colonia,Mirno more,tranzicija,pop,0.6260162601626016,0.8535135135135135,4.91
1b2ee118e710,Colonia,Mjesečari,tranzicija,pop,0.425531914893617,0.8347826086956521,9.04
c038cee54a83,Colonia,Na tvojoj strani postelje,tranzicija,pop,0.4965034965034965,0.8946808510638298,8.44
1fd1b9088895,Colonia,Najbolje od svega,tranzicija,pop,0.5905511811023622,0.8858974358974359,6.09
8eba086d6924,Colonia,Ne volim rujan i listopad,tranzicija,pop,0.7288135593220338,0.8692753623188405,8.7
5006b5db2335,Colonia,Nebo iznad nas,tranzicija,pop,0.5666666666666667,0.856338028169014,7.4
60a42239786c,Colonia,Nek’ vatre gore sve,tranzicija,pop,0.5789473684210527,0.8012121212121212,5.43
c44cfc4ba91a,Colonia,Nevjera,tranzicija,pop,0.5363636363636364,0.8360655737704918,7.93
e9c4e7241733,Colonia,"Ni traga, ni glasa",tranzicija,pop,0.6326530612244898,0.8297959183673469,6.91
31b0cccac7da,Colonia,Nikad više (with Jaqcues Houdek),tranzicija,pop,0.6912751677852349,0.8848,8.14
1de0827a93b3,Colonia,Nisam više tvoja,tranzicija,pop,0.48854961832061067,0.74,6.06
a921b2f47c13,Colonia,Nisi ti više crno vino,tranzicija,pop,0.7346938775510204,0.7346938775510204,7.03
a979d4bb3213,Colonia,Njeno ime ne zovi u snu,tranzicija,pop,0.474025974025974,0.8074285714285714,6.26
40b185693cbc,Colonia,No puedo mas sin ti,tranzicija,pop,0.8173913043478261,0.8781818181818182,7.28
ec663f3f8754,Colonia,Novi ratovi,tranzicija,pop,0.6588235294117647,0.7716666666666667,9.06
efd4d9600ec0,Colonia,Oči boje meda,tranzicija,pop,0.5060975609756098,0.7339130434782609,7.34
349be1438c20,Colonia,Oči u oči,tranzicija,pop,0.5555555555555556,0.7908474576271187,7.06
fb22a3fe2260,Colonia,Od tvojih osmijeha,tranzicija,pop,0.3836477987421384,0.7721818181818182,10.46
3343547f0ce7,Colonia,Oduzimaš mi dah,tranzicija,pop,0.6052631578947368,0.8240000000000001,9.0
f2fd16ca6d18,Colonia,Padaju domine,tranzicija,pop,0.6947368421052632,0.8804347826086957,6.35
716c94b7701d,Colonia,Pali kreni gas i fiju briju,tranzicija,pop,0.49640287769784175,0.8033333333333333,6.35
36003f1d95ce,Colonia,Plamen od ljubavi,tranzicija,pop,0.3905325443786982,0.7668333333333333,6.47
3cd8a843a393,Colonia,Pod sretnom zvijezdom,tranzicija,pop,0.6436781609195402,0.8589473684210527,7.94
bd2b96e9807c,Colonia,Pogledom me skini,tranzicija,pop,0.5581395348837209,0.8772499999999999,8.21
ed156bac8086,Colonia,Primadona,tranzicija,pop,0.660377358490566,0.8803508771929824,9.08
88d3767a8ce6,Colonia,Prvi i zadnji,tranzicija,pop,0.5683453237410072,0.8428888888888889,9.18
b6d89057de24,Colonia,Prvi poljubac,tranzicija,pop,0.5075757575757576,0.7853012048192772,8.1
3f97fa8f1941,Colonia,Red light zone,tranzicija,pop,0.25,0.25,1.15
fe9e7d291a73,Colonia,Rendevous,tranzicija,pop,0.7345132743362832,0.88625,8.23
fa9139ee3520,Colonia,Ruke u zrak,tranzicija,pop,0.6109215017064846,0.8222131147540984,7.23
4816a6d44ee9,Colonia,"Sad te ima, sad te nema",tranzicija,pop,0.5,0.8341333333333334,5.08
12bf0bb90a6a,Colonia,Samo tvoja,tranzicija,pop,0.6973684210526315,0.7562962962962964,9.49
980a57852675,Colonia,Sexy Body,tranzicija,pop,0.7411764705882353,0.8305555555555555,4.67
69912d5d9e04,Colonia,Sjene,tranzicija,pop,0.8372093023255814,0.92325,8.88
15bf28a4d68e,Colonia,Slijepi putnik,tranzicija,pop,0.574468085106383,0.7742222222222223,7.04
49b43f09c21f,Colonia,Što mi je ovo trebalo,tranzicija,pop,0.5741935483870968,0.8732075471698113,6.11
5e47e6e8a627,Colonia,Suvenir,tranzicija,pop,0.6190476190476191,0.7935714285714285,5.94
808628fd4e11,Colonia,Suze sa zvijezde,tranzicija,pop,0.3793103448275862,0.7429166666666666,7.26
219cffac7356,Colonia,Svašta mi pada na pamet,tranzicija,pop,0.603448275862069,0.9056716417910448,6.81
2e4cec5e291b,Colonia,Sve oko mene je grijeh,tranzicija,pop,0.30952380952380953,0.6057142857142858,6.39
dd11c5c7c552,Colonia,Svijet voli pobjednike,tranzicija,pop,0.6699029126213593,0.8759259259259259,8.07
536c54af1ca5,Colonia,Svjetla grada,tranzicija,pop,0.5882352941176471,0.7991304347826087,6.74
3ae1f5c4fb8d,Colonia,Tako kratko te znam,tranzicija,pop,0.6160714285714286,0.8946031746031746,7.35
a58c24d42fce,Colonia,Tako sexy,tranzicija,pop,0.5594405594405595,0.8657446808510638,7.09
9d71f4fd483b,Colonia,Tako ti je mali moj,tranzicija,pop,0.5423728813559322,0.8107246376811594,7.44
4a5950915d10,Colonia,Takvi kao ti,tranzicija,pop,0.6396396396396397,0.8274193548387098,7.33
fa173417589b,Colonia,Ti da bu di bu da,tranzicija,pop,0.4375,0.7234645669291339,5.17
9de0c40b7c2b,Colonia,Ti si moja najveća greška,tranzicija,pop,0.5897435897435898,0.7944117647058824,6.89
2b7526f9141f,Colonia,U ritmu ljubavi,tranzicija,pop,0.8421052631578947,0.8647826086956522,8.25
98cd50901d28,Colonia,U treptaj oka,tranzicija,pop,0.5818181818181818,0.7449180327868852,9.26
c1e83d205d1e,Colonia,Varalico,tranzicija,pop,0.7758620689655172,0.8731343283582089,7.25
c72e50e35ab5,Colonia,Vatra i led,tranzicija,pop,0.6782608695652174,0.8560606060606061,7.89
599d6ec3902c,Colonia,Za tvoje snene oči,tranzicija,pop,0.31905781584582443,0.8593779904306219,9.76
3f8080127ff4,Colonia,Zadnji let za Pariz,tranzicija,pop,0.5681818181818182,0.8409638554216867,8.94
44967a93c4d4,Colonia,Zavoli me u prolazu,tranzicija,pop,0.5648148148148148,0.735593220338983,7.29
3cbcd97cb3e4,Colonia,Zima je,tranzicija,pop,0.5344827586206896,0.7617910447761194,8.17
eef274b5b9a1,Colonia,Zrno istine,tranzicija,pop,0.3617021276595745,0.6767391304347826,7.83
8afec1a77600,Rasta,"5 minuta (feat. DaVid, Tatula, KC Blaze & DJ Sinke)",savremeno,hip_hop_rep,0.5259259259259259,0.6816279069767441,5.16
6e1bcc04dd62,Rasta,Alkohol (feat. KC Blaze),savremeno,hip_hop_rep,0.5723270440251572,0.6769090909090909,6.15
4235a67c441b,Rasta,Balkan (feat. Dado Polumenta & Žuti),savremeno,hip_hop_rep,0.8705035971223022,0.8777777777777778,10.94
d237845a2360,Rasta,Bezobrazna,savremeno,hip_hop_rep,0.2440318302387268,0.6565243902439024,7.47
ae58cbe73156,Rasta,Bili smo klinci (ft. Vice),savremeno,hip_hop_rep,0.5303867403314917,0.8575718849840256,8.46
0907dd01039b,Rasta,Drugo ime kajanje,savremeno,hip_hop_rep,0.40327868852459015,0.850703125,5.55
2ff4fc11be6f,Rasta,Duga devetka,savremeno,hip_hop_rep,0.36977491961414793,0.799618320610687,6.21
9de330946b95,Rasta,Gorim,savremeno,hip_hop_rep,0.63125,0.8196396396396397,5.54
236f854c03c6,Rasta,Kao da sanjam,savremeno,hip_hop_rep,0.3453815261044177,0.6993,5.73
a620df8818a0,Rasta,Kasno je,savremeno,hip_hop_rep,0.6554621848739496,0.7105714285714286,4.07
51b51fe1ebfc,Rasta,Kavali,savremeno,hip_hop_rep,0.5911949685534591,0.732909090909091,5.9
bf0ec2c6dce8,Rasta,Kavasaki,savremeno,hip_hop_rep,0.6357388316151202,0.8215702479338842,5.92
0da69d75cddf,Rasta,Lako zapaljiva (feat. LMR),savremeno,hip_hop_rep,0.4772727272727273,0.7754466858789625,6.38
d1c0eb417098,Rasta,Legalizuj,savremeno,hip_hop_rep,0.6666666666666666,0.8654377880184332,7.44
e5b5b04e35a0,Rasta,Sex manijak (ft. Jura & Zli Toni),savremeno,hip_hop_rep,0.6881720430107527,0.7782481751824818,7.53
dbe957899dc5,Gru,5ak,savremeno,hip_hop_rep,0.6856368563685636,0.8681875,7.57
3c7b1f520062,Gru,Adrenalin džanki,savremeno,hip_hop_rep,0.5234567901234568,0.7965168539325843,7.06
371136879040,Gru,Baš kao ti,savremeno,hip_hop_rep,0.6238938053097345,0.8630272952853598,8.19
41daf1327895,Gru,Biću tu,savremeno,hip_hop_rep,0.6272189349112426,0.84,6.75
ee0c994f0ae9,Gru,Dosta mi je svega,savremeno,hip_hop_rep,0.616,0.817361963190184,7.0
27ce71c350c8,Gru,I dalje me žele (ft. Ajs Nigrutin),savremeno,hip_hop_rep,0.5527950310559007,0.8006451612903226,7.11
8fd7f6fe1be6,Gru,Kiša (feat. Tijana Dapčević),savremeno,hip_hop_rep,0.5970149253731343,0.8773716632443531,8.33
0a0ddb746168,Gru,Komercijala,savremeno,hip_hop_rep,0.6706827309236948,0.8847661469933185,7.96
4382aa406ac2,Gru,Leto,savremeno,hip_hop_rep,0.6224489795918368,0.8517551020408164,8.32
f2f1733db4c6,Gru,Ljuba nudi ljubav,savremeno,hip_hop_rep,0.6377245508982036,0.8550175438596491,6.85
53d72ee1806b,Gru,Pizza vegetariana,savremeno,hip_hop_rep,0.6354430379746835,0.8812138728323698,8.73
75bba0d4bc58,Gru,Pravi broj (feat. Irina 2Hot),savremeno,hip_hop_rep,0.6473684210526316,0.8427190332326284,8.71
59490a10ff96,Gru,Pravo u raj,savremeno,hip_hop_rep,0.6524822695035462,0.8497326203208556,7.06
adeacc5f482b,Gru,Samo seks Srbina spasava,savremeno,hip_hop_rep,0.662125340599455,0.870125786163522,7.01
795deffd6473,Gru,Srce,savremeno,hip_hop_rep,0.6273458445040214,0.8427777777777777,7.72
ccc1e2df71f2,Gru,"Stara škola, nova škola",savremeno,hip_hop_rep,0.6465256797583081,0.8826101141924959,7.75
a6cbfc8e46a6,Gru,Tamo gde si ti,savremeno,hip_hop_rep,0.5857142857142857,0.8073754152823921,5.55
69c019b9d3a0,Gru,Ti to zoveš ljubav (ft. MVP),savremeno,hip_hop_rep,0.6153846153846154,0.8500609756097561,7.54
1e9ec0a1315d,Gru,Vegeta,savremeno,hip_hop_rep,0.7563451776649747,0.8751351351351352,12.61
038cff7da565,Gru,Vetrenjače,savremeno,hip_hop_rep,0.6276595744680851,0.8678058252427184,9.52
e42b7193a784,Gru,Zašto sam tu,savremeno,hip_hop_rep,0.6775147928994083,0.8813840830449827,7.07
3a47a1cc1a5a,Škabo,Muzika za demonstracije,savremeno,hip_hop_rep,0.7991071428571429,0.8749714285714286,9.06
b8badfe22130,Relja Popović,Beograd jos živi,savremeno,trep,0.7959183673469388,0.9040816326530612,5.87
235e4cd3b53f,Relja Popović,Samo jako (feat Coby & Stoja),savremeno,trep,0.27571115973741794,0.6956372549019608,8.39
384fe35189a7,Senidah,#77,savremeno,trep,0.3905325443786982,0.7281666666666666,9.32
be5bb030823c,Senidah,"Alo, alo",savremeno,trep,0.5827814569536424,0.8658823529411764,7.33
642c24637f95,Senidah,Behute,savremeno,trep,0.3135593220338983,0.7213903743315508,6.16
4014b3c45007,Senidah,Delija,savremeno,trep,0.5447154471544715,0.7902702702702702,11.7
98fc8acba5ab,Senidah,Greh (feat. Cazzafura),savremeno,trep,0.3116438356164384,0.67440329218107,4.29
1b8b3260ec07,Senidah,Idi gade,savremeno,trep,0.3869047619047619,0.6342857142857143,7.8
1c388b4f7c35,Severina,Adam i Seva,savremeno,pop,0.5407407407407407,0.7937209302325582,6.39
8624ad3daf45,Severina,"Adio, ljube",savremeno,pop,0.5913978494623656,0.7754545454545454,9.41
f841e620f273,Severina,"Aj, aj, aj, aj",savremeno,pop,0.5789473684210527,0.6635714285714286,5.56
114c173d3a8f,Severina,"Ajde, ajde zlato moje",savremeno,pop,0.6039603960396039,0.6411538461538462,6.26
eadd4edc62b5,Severina,"Ako odeš, ljubavi",savremeno,pop,0.5092592592592593,0.8589830508474576,8.89
e3f7908391fc,Severina,Alcatraz,savremeno,pop,0.7022900763358778,0.9043902439024389,8.62
7f3160809130,Severina,Ante,savremeno,pop,0.7415730337078652,0.8664999999999999,5.69
c4596fffeb23,Severina,"Baby, baby",savremeno,pop,0.6274509803921569,0.8135849056603773,6.88
426d223f8b63,Severina,Bambola,savremeno,pop,0.4380165289256198,0.7338888888888889,9.81
1f13b4cd3f54,Severina,Bojate bane buski,savremeno,pop,0.5784313725490197,0.7132075471698113,8.52
25f48d0c05c6,Severina,Bolna ti bolujem,savremeno,pop,0.868421052631579,0.868421052631579,7.01
e80c11b4d9a2,Severina,Bože moj,savremeno,pop,0.6435643564356436,0.7815384615384615,7.95
b7f9df97b468,Severina,Brad Pitt,savremeno,pop,0.6358024691358025,0.8750442477876106,3.69
d7a12fe1c49b,Severina,Brazil,savremeno,pop,0.8279569892473119,0.859090909090909,7.76
eccfee03e0fa,Severina,Broš,savremeno,pop,0.7565217391304347,0.8696969696969696,7.09
04641b2100e1,Severina,Budi happy,savremeno,pop,0.6272727272727273,0.7750819672131147,5.86
479dbe260f4d,Severina,Budim se s imenom tvojim,savremeno,pop,0.8852459016393442,0.9116666666666666,7.09
0ebe31a678fb,Severina,Čovjek kojeg volim,savremeno,pop,0.8064516129032258,0.8246153846153845,6.03
c89be145e641,Severina,Cvate šafran bijeli,savremeno,pop,0.6,0.7460869565217392,8.62
d92cea9ad499,Severina,Da nisi možda gej?,savremeno,pop,0.5255474452554745,0.8138636363636365,5.56
c6f2af31d27a,Severina,Da si moj,savremeno,pop,0.7088607594936709,0.6546666666666667,6.35
53ebefc7e7ba,Severina,Daj da biram,savremeno,pop,0.6440677966101694,0.678,3.25
08bc4c3b99df,Severina,Daj mi daj,savremeno,pop,0.3624161073825503,0.7445999999999999,7.21
bac292793251,Severina,Dala bih sve,savremeno,pop,0.3659574468085106,0.7038709677419355,5.98
c7b970e7a7e2,Severina,Dalmatinka,savremeno,pop,0.6923076923076923,0.7744827586206897,6.77
8e3a8007bd9f,Severina,"Danju, noću",savremeno,pop,0.7283950617283951,0.95,6.47
3b3f593c53ee,Severina,Djevojka sa sela,savremeno,pop,0.697986577181208,0.8686,7.55
818881c4731f,Severina,Dodirni mi koljena,savremeno,pop,0.7627118644067796,0.8811594202898552,9.77
c50e803d4371,Severina,Esmeralda,savremeno,pop,0.782608695652174,0.8548837209302325,7.82
4b9c243e913a,Severina,Gade,savremeno,pop,0.7978723404255319,0.839111111111111,8.32
3026e290e191,Severina,Gardelin,savremeno,pop,0.7727272727272727,0.8287179487179487,6.09
1ac8e55261f8,Severina,"Gas, gas",savremeno,pop,0.5170068027210885,0.7783673469387755,9.18
4d0b4ed42771,Severina,Generale,savremeno,pop,0.3138075313807531,0.7512631578947369,7.02
429fb13ac613,Severina,Grad bez ljudi,savremeno,pop,0.7142857142857143,0.8721428571428572,7.51
ecb4d20cdf8a,Severina,Haljinica boje lila,savremeno,pop,0.6290322580645161,0.7015384615384614,8.3
18b72a436049,Severina,Hrvatica,savremeno,pop,0.7027027027027027,0.7519354838709676,9.68
b02531e0f1c1,Severina,Hurem,savremeno,pop,0.6234567901234568,0.8861946902654867,7.2
2c15f87f7b90,Severina,Idemo se ljubiti,savremeno,pop,0.44776119402985076,0.864235294117647,6.91
65697746ba56,Severina,Idi,savremeno,pop,0.8360655737704918,0.86,5.93
11f6c76e9f41,Severina,Imam novog dečka,savremeno,pop,0.6796875,0.9364556962025317,5.68
e397535e77c5,Severina,Ispovid,savremeno,pop,0.4349775784753363,0.8316091954022988,7.38
d4dab5b3ce15,Severina,Italiana (feat. FM Band),savremeno,pop,0.6229508196721312,0.8947761194029851,10.86
c2703f909759,Severina,Iz glave,savremeno,pop,0.41832669322709165,0.8400000000000001,6.1
bcd6075c871b,Severina,Iznad Tešnja zora sviće,savremeno,pop,0.5846153846153846,0.64125,7.64
737db4dab9dd,Severina,Ja samo pjevam,savremeno,pop,0.6629213483146067,0.8480000000000001,5.8
00b5d21e757e,Severina,Kad si sam (with Gibonni),savremeno,pop,0.6883116883116883,0.7364285714285714,6.21
e3de86e00ebb,Severina,Kaži da l’ je ljubav,savremeno,pop,0.5491329479768786,0.7511290322580645,6.34
f99c9ed99e87,Severina,Ko je kriv (with Boris Novković),savremeno,pop,0.5941176470588235,0.7429752066115703,4.95
66fe2f2a1c79,Severina,Kreni (with Amir Kazić Leo),savremeno,pop,0.34,0.737029702970297,5.01
8ddf4e3af232,Severina,Krivi spoj,savremeno,pop,0.45263157894736844,0.6891304347826087,4.97
a82cbbf5d2d5,Severina,Ljubi me noćas,savremeno,pop,0.39568345323741005,0.7122222222222222,7.81
473e264c1671,Severina,Ljubimo se,savremeno,pop,0.5625,0.7463492063492064,7.09
ba59f7e56be4,Severina,Ljute cigare,savremeno,pop,0.5241935483870968,0.6624,5.04
1f90e7ebe4d3,Severina,Lude godine,savremeno,pop,0.6869565217391305,0.7521212121212121,5.99
1202ade7f2f2,Severina,Ludo moja,savremeno,pop,0.512987012987013,0.856,8.06
c6b07b3b6dc6,Severina,Ma daj,savremeno,pop,0.5185185185185185,0.694375,5.69
f73cef102569,Severina,Mala je dala,savremeno,pop,0.6943231441048034,0.8785555555555555,7.28
ad142bd136dc,Severina,Marjane moj,savremeno,pop,0.4842105263157895,0.7139130434782608,5.26
578bb094b2d8,Severina,Meni fali on,savremeno,pop,0.4972677595628415,0.7937313432835821,6.25
6af78ef7c0ef,Severina,Mili moj,savremeno,pop,0.6631016042780749,0.8226086956521739,6.65
4f888bc9024a,Severina,Milost,savremeno,pop,0.7636363636363637,0.8266666666666667,6.23
c4a0e683e84b,Severina,Moj sokole,savremeno,pop,0.3224043715846995,0.6476119402985074,7.13
2cb5eced79e6,Severina,Moja štikla,savremeno,pop,0.4690721649484536,0.7706206896551724,6.25
fa0a64acddca,Severina,Moja stvar,savremeno,pop,0.7045454545454546,0.8461538461538461,6.28
0ee011735646,Severina,Moji jadi,savremeno,pop,0.8611111111111112,0.8843478260869565,7.31
ad73a119b0b8,Severina,More na leđa,savremeno,pop,0.7375,0.8581981981981982,6.52
3101fd8e68e6,Severina,More tuge (duet Saša Matić),savremeno,pop,0.49714285714285716,0.7807936507936507,6.86
01851534fc1d,Severina,Mornarica mlada,savremeno,pop,0.8032786885245902,0.83,8.83
473d769c37af,Severina,Mr Taliman,savremeno,pop,0.2755102040816326,0.4791836734693877,4.47
4dbcbf9c49a2,Severina,Muškarcu samo treba kurva,savremeno,pop,0.7747747747747747,0.7935483870967742,7.59
94ddad7f9d6c,Severina,Na punti Marjana,savremeno,pop,0.5126050420168067,0.7605714285714286,6.78
e969098d88ad,Severina,Ne bi ti oprostila,savremeno,pop,0.7903225806451613,0.8692307692307693,7.93
dcdedd9bf786,Severina,Ne spavaj mala moja,savremeno,pop,0.5727272727272728,0.8177049180327869,6.08
9d740a30a331,Severina,Nedostaješ mi,savremeno,pop,0.7926829268292683,0.8521212121212122,6.56
d5365183aafd,Severina,Nit s tobom nit’ bez tebe,savremeno,pop,0.8253968253968254,0.8642857142857142,6.53
3ac27ea17085,Severina,"Noću, danju",savremeno,pop,0.7283950617283951,0.95,6.47
d6faca6dfd21,Severina,Od rođendana do rođendana,savremeno,pop,0.6881720430107527,0.8672727272727273,10.6
d42b78bbb6e7,Severina,Odavde do vječnosti,savremeno,pop,0.9264705882352942,0.9452631578947369,7.87
cd5e220d93a3,Severina,Odlazim,savremeno,pop,0.65,0.8658064516129033,8.04
46c2682a0bd2,Severina,Otrove (feat. Jala Brat),savremeno,pop,0.45,0.857491961414791,7.95
6224c2abad1e,Severina,Paloma nera,savremeno,pop,0.5230769230769231,0.8555555555555555,10.06
bbf358c290b7,Severina,Parfem,savremeno,pop,0.8,0.8535483870967743,8.1
05015a91e339,Severina,Pogled ispod obrva,savremeno,pop,0.6794871794871795,0.854392523364486,7.91
41c7ccf7fc0a,Severina,Pomalo,savremeno,pop,0.6153846153846154,0.7926470588235294,6.77
b9866e5fcf7f,Severina,Poželi me,savremeno,pop,0.7681159420289855,0.837,7.69
bfc20a84c507,Severina,Prijateljice,savremeno,pop,0.8068181818181818,0.8364102564102563,10.29
f14c06a67558,Severina,Prijevara,savremeno,pop,0.8367346938775511,0.9,8.32
4ed32271ac49,Severina,Priznajem,savremeno,pop,0.6464646464646465,0.8236,5.63
e2d3b083142e,Severina,Pruži mi ruke,savremeno,pop,0.39473684210526316,0.7656310679611651,9.22
07076fe4fd1d,Severina,Pucajte u tamburaše,savremeno,pop,0.7605633802816901,0.8136363636363636,6.46
98b300238430,Severina,Rastajem se od života (with Željko Bebek),savremeno,pop,0.6190476190476191,0.8244897959183674,8.53
61301042be2d,Severina,Rođena da budem prva (with Lana),savremeno,pop,0.6456692913385826,0.7925641025641026,5.55
b53a183c7d06,Severina,Sama na sceni,savremeno,pop,0.61,0.7619607843137255,5.93
b004b98b6acf,Severina,Savršena žena,savremeno,pop,0.7610619469026548,0.8290625,6.27
56daea9ad433,Severina,"Sija sunce, trava miriše",savremeno,pop,0.7468354430379747,0.8626666666666666,8.93
3b830803bced,Severina,Sklopi oči muzika dok svira,savremeno,pop,0.41739130434782606,0.743939393939394,9.23
a75b6db80771,Severina,Slike sve mu ljubim,savremeno,pop,0.6666666666666666,0.8861971830985915,6.81
b494ddcf327e,Severina,Slobodna,savremeno,pop,0.723404255319149,0.836888888888889,7.09
d82ced09952b,Severina,Spreman za to,savremeno,pop,0.5064102564102564,0.7153271028037383,5.15
4aaf11c8cddb,Severina,Srce dječije,savremeno,pop,0.6842105263157895,0.6675,6.34
8f47b5e74383,Severina,Srce je moje veliko k’o kuća,savremeno,pop,0.6440677966101694,0.8776811594202899,5.79
d7596936e4c4,Severina,Šta me sada pitaš šta mi je,savremeno,pop,0.5256410256410257,0.8237837837837838,7.43
ae9af4b83e0e,Severina,Šta to ona ima što ja nemam,savremeno,pop,0.7432432432432432,0.78,5.76
a1c929a7022c,Severina,Sutra odlaziš,savremeno,pop,0.59375,0.76,5.88
afbfb0888fa2,Severina,Sve do zore,savremeno,pop,0.5494505494505495,0.8499999999999999,7.94
7e5c282ad831,Severina,"Sve što imam, to si ti",savremeno,pop,0.5102040816326531,0.7946938775510204,5.92
f941c4e83de1,Severina,Svirajte mi rokeri,savremeno,pop,0.4782608695652174,0.8353488372093024,7.5
99823ed9988c,Severina,Tako je to,savremeno,pop,0.5982142857142857,0.8457142857142858,5.21
bc7d6fdbb56d,Severina,Tarapana,savremeno,pop,0.6022727272727273,0.8563779527559056,6.38
534cae3679a3,Severina,"Tata, tata, čuješ muziku",savremeno,pop,0.5742574257425742,0.7684615384615385,7.55
b17078fd7f4d,Severina,Ti bi u skuribandu,savremeno,pop,0.5445544554455446,0.7069230769230769,6.49
2b8c95bdd958,Severina,Ti si moj,savremeno,pop,0.5794392523364486,0.7824137931034483,6.07
38f3444dc20d,Severina,Ti si srce moje,savremeno,pop,0.5106382978723404,0.7204347826086956,6.54
4476c640ae8b,Severina,Ti si suza na mome jastuku,savremeno,pop,0.4214876033057851,0.6958333333333333,7.15
02c62cc7cacb,Severina,Trava zelena,savremeno,pop,0.4049586776859504,0.6772222222222222,10.38
f703047375ce,Severina,Tridesete,savremeno,pop,0.75,0.8481355932203389,7.4
2865927d7cb7,Severina,Tuge od sna,savremeno,pop,0.6373626373626373,0.7676190476190476,6.08
dde8543d524a,Severina,Tužna pjesma,savremeno,pop,0.7894736842105263,0.8175,7.11
a815ed8ed5a1,Severina,Tvoja prva djevojka,savremeno,pop,0.3709677419354839,0.7872,7.83
cbdaa29f2d20,Severina,Uno momento (feat. Ministarke),savremeno,pop,0.7818181818181819,0.8963934426229508,7.48
d6aa1c162c2c,Severina,Uzbuna,savremeno,pop,0.5448717948717948,0.8502803738317758,4.24
2b5b9bad7b22,Severina,Vatra i led,savremeno,pop,0.42934782608695654,0.7220740740740741,6.99
d4067f50f397,Severina,Virujen u te,savremeno,pop,0.5963302752293578,0.8093333333333333,5.48
8707a06e13b2,Severina,Vodi me na ples,savremeno,pop,0.47619047619047616,0.5634285714285714,4.91
c33052463417,Severina,"Voli me, ne voli",savremeno,pop,0.7291666666666666,0.7604255319148937,6.07
32385a08fbb9,Severina,Vrati se pod hitno,savremeno,pop,0.7045454545454546,0.805128205128205,4.53
0a5f359ac440,Severina,Zakuni se ljubavi,savremeno,pop,0.5257731958762887,0.79,8.1
533d5d019bb6,Severina,Zamisli,savremeno,pop,0.8709677419354839,0.893846153846154,8.92
553ef6cd21d4,Severina,Zaustavite tramvaj,savremeno,pop,0.8536585365853658,0.9006060606060605,7.45
8cc947bcc7f3,Severina,Zdravo Marijo,savremeno,pop,0.5625,0.748,7.82
7094f0a0d28d,Severina,"Zime, ljeta, jeseni",savremeno,pop,0.8292682926829268,0.8824242424242424,7.44
d4992a23d135,Jelena Rozga,Aha,savremeno,pop,0.5816326530612245,0.7277551020408164,4.36
1c90b7d14ddc,Jelena Rozga,Bižuterija,savremeno,pop,0.3932038834951456,0.7834394904458599,7.54
2d5612b857fc,Jelena Rozga,Cirkus,savremeno,pop,0.3848797250859107,0.8790082644628099,8.23
016e0f6ed6a4,Jelena Rozga,Daj šta daš (with Slavonia band),savremeno,pop,0.7951807228915663,0.8570588235294118,5.36
f44376d8da4b,Jelena Rozga,Dalmatinka (featuring Connect),savremeno,pop,0.5386819484240688,0.8533999999999999,9.55
ea32e3e32754,Jelena Rozga,Djevica,savremeno,pop,0.6216216216216216,0.8093548387096774,6.67
47622b92cae4,Jelena Rozga,Dobitna kombinacija,savremeno,pop,0.5371900826446281,0.7383333333333333,5.78
a7a7f90bb838,Jelena Rozga,Gospe moja,savremeno,pop,0.39378238341968913,0.8252777777777778,5.89
b195d8df3f02,Jelena Rozga,Grizem,savremeno,pop,0.3865979381443299,0.8097931034482758,8.3
945e07d9f84a,Jelena Rozga,Ima nade (with Željko Samardžić),savremeno,pop,0.45294117647058824,0.8330578512396694,6.91
848e03201226,Jelena Rozga,Ja znam dobro što mi je,savremeno,pop,0.6741573033707865,0.736,5.96
7c20a2c1940d,Jelena Rozga,Jubit ću te kako Bog zapovida (ft. Klapa Iskon),savremeno,pop,0.7708333333333334,0.851063829787234,6.44
eb62c8abd78d,Jelena Rozga,Kad u vojsku pođeš,savremeno,pop,0.6453900709219859,0.908695652173913,7.45
586203175143,Jelena Rozga,Karantena,savremeno,pop,0.8333333333333334,0.9531428571428572,9.52
fd055af2f0ff,Jelena Rozga,Kraljica,savremeno,pop,0.8598130841121495,0.8982758620689656,8.44
b7c49e64aa09,Jelena Rozga,Lijepa samo za tebe,savremeno,pop,0.504950495049505,0.7353846153846154,5.85
f45067022f6e,Jelena Rozga,Moderna žena,savremeno,pop,0.7019867549668874,0.852156862745098,7.12
3157f0664cc5,Jelena Rozga,Nasljednik,savremeno,pop,0.6813186813186813,0.7628571428571428,6.9
9bead5ccd55f,Jelena Rozga,"Ne pijem, ne pušim",savremeno,pop,0.6690647482014388,0.8262222222222222,6.79
cad3dbdee7e4,Jelena Rozga,Ne zovi me Marija,savremeno,pop,0.4954128440366973,0.8156666666666667,3.34
6e6d929819e9,Jelena Rozga,Nemam,savremeno,pop,0.6774193548387096,0.7323076923076923,8.67
87715771d08f,Jelena Rozga,Nevjeran do groba,savremeno,pop,0.7172413793103448,0.8722916666666666,6.86
dbb6d78b3238,Jelena Rozga,Nevjeran do groba (duet Miligram 2009),savremeno,pop,0.5837837837837838,0.8439705882352941,6.1
6b1fd0d6a4d7,Jelena Rozga,Nirvana,savremeno,pop,0.496,0.8021052631578948,8.19
81cd49630803,Jelena Rozga,Obožavam,savremeno,pop,0.6627906976744186,0.7767567567567568,7.08
52940660828b,Jelena Rozga,Odo’ ja,savremeno,pop,0.3416666666666667,0.8538219895287957,5.83
221bc3391da2,Jelena Rozga,Okus mentola,savremeno,pop,0.4921875,0.7886075949367088,7.49
51dab3ed2266,Jelena Rozga,Ona ili ja,savremeno,pop,0.536,0.7442105263157895,5.79
316dfe19e533,Jelena Rozga,Oprosti mala,savremeno,pop,0.7294117647058823,0.7955555555555556,6.89
fc84ed78db1f,Jelena Rozga,Opusti se,savremeno,pop,0.7413793103448276,0.8480597014925373,6.2
ec594bdd9eff,Jelena Rozga,Ostavit ću svitlo (duet klapa Iskon),savremeno,pop,0.32751091703056767,0.6856666666666666,5.62
b7d4ce68cfc1,Jelena Rozga,Otrov,savremeno,pop,0.708029197080292,0.8438636363636364,4.72
6902f8076d73,Jelena Rozga,Ožiljak,savremeno,pop,0.6822429906542056,0.75,6.19
e26c45f03359,Jelena Rozga,Pismo-glava,savremeno,pop,0.5906040268456376,0.778,5.5
27f80c774d4e,Jelena Rozga,Prsti zapleteni (duet Klapa Rišpet),savremeno,pop,0.47107438016528924,0.7391666666666666,4.32
0069f665d6b4,Jelena Rozga,Razmažena,savremeno,pop,0.35267857142857145,0.8291428571428571,8.32
7273d841f699,Jelena Rozga,Roba s greškom,savremeno,pop,0.706766917293233,0.8726190476190476,7.86
4f67acb29aa6,Jelena Rozga,Rodit ću ti ‘ćer i sina,savremeno,pop,0.8210526315789474,0.8908695652173914,5.85
da600f32d745,Jelena Rozga,Rođena sam,savremeno,pop,0.5729166666666666,0.6991489361702128,6.29
f14043b1f5ff,Jelena Rozga,Roza boja,savremeno,pop,0.5463917525773195,0.7458333333333332,5.98
21da45b8d178,Jelena Rozga,Sad il’ nikad,savremeno,pop,0.6612903225806451,0.8376,6.72
80cf4a723e52,Jelena Rozga,Solo igračica,savremeno,pop,0.8348623853211009,0.9083333333333333,7.22
8de416580967,Jelena Rozga,Suze od kristala,savremeno,pop,0.726027397260274,0.7816666666666667,6.23
2d696f5c71c3,Jelena Rozga,Sve mi tvoje oči govore,savremeno,pop,0.6138613861386139,0.6938461538461538,5.07
8b8dc7883f1e,Jelena Rozga,Sve se meni čini,savremeno,pop,0.6933333333333334,0.693076923076923,5.9
d375fdcdaa98,Jelena Rozga,"Svega ima, al’ bi još",savremeno,pop,0.8421052631578947,0.8548148148148148,5.52
a7cb53bf3cfe,Jelena Rozga,Svjetla neona,savremeno,pop,0.6434782608695652,0.8809090909090909,8.1
a2ceedf43934,Jelena Rozga,Tsunami,savremeno,pop,0.6982758620689655,0.797910447761194,5.89
829dcf649754,Jelena Rozga,Udajem se,savremeno,pop,0.5806451612903226,0.808,6.5
b8e652ba8dd0,Jelena Rozga,Vršnjaci moji (zlatokosa),savremeno,pop,0.875,0.9057142857142857,8.36
a531c1786dcb,Jelena Rozga,Zanemari,savremeno,pop,0.453125,0.819020979020979,6.86
18de403309d1,Jelena Rozga,Žileti,savremeno,pop,0.7818181818181819,0.88,7.92
1feaeb4920a1,Jelena Rozga,Život je čudo,savremeno,pop,0.6076923076923076,0.7716049382716049,8.8
bcd548288663,Nina Badrić,Ako odeš ti,savremeno,pop,0.7747747747747747,0.9070967741935484,6.59
e01d933c47f1,Nina Badrić,Ako pogledaš u mene,savremeno,pop,0.7218045112781954,0.7930952380952382,6.0
446243ca4707,Nina Badrić,Bolja od najbolje,savremeno,pop,0.6681818181818182,0.8276023391812866,5.63
3a95dfa1a4fe,Nina Badrić,Budi tu,savremeno,pop,0.6777777777777778,0.8926829268292683,4.13
4397c72e4d82,Nina Badrić,Čarobno jutro,savremeno,pop,0.55625,0.8542342342342342,6.67
19b2a3d92548,Nina Badrić,Da se opet tebi vratim,savremeno,pop,0.37623762376237624,0.8125490196078431,5.31
131effcd8ebc,Nina Badrić,Daleko od tebe,savremeno,pop,0.7333333333333333,0.8238461538461538,6.22
4e489a241e0c,Nina Badrić,Dat će nam Bog,savremeno,pop,0.6220472440944882,0.7833333333333333,6.0
d3672a01e76a,Nina Badrić,Ja sam vlak (with Emilija Kokić),savremeno,pop,0.8103448275862069,0.8450746268656716,7.53
48d223f025b2,Nina Badrić,Ja za ljubav neću moliti,savremeno,pop,0.8433734939759037,0.8505882352941176,7.89
7770c3932afb,Nina Badrić,Ne daj mi da odem,savremeno,pop,0.7317073170731707,0.7915151515151515,5.29
afa78325ce92,Nina Badrić,Nebo,savremeno,pop,0.34104046242774566,0.7587096774193548,6.45
016d74ae076e,Nina Badrić,Nek ti bude kao meni,savremeno,pop,0.5945945945945946,0.8167741935483871,6.52
21910a004a75,Nina Badrić,Ostani,savremeno,pop,0.8169014084507042,0.8754545454545455,6.82
275e9ebfeefe,Nina Badrić,Ostavljam ti sve,savremeno,pop,0.5703125,0.779746835443038,6.8
c3cc3c7cde99,Nina Badrić,Pomiluj jubav moju,savremeno,pop,0.8591549295774648,0.9136363636363637,5.59
bea3b7648c2b,Nina Badrić,Prospi riječi (duet Massimo),savremeno,pop,0.7843137254901961,0.78,5.03
fd4b79142c4d,Nina Badrić,Pusti me da živim,savremeno,pop,0.7129629629629629,0.8671186440677967,5.32
93046babc9bd,Nina Badrić,Takvi kao ti,savremeno,pop,0.532051282051282,0.9046728971962616,7.62
6276273ea3e4,Nina Badrić,Ti si mene (with Dino Merlin),savremeno,pop,0.45925925925925926,0.7479069767441862,7.41
673a8ea267bd,Nina Badrić,Trebam te,savremeno,pop,0.8,0.9095081967213114,6.42
c906c59e57bd,Ana Nikolić,Ako ikad ostarim,savremeno,pop,0.34065934065934067,0.7972932330827068,8.57
0c6c1cb47325,Ana Nikolić,Atina,savremeno,pop,0.7835051546391752,0.8745833333333333,6.69
2dfb3eb26b5f,Ana Nikolić,Baksuze,savremeno,pop,0.6170212765957447,0.7945652173913043,5.88
08ec88e04b94,Ana Nikolić,Bili smo najlepši,savremeno,pop,0.5827338129496403,0.7482222222222222,5.02
e1c6f6f2bc03,Ana Nikolić,Cunami,savremeno,pop,0.6699029126213593,0.8277777777777777,7.97
598b814d4a2c,Ana Nikolić,Da te vratim,savremeno,pop,0.6172839506172839,0.8015929203539823,5.27
906f62edacc1,Ana Nikolić,Devojka od čokolade,savremeno,pop,0.6058394160583942,0.8661363636363636,7.05
f0423913d26d,Ana Nikolić,Dum jedan konjak,savremeno,pop,0.5621301775147929,0.7988333333333333,6.17
a9181d0cb7c5,Ana Nikolić,Džukelo,savremeno,pop,0.6440677966101694,0.8278260869565217,6.0
2c14435bfcb1,Ana Nikolić,Ekstaza,savremeno,pop,0.6453900709219859,0.8591304347826088,6.55
7d137f279847,Ana Nikolić,Hali gali,savremeno,pop,0.44242424242424244,0.701551724137931,5.87
30b68b1e4c42,Ana Nikolić,Hoću da te gledam,savremeno,pop,0.7604166666666666,0.8902127659574467,5.8
6eeaa42337dc,Ana Nikolić,Ipak se okreće,savremeno,pop,0.7903225806451613,0.8543999999999999,6.8
18161135bc44,Ana Nikolić,Januar,savremeno,pop,0.7549019607843137,0.7675471698113208,8.38
38ff103e1438,Ana Nikolić,Klovn,savremeno,pop,0.5603448275862069,0.7722388059701493,4.58
1b065799cc9d,Ana Nikolić,Ko mi to poruke šalje,savremeno,pop,0.5882352941176471,0.8628571428571429,5.89
6d5bb910c284,Ana Nikolić,Labilna,savremeno,pop,0.3391304347826087,0.7297237569060774,4.69
36afd762c17d,Ana Nikolić,Ljubiti se znamo,savremeno,pop,0.47794117647058826,0.7335632183908046,7.68
ce4e76c26266,Ana Nikolić,Mafia caffe (featuring Ami G),savremeno,pop,0.39737991266375544,0.7748888888888888,6.52
88b0ae319487,Ana Nikolić,Milion dolara (feat. Nikolija),savremeno,pop,0.7784810126582279,0.8921100917431192,8.31
9e4fcf9012f6,Ana Nikolić,Mišo moj,savremeno,pop,0.4745762711864407,0.82359375,6.99
d1ba4253da2f,Ana Nikolić,Moj klub,savremeno,pop,0.6739130434782609,0.8097674418604651,5.36
b543ceee85a8,Ana Nikolić,Muvanje,savremeno,pop,0.6256684491978609,0.6765217391304348,6.85
c403f3f8aeee,Ana Nikolić,Nisam za triput,savremeno,pop,0.7156862745098039,0.849811320754717,4.78
843fc957aef0,Ana Nikolić,Od ljubavi do horora,savremeno,pop,0.6,0.8518309859154929,5.95
dfe0a7d9bb8a,Ana Nikolić,Plakaćete za mnom oboje,savremeno,pop,0.5275590551181102,0.7364102564102564,5.91
ac2b88cd30db,Ana Nikolić,Ptica skitnica,savremeno,pop,0.7532467532467533,0.8157142857142857,6.21
d31505e0b649,Ana Nikolić,"Romale, Romali",savremeno,pop,0.3523809523809524,0.7031055900621118,7.79
89de5f8fff7e,Ana Nikolić,Šizofrenija,savremeno,pop,0.65,0.8895774647887325,8.41
f80be01e0104,Ana Nikolić,Slučajnost (Rasta),savremeno,pop,0.36419753086419754,0.7978761061946902,5.32
4a8866b1d0b3,Ana Nikolić,"Solo ti, solo ja",savremeno,pop,0.6461538461538462,0.8350617283950618,7.91
ebc6e78a642c,Ana Nikolić,Srećan mi ne dolazi,savremeno,pop,0.6691729323308271,0.7728571428571429,5.34
27ca5a9d9c88,Ana Nikolić,Uvek ima jedan još,savremeno,pop,0.5523809523809524,0.7235714285714286,5.35
43699f255700,Ana Nikolić,Vatra (with Haris Džinović),savremeno,pop,0.7297297297297297,0.8529032258064516,5.83
db87d135d6ef,Ana Nikolić,Verna do kolena,savremeno,pop,0.431924882629108,0.7323170731707317,5.24
8be9e27f629d,Ana Nikolić,Zadnji voz,savremeno,pop,0.7,0.8587096774193549,8.55
4093362a6b12,Ana Nikolić,Želim da mogu,savremeno,pop,0.514018691588785,0.7901818181818182,8.11
11ed071d4c76,Aleksandra Prijović,Klizav pod,savremeno,narodna_narodnjacka,0.8461538461538461,0.9179411764705883,5.77
1e219bbf9e1f,Aleksandra Prijović,Poslednji kabare,savremeno,narodna_narodnjacka,0.4336283185840708,0.8691525423728814,8.04
29bebd9eab6f,Aleksandra Prijović,Totalna anestezija,savremeno,narodna_narodnjacka,0.7362637362637363,0.8690476190476191,4.43
d55255e47d06,Aleksandra Prijović,Za nas kasno je,savremeno,narodna_narodnjacka,0.7586206896551724,0.8021052631578948,5.59
382810bfbaf5,Milica Pavlović,Alter ego,savremeno,turbo_folk,0.3333333333333333,0.7961176470588236,4.97
26d110c112ca,Milica Pavlović,Boginja,savremeno,turbo_folk,0.44571428571428573,0.8706349206349207,5.0
ef4123e0e2ca,Milica Pavlović,Dominacija,savremeno,turbo_folk,0.3333333333333333,0.7597765363128491,6.98
684443cba3eb,Milica Pavlović,Dve po dve,savremeno,turbo_folk,0.4051724137931034,0.6634972677595629,5.43
bb4bdb14c882,Milica Pavlović,"Ljubi, ljubi",savremeno,turbo_folk,0.41568627450980394,0.8258252427184466,5.82
3e5356ae2ad4,Milica Pavlović,Mogla sam,savremeno,turbo_folk,0.288135593220339,0.6890243902439024,6.41
f0a937938598,Milica Pavlović,Operisan od ljubavi,savremeno,turbo_folk,0.36466165413533835,0.7824884792626727,6.37
659a530e226d,Milica Pavlović,Pakleni plan,savremeno,turbo_folk,0.4098360655737705,0.46179104477611943,3.92
cc71e081f619,Milica Pavlović,Tango,savremeno,turbo_folk,0.4024390243902439,0.8664347826086957,7.51
aa075afd2672,Dara Bubamara,Aj odlazi,savremeno,turbo_folk,0.8448275862068966,0.88,7.79
399597e8faed,Dara Bubamara,Ako poželiš,savremeno,turbo_folk,0.7894736842105263,0.8407407407407407,6.65
031d9c9c4e44,Dara Bubamara,Ako umrem ove noći,savremeno,turbo_folk,0.6818181818181818,0.859344262295082,4.54
24172280ce27,Dara Bubamara,Bez tebe,savremeno,turbo_folk,0.5229885057471264,0.80736,4.78
4954face338e,Dara Bubamara,Bilo je proleće,savremeno,turbo_folk,0.7346938775510204,0.8367346938775511,7.73
37f039a1b70b,Dara Bubamara,Bludni sine,savremeno,turbo_folk,0.4489795918367347,0.7624489795918368,7.07
a10b6b206d1b,Dara Bubamara,Bolje da ne znam ništa o tebi,savremeno,turbo_folk,0.863013698630137,0.9066666666666666,6.66
b078a244efbd,Dara Bubamara,Ciao amore,savremeno,turbo_folk,0.49635036496350365,0.8775,8.36
0b54eb1da072,Dara Bubamara,"Ćuti, ne govori",savremeno,turbo_folk,0.5284552845528455,0.7532432432432433,6.16
2f5d00ef71f3,Dara Bubamara,Da nije ovo srce u grudima,savremeno,turbo_folk,0.8333333333333334,0.8623529411764705,7.12
e1cbfa545754,Dara Bubamara,Devojka na 12 sati,savremeno,turbo_folk,0.4053030303030303,0.7457674418604652,5.46
89f85da37244,Dara Bubamara,Dobro jutro,savremeno,turbo_folk,0.5,0.8442105263157895,6.07
36de91322331,Dara Bubamara,Dodirni me,savremeno,turbo_folk,0.7391304347826086,0.8593939393939394,5.65
81c436cec53e,Dara Bubamara,Dosada,savremeno,turbo_folk,0.7340425531914894,0.8213333333333334,7.04
bfd270c22b63,Dara Bubamara,Dunav,savremeno,turbo_folk,0.5714285714285714,0.7666666666666667,8.23
d5e0a37c0564,Dara Bubamara,Dvojnica,savremeno,turbo_folk,0.8571428571428571,0.8985714285714286,6.53
4e7ab5432706,Dara Bubamara,"Folirantu, prevarantu",savremeno,turbo_folk,0.6923076923076923,0.8436363636363636,6.99
92cf32de4c4c,Dara Bubamara,Galama,savremeno,turbo_folk,0.6642335766423357,0.8343181818181818,5.73
f2a987004805,Dara Bubamara,Gar,savremeno,turbo_folk,0.75,0.8327272727272726,5.61
bc285312c2fc,Dara Bubamara,Golube,savremeno,turbo_folk,0.7111111111111111,0.817560975609756,4.78
31b063cbe368,Dara Bubamara,Iz dana u dan,savremeno,turbo_folk,0.37575757575757573,0.7368965517241379,6.17
77b59f4fbe94,Dara Bubamara,Izađi sam,savremeno,turbo_folk,0.6206896551724138,0.80272,5.65
37ec1b05f6e2,Dara Bubamara,Izdali smo našu ljubav,savremeno,turbo_folk,0.8068181818181818,0.8200000000000001,8.23
6571d30eda45,Dara Bubamara,Ja neću da ga vidim,savremeno,turbo_folk,0.5316455696202531,0.7373333333333334,3.65
e971e783098c,Dara Bubamara,"Jače, jače",savremeno,turbo_folk,0.6285714285714286,0.8053571428571429,6.05
0693d900d904,Dara Bubamara,Juče sam,savremeno,turbo_folk,0.7281553398058253,0.8440740740740741,6.34
7bb7ae15c0d2,Dara Bubamara,"Kad se vratiš, biću daleko",savremeno,turbo_folk,0.7901234567901234,0.790625,6.85
2a07dccfb897,Dara Bubamara,Kilometri tuge,savremeno,turbo_folk,0.8533333333333334,0.8838461538461538,10.47
61fca9293125,Dara Bubamara,Košava sa Dunava,savremeno,turbo_folk,0.782608695652174,0.782608695652174,10.02
a44541977438,Dara Bubamara,Kraj sezone,savremeno,turbo_folk,0.8571428571428571,0.92,10.85
0af65ce4c21c,Dara Bubamara,Kunem te (feat. Siniša show bend),savremeno,turbo_folk,0.9285714285714286,0.9476190476190476,9.53
edcf2e1f2410,Dara Bubamara,Lažne ljubavi (duet Šako Polumenta),savremeno,turbo_folk,0.7471264367816092,0.8510526315789475,6.2
054af794aac3,Dara Bubamara,Loša ljubav,savremeno,turbo_folk,0.3206751054852321,0.7209574468085106,5.69
8d6e4278690a,Dara Bubamara,Mala,savremeno,turbo_folk,0.8235294117647058,0.8578947368421053,5.68
a5e31801ba28,Dara Bubamara,"Mami, mami",savremeno,turbo_folk,0.6183206106870229,0.8424390243902439,6.72
b9546eeb2d5a,Dara Bubamara,Mesečina,savremeno,turbo_folk,0.8909090909090909,0.9033333333333333,6.58
fb464ebe2911,Dara Bubamara,Mili moj,savremeno,turbo_folk,0.31316725978647686,0.8399137931034482,5.42
542aa0cf676b,Dara Bubamara,Mogu ja bez tebe,savremeno,turbo_folk,0.6703296703296703,0.7390476190476191,5.66
d2005ffc5c70,Dara Bubamara,Mojih pet minute,savremeno,turbo_folk,0.6615384615384615,0.7790123456790123,6.49
a8e559e8408c,Dara Bubamara,Možeš da mi uzmeš sve,savremeno,turbo_folk,0.7945205479452054,0.8358333333333333,5.42
035144825c32,Dara Bubamara,Ne čujem,savremeno,turbo_folk,0.35978835978835977,0.7728571428571429,6.91
75c9018c3962,Dara Bubamara,Ne gledaj me tako,savremeno,turbo_folk,0.46078431372549017,0.6728301886792454,4.09
5290bce06dbb,Dara Bubamara,Ne planiram,savremeno,turbo_folk,0.6304347826086957,0.7097674418604651,7.94
6a889d6cc82d,Dara Bubamara,Ne verujem tvojim očima,savremeno,turbo_folk,0.7551020408163265,0.7551020408163265,9.12
af9f85eb1078,Dara Bubamara,Neka malo,savremeno,turbo_folk,0.5035460992907801,0.7189130434782609,7.08
78ac661566a4,Dara Bubamara,Neka pukne grom,savremeno,turbo_folk,0.5974025974025974,0.7064285714285715,7.74
c1a5e7721eed,Dara Bubamara,Nema šanse,savremeno,turbo_folk,0.7710843373493976,0.7658823529411765,6.66
fc8c7f7b8e18,Dara Bubamara,Nemam elana,savremeno,turbo_folk,0.5590551181102362,0.8605128205128205,6.03
fccfee17773e,Dara Bubamara,"Nemoj da brineš, mali",savremeno,turbo_folk,0.8705882352941177,0.9022222222222224,6.2
e62dde9b2230,Dara Bubamara,"Nikada više, ljubavi moja",savremeno,turbo_folk,0.8805970149253731,0.9211111111111112,7.55
eed63a51e276,Dara Bubamara,Nisam ja dete,savremeno,turbo_folk,0.6133333333333333,0.7146153846153845,4.07
164797b9bb4f,Dara Bubamara,Ništa od inata,savremeno,turbo_folk,0.6741573033707865,0.8714999999999999,6.61
ff74b2cf49b3,Dara Bubamara,Nisu to kiše,savremeno,turbo_folk,0.9166666666666666,0.9272727272727272,7.4
7ae37695969d,Dara Bubamara,"Niti me ljubiš, nit’ me drugom daješ",savremeno,turbo_folk,0.8028169014084507,0.8645454545454545,6.48
e482039cf26b,Dara Bubamara,"Njemu sreća, meni bol",savremeno,turbo_folk,0.9615384615384616,0.96,6.07
2ac67afe587a,Dara Bubamara,Noć za nas (duet Cvija),savremeno,turbo_folk,0.5285171102661597,0.7815887850467289,5.71
996dc074d523,Dara Bubamara,"Novi Sad, Beograd",savremeno,turbo_folk,0.8571428571428571,0.8638095238095238,8.77
d356d0dfaead,Dara Bubamara,Novogodišnja,savremeno,turbo_folk,0.7215189873417721,0.6506666666666666,9.91
f475f969114d,Dara Bubamara,Od kad nema te,savremeno,turbo_folk,0.6458333333333334,0.8906382978723404,6.47
8741b3f09cba,Dara Bubamara,Od želja umorna,savremeno,turbo_folk,0.4864864864864865,0.792258064516129,7.64
243073430358,Dara Bubamara,Oko stola,savremeno,turbo_folk,0.6022727272727273,0.7138461538461538,6.24
07562e833ce7,Dara Bubamara,Ona te pali,savremeno,turbo_folk,0.3442622950819672,0.764765625,5.27
bcc4abbcdd50,Dara Bubamara,"Opa, opa",savremeno,turbo_folk,0.6095238095238096,0.6728571428571428,6.81
6f35249ffd57,Dara Bubamara,Ovo neće izaći na dobro,savremeno,turbo_folk,0.4722222222222222,0.7050526315789474,5.67
2de475795310,Dara Bubamara,Pali mali,savremeno,turbo_folk,0.7634408602150538,0.8968181818181818,6.85
11cbf9895d72,Dara Bubamara,"Pevam, a duša mi plače",savremeno,turbo_folk,0.6987951807228916,0.8335294117647059,7.3
6d7537ecb1ca,Dara Bubamara,Polje jagoda,savremeno,turbo_folk,0.719626168224299,0.7962068965517242,7.89
8f9997062a05,Dara Bubamara,Protiv sebe ne mogu,savremeno,turbo_folk,0.7475728155339806,0.7977777777777777,7.38
9aa9a0ec129f,Dara Bubamara,Prva do prve,savremeno,turbo_folk,0.6440677966101694,0.8530434782608696,6.61
ad6b91a95650,Dara Bubamara,Pusti me da te zaboravim,savremeno,turbo_folk,0.76,0.7561538461538462,6.18
e52fbc742c59,Dara Bubamara,Raskidam,savremeno,turbo_folk,0.6179775280898876,0.8145,8.12
99ed753cbc10,Dara Bubamara,Samo jedno još te molim,savremeno,turbo_folk,0.7611940298507462,0.7822222222222223,5.94
5027b97d17b3,Dara Bubamara,Samo napred,savremeno,turbo_folk,0.8,0.8686274509803921,7.48
25be86050950,Dara Bubamara,Sebična,savremeno,turbo_folk,0.7346938775510204,0.8126530612244898,6.43
cb246cd8db21,Dara Bubamara,"Sedam gora, sedam mora",savremeno,turbo_folk,0.6486486486486487,0.8729032258064515,9.22
2dd9fc58462a,Dara Bubamara,Sele moja (feat. Siniša show bend),savremeno,turbo_folk,0.8679245283018868,0.86,9.85
82c533f0aeff,Dara Bubamara,Školska ljubav,savremeno,turbo_folk,0.7777777777777778,0.7777777777777778,7.11
11cf9423277f,Dara Bubamara,Spremaj srce,savremeno,turbo_folk,0.5913978494623656,0.785,8.51
86576b086b88,Dara Bubamara,Sto života,savremeno,turbo_folk,0.48299319727891155,0.730204081632653,5.15
7e3d50eaab6a,Dara Bubamara,Sve devojke,savremeno,turbo_folk,0.6272189349112426,0.8371666666666666,6.66
9cc75b86c572,Dara Bubamara,Svi su tu kao nekada,savremeno,turbo_folk,0.875,0.9174193548387097,6.42
82294caadca0,Dara Bubamara,Ti i ja minus ona,savremeno,turbo_folk,0.5476190476190477,0.7514285714285714,5.11
4beabb6ba32f,Dara Bubamara,Ti si kao i ja,savremeno,turbo_folk,0.7291666666666666,0.7880851063829787,5.86
5b5b8450ce61,Dara Bubamara,Trebaš mi,savremeno,turbo_folk,0.7625,0.7529032258064516,9.89
aaa5a98e07be,Dara Bubamara,"Trese mene ljubav, trese",savremeno,turbo_folk,0.4797687861271676,0.8341935483870968,8.04
3c268bb3a45d,Dara Bubamara,Trn u oku,savremeno,turbo_folk,0.7317073170731707,0.8121212121212121,4.78
cd5a9f0ba642,Dara Bubamara,Umiru zore (feat. Siniša show bend),savremeno,turbo_folk,0.7468354430379747,0.8666666666666667,7.01
0e6895d77af6,Dara Bubamara,Uzmi ili ostavi (duet Nikola Rokvić),savremeno,turbo_folk,0.6235294117647059,0.7971900826446281,6.4
0aa534a6902c,Dara Bubamara,Već sam navikla,savremeno,turbo_folk,0.6746987951807228,0.7476470588235294,6.06
676766e1d256,Dara Bubamara,Vero nevero,savremeno,turbo_folk,0.6198347107438017,0.8138888888888889,7.34
eb8384b55078,Dara Bubamara,Volim da te volim,savremeno,turbo_folk,0.8105263157894737,0.8891304347826087,5.95
becf6808eb50,Dara Bubamara,Za tvoju ljubav,savremeno,turbo_folk,0.2840909090909091,0.4476923076923077,6.46
25a3e0eb3cb7,Dara Bubamara,"Zaboravi me, moja ljubavi",savremeno,turbo_folk,0.5398230088495575,0.7424999999999999,6.4
e461787133ad,Dara Bubamara,Željo moja,savremeno,turbo_folk,0.7972972972972973,0.8687999999999999,6.66
6a0ac0bdd582,Dara Bubamara,Zidovi,savremeno,turbo_folk,0.6341463414634146,0.8715151515151516,7.45
6ddb6c2b997b,Dara Bubamara,Žika,savremeno,turbo_folk,0.8428571428571429,0.8980952380952381,7.02
06ca614371ed,Saša Kovačević,Bežimo iz grada,savremeno,pop,0.6893203883495146,0.7981481481481482,5.5
edf2a7d339da,Saša Kovačević,Bolji čovek,savremeno,pop,0.7448979591836735,0.8306122448979592,5.57
3fe53bbcd085,Saša Kovačević,Branim,savremeno,pop,0.3463687150837989,0.7018461538461538,4.64
6337ea0ed32e,Saša Kovačević,Idemo do mene (feat. Nikolina Pišek),savremeno,pop,0.42948717948717946,0.7297196261682243,8.25
e4f3ac40ac6b,Saša Kovačević,Jasno k’o dan,savremeno,pop,0.3574660633484163,0.7760465116279069,7.09
f61bb65a10f9,Saša Kovačević,Jedina si vredela,savremeno,pop,0.4419889502762431,0.7056060606060606,5.15
f8bdf36fd716,Saša Kovačević,Još ti se nadam (duet Emina Jahović),savremeno,pop,0.4380952380952381,0.7101863354037268,3.82
959f4f8208d4,Saša Kovačević,Kada nisi tu,savremeno,pop,0.735632183908046,0.7805263157894737,4.98
d23003660f7c,Saša Kovačević,Kako sada sam,savremeno,pop,0.3430232558139535,0.7632520325203251,5.23
fa5eaffab0ba,Saša Kovačević,Kome da verujem,savremeno,pop,0.4382716049382716,0.7527433628318584,5.93
f9cbd564f8ba,Saša Kovačević,Korak do dna,savremeno,pop,0.6517857142857143,0.7406349206349206,5.36
d57807638851,Saša Kovačević,Lagala me il’ ne lagala,savremeno,pop,0.6052631578947368,0.8475728155339806,5.58
6dc361c15e7e,Saša Kovačević,Lapsus,savremeno,pop,0.719626168224299,0.8675862068965517,4.46
5f162e891a57,Saša Kovačević,Lažu te,savremeno,pop,0.5086206896551724,0.722089552238806,5.74
5c75af926221,Saša Kovačević,Ludak,savremeno,pop,0.35,0.7106870229007634,6.55
6cad48d962c1,Saša Kovačević,Mila,savremeno,pop,0.7207207207207207,0.9196774193548387,6.59
8bb0255b0f1e,Saša Kovačević,Moje poslednje,savremeno,pop,0.46060606060606063,0.7862068965517242,6.26
e7c7c14b94e5,Saša Kovačević,Ne umem sa njom,savremeno,pop,0.5666666666666667,0.8523943661971831,4.84
d25cc9bb92ba,Saša Kovačević,Ornament,savremeno,pop,0.5449101796407185,0.8630508474576272,7.55
b7aa0f560c01,Saša Kovačević,Ostavi me,savremeno,pop,0.453125,0.7718987341772152,2.89
0bf9821a401e,Saša Kovačević,Pakao i raj,savremeno,pop,0.6783216783216783,0.7838297872340425,4.97
c6ed69a5ea12,Saša Kovačević,Piši propalo,savremeno,pop,0.7241379310344828,0.8104477611940298,8.08
f8b0ebf2113f,Saša Kovačević,Ponosna na nas,savremeno,pop,0.3004484304932735,0.7056321839080459,6.12
709a1aee7d22,Saša Kovačević,Ruka za spas,savremeno,pop,0.5304347826086957,0.8645454545454546,4.71
aca99388a965,Saša Kovačević,Slučajno,savremeno,pop,0.6605504587155964,0.8763333333333333,5.45
dd0e4592cafd,Saša Kovačević,Tišina,savremeno,pop,0.8169014084507042,0.87,7.75
ca0136a86412,Kaliopi,Crno i belo,sfrj,rok,0.31390134529147984,0.7536781609195401,5.8
ec0b58cc79ec,Kaliopi,Pesma za nas,sfrj,rok,0.7524752475247525,0.8457692307692307,6.01
9deb540d2354,Piloti,Kao ptica na mom dlanu,sfrj,rok,0.77,0.8352941176470589,8.21
62f928bc4fd6,Piloti,Tajna je u tebi skrivena,sfrj,rok,0.5833333333333334,0.8508474576271186,6.65
9646f85d619f,Piloti,Tiho tiho,sfrj,rok,0.8275862068965517,0.8066666666666666,10.24
c5e3b156204c,Piloti,Zaboravljeni,sfrj,rok,0.5378787878787878,0.8660240963855421,8.55
9e9d8a75885c,Aerodrom,24 sata,sfrj,pop,0.6240601503759399,0.8347619047619048,8.75
db34ba32daab,Aerodrom,A do Splita pet,sfrj,pop,0.8771929824561403,0.8725,9.66
da89d047a8be,Aerodrom,Badnja noć,sfrj,pop,0.7628865979381443,0.8095833333333333,6.69
2a234a89d918,Aerodrom,Digni me visoko,sfrj,pop,0.56,0.7394736842105264,8.15
e1187ea75a2f,Aerodrom,Dobro se zabavljaj,sfrj,pop,0.5957446808510638,0.684,8.47
dc4ee5c7065c,Aerodrom,Fratello,sfrj,pop,0.8260869565217391,0.8089999999999999,10.7
cdf8c707a989,Aerodrom,Kad je sa mnom kvari sve,sfrj,pop,0.6388888888888888,0.7877966101694914,4.35
90283c99af09,Aerodrom,Kad misli mi vrludaju,sfrj,pop,0.40559440559440557,0.601063829787234,6.62
13eeadea5ab4,Aerodrom,Kvari sve,sfrj,pop,0.6388888888888888,0.7877966101694914,4.35
c9c8262de134,Aerodrom,Laž,sfrj,pop,0.5968992248062015,0.89725,11.48
0191bf032269,Aerodrom,Ljubav nije knjiga,sfrj,pop,0.6964285714285714,0.9101587301587301,8.92
7858eaf7f34d,Aerodrom,Metar vina,sfrj,pop,0.3883495145631068,0.6351851851851852,5.09
25fbd03b1a8c,Aerodrom,Obična ljubavna pjesma,sfrj,pop,0.5515463917525774,0.8246896551724138,7.63
f5f1c120dcd0,Aerodrom,Otkazani let,sfrj,pop,0.7962962962962963,0.844,8.68
037ea8b5b8e0,Aerodrom,Pogled sa bardo ravni,sfrj,pop,0.8095238095238095,0.8074285714285715,9.13
b6137fb92ff1,Aerodrom,Pozdrav sa bardo ravni,sfrj,pop,0.8095238095238095,0.8074285714285715,9.13
99bc8f69050b,Aerodrom,Stavi pravu stvar na pravo mjesto,sfrj,pop,0.384,0.6302631578947369,7.37
90075e5bf0f0,Aerodrom,Stranac,sfrj,pop,0.7023809523809523,0.8320000000000001,9.69
42d1cc361e9b,Aerodrom,Tvoje lice,sfrj,pop,0.5818181818181818,0.7557377049180328,7.15
54d1c218b5a9,Aerodrom,Vatra je na nebu,sfrj,pop,0.42592592592592593,0.6640677966101695,9.69
0d993c06243e,Tereza Kesovija,A to je za tebe,sfrj,pop,0.6666666666666666,0.8462068965517241,10.31
5b8e5eb75d97,Tereza Kesovija,Balada o tovaru,sfrj,pop,0.6504854368932039,0.8218518518518519,5.38
c5c08f489fba,Tereza Kesovija,Balada o zelenom kralju,sfrj,pop,0.8383838383838383,0.8828,9.86
1d50b14a1b30,Tereza Kesovija,Barkarola,sfrj,pop,0.6666666666666666,0.8299009900990099,6.41
397af1ed6ffe,Tereza Kesovija,Bilo je lijepo,sfrj,pop,0.7596153846153846,0.8349090909090909,9.13
bcb9f4505d66,Tereza Kesovija,"Bit će bolje, znam",sfrj,pop,0.461038961038961,0.6737142857142857,4.79
6912d0d52c36,Tereza Kesovija,"Bože, kako te volim",sfrj,pop,0.631578947368421,0.7827692307692308,7.58
7d425a212aec,Tereza Kesovija,Ćakule o siromajima,sfrj,pop,0.5131578947368421,0.9071508379888268,6.58
d15b301d36a4,Tereza Kesovija,Con te partiro,sfrj,pop,0.7466666666666667,0.8861386138613861,7.36
0f6f3dddcb8d,Tereza Kesovija,Da li su me voljeli,sfrj,pop,0.5142857142857142,0.6478571428571429,6.64
cc6b60adbb90,Tereza Kesovija,Da sam te samo prije srela,sfrj,pop,0.5535714285714286,0.7158730158730159,5.51
22c1beef5458,Tereza Kesovija,Dalmatinko,sfrj,pop,0.47244094488188976,0.800780487804878,8.58
bcdef66f4ce5,Tereza Kesovija,Divlja strast,sfrj,pop,0.5483870967741935,0.6076923076923078,7.76
7a10194daa2b,Tereza Kesovija,Dok istina postoji,sfrj,pop,0.647887323943662,0.66,10.59
ec951a750c3b,Tereza Kesovija,Dubrovačka zvona,sfrj,pop,0.8189655172413793,0.8611940298507463,7.99
02729f1cab17,Tereza Kesovija,Forca maestro,sfrj,pop,0.7054794520547946,0.8346391752577319,7.7
7b672fbf567e,Tereza Kesovija,"Gdje ima srca, tu sam i ja",sfrj,pop,0.6711409395973155,0.8314,5.68
57a2e70da079,Tereza Kesovija,I ni me stra’,sfrj,pop,0.4918032786885246,0.576986301369863,3.21
aa332a78e724,Tereza Kesovija,Izlazi sunce,sfrj,pop,0.5486111111111112,0.7682105263157896,5.09
cbe528a9ab92,Tereza Kesovija,Ja ću uvijek biti tvoja,sfrj,pop,0.7605633802816901,0.7890909090909091,7.66
9e74e65dc5c5,Tereza Kesovija,Ja jubin te zauvik,sfrj,pop,0.6607142857142857,0.807936507936508,6.78
b28e891e0b5c,Tereza Kesovija,Ja sam pjesma,sfrj,pop,0.46296296296296297,0.6401769911504425,5.0
c3ebefc58c8d,Tereza Kesovija,Ja sam tvoja muzika,sfrj,pop,0.5918367346938775,0.8171428571428572,6.7
70943e70f82b,Tereza Kesovija,Ja ti samo pjevat mogu,sfrj,pop,0.7580645161290323,0.76,6.78
5525b234e602,Tereza Kesovija,Još se srce umorilo nije,sfrj,pop,0.7126436781609196,0.8242105263157895,7.15
e59869c4252c,Tereza Kesovija,Kad bi vratio se ti,sfrj,pop,0.5681818181818182,0.7966265060240965,5.63
cabbc4959128,Tereza Kesovija,Kad jednog dana prisjetim se svega,sfrj,pop,0.7213114754098361,0.8811940298507462,7.02
31f384a32185,Tereza Kesovija,Kad se jednom vratiš ti,sfrj,pop,0.7012987012987013,0.8464761904761904,8.24
5fa047df728e,Tereza Kesovija,Katedrala,sfrj,pop,0.7708333333333334,0.8714893617021277,5.83
8bd4d8f7fcae,Tereza Kesovija,Kristinka,sfrj,pop,0.8217054263565892,0.883,9.1
e5f9c55e5899,Tereza Kesovija,Larina pjesma,sfrj,pop,0.725,0.7593548387096773,4.56
13cba59edade,Tereza Kesovija,Ljubavni tango,sfrj,pop,0.7027027027027027,0.7376,6.11
30d28b0571e5,Tereza Kesovija,Ljudi,sfrj,pop,0.7204301075268817,0.8072727272727274,6.06
4f28e96ced63,Tereza Kesovija,Ludi dani naše mladosti,sfrj,pop,0.751937984496124,0.8712500000000001,6.23
e99984ede1b6,Tereza Kesovija,Moja dalmacija,sfrj,pop,0.6896551724137931,0.7552631578947369,8.65
3eb959600466,Tereza Kesovija,Moja ljubavi,sfrj,pop,0.4178082191780822,0.7342268041237113,6.37
4509921d3bda,Tereza Kesovija,Moja mala pjesmo,sfrj,pop,0.5057471264367817,0.6157894736842104,7.69
d937643ed510,Tereza Kesovija,Moja prva i poslednja ljubavi,sfrj,pop,0.44166666666666665,0.7763380281690141,5.65
4430390cd900,Tereza Kesovija,Moje suze,sfrj,pop,0.7875,0.8,4.21
7e6b26208756,Tereza Kesovija,"Molim te, ostani",sfrj,pop,0.7590361445783133,0.9270588235294117,6.62
e37225481aea,Tereza Kesovija,Na stradunu,sfrj,pop,0.6178861788617886,0.7394594594594595,6.51
f90ace933e98,Tereza Kesovija,Nek idu lađe,sfrj,pop,0.7959183673469388,0.8538775510204081,6.43
2b4a37c348ad,Tereza Kesovija,Nek’ zapjeva stara klapa,sfrj,pop,0.7127659574468085,0.88,9.06
32a48ea29f5b,Tereza Kesovija,Neka cijeli ovaj svijet,sfrj,pop,0.5257731958762887,0.7991666666666667,7.52
12283494b454,Tereza Kesovija,Nikad ne reci nikad,sfrj,pop,0.559748427672956,0.7856363636363637,9.86
8e16f944038e,Tereza Kesovija,Nikad te nisan prokljela,sfrj,pop,0.7692307692307693,0.8585714285714287,5.43
2adebe241450,Tereza Kesovija,Nima Splita do Splita,sfrj,pop,0.78,0.8149019607843138,6.54
95103b0bb700,Tereza Kesovija,Nisam žena bez tebe,sfrj,pop,0.575,0.7715492957746479,6.52
4cf3d776d085,Tereza Kesovija,Nježne strune mandoline,sfrj,pop,0.6826923076923077,0.7836363636363637,8.73
6a111c5ef618,Tereza Kesovija,"Nono, moj dobri nono",sfrj,pop,0.7216494845360825,0.7666666666666666,5.45
87ca530f40a8,Tereza Kesovija,"Oprostit ću, zaboraviti neću",sfrj,pop,0.54,0.7152941176470587,7.25
12ca56965d50,Tereza Kesovija,Otvori prozore sna,sfrj,pop,0.7659574468085106,0.7635555555555555,5.66
257295333bfa,Tereza Kesovija,Parkovi,sfrj,pop,0.8181818181818182,0.8270588235294118,9.33
68f6c9a043a5,Tereza Kesovija,Pjesma suncu,sfrj,pop,0.8064516129032258,0.91,6.14
59358282ba57,Tereza Kesovija,Plavi nokturno,sfrj,pop,0.7755102040816326,0.8591836734693877,6.01
e4608411c254,Tereza Kesovija,Pomozi mi da zaboravim,sfrj,pop,0.7157894736842105,0.8486956521739131,6.96
7ff54887cb60,Tereza Kesovija,Potraži me,sfrj,pop,0.6212121212121212,0.6458823529411765,9.1
592adb19fb04,Tereza Kesovija,Pred tvojim vratima,sfrj,pop,0.6666666666666666,0.7905263157894736,5.91
93cde341f48b,Tereza Kesovija,Prijatelji stari gdje ste,sfrj,pop,0.593939393939394,0.8075862068965517,6.65
4481ebd5d1c1,Tereza Kesovija,Pronađi put,sfrj,pop,0.46774193548387094,0.7893333333333333,5.45
08547b3d7c97,Tereza Kesovija,Rastanimo se,sfrj,pop,0.7064220183486238,0.801,6.23
2e114734a414,Tereza Kesovija,Samo malo intime,sfrj,pop,0.6344086021505376,0.7427272727272727,10.35
6d7f1a877855,Tereza Kesovija,San julske noći,sfrj,pop,0.6796116504854369,0.8185185185185185,6.66
466eed6ed0d9,Tereza Kesovija,Sinoć kad sklopih oči,sfrj,pop,0.6793478260869565,0.9016296296296297,7.99
272cb79c662b,Tereza Kesovija,Sjaj,sfrj,pop,0.7757009345794392,0.8310344827586207,9.11
17d0b4a2921c,Tereza Kesovija,Školjka,sfrj,pop,0.7098765432098766,0.8230088495575221,6.66
95a0c139264f,Tereza Kesovija,Srećo moja,sfrj,pop,0.6746987951807228,0.7470588235294118,6.22
d96dcaaca343,Tereza Kesovija,Sretan rođendan,sfrj,pop,0.7912087912087912,0.8314285714285715,6.9
3cf442eaf6f4,Tereza Kesovija,Stani,sfrj,pop,0.746268656716418,0.7922222222222222,6.53
62c075c2c115,Tereza Kesovija,"Stani, stani",sfrj,pop,0.6138613861386139,0.7246153846153847,6.88
bbb0fd8211df,Tereza Kesovija,Stare ljubavi,sfrj,pop,0.4166666666666667,0.7059354838709677,8.26
c7c5ce5d3f2d,Tereza Kesovija,Što je ostalo od ljubavi,sfrj,pop,0.38461538461538464,0.6321276595744681,7.43
4e199afe9454,Tereza Kesovija,Sunčane fontane,sfrj,pop,0.7022900763358778,0.8104878048780487,7.7
67416cd15cab,Tereza Kesovija,Šutjeti,sfrj,pop,0.6785714285714286,0.7651428571428571,7.81
3581e494e21a,Tereza Kesovija,Sutra,sfrj,pop,0.7213114754098361,0.8934246575342466,10.78
3da918f0610d,Tereza Kesovija,Sutra je novi dan,sfrj,pop,0.5448275862068965,0.7512500000000001,7.01
c7c7b56d608a,Tereza Kesovija,Sva su moja proljeća u meni,sfrj,pop,0.6524822695035462,0.8260869565217391,7.12
8ffad5063087,Tereza Kesovija,"Sve se vraća, sve se plaća",sfrj,pop,0.6473988439306358,0.8346774193548387,8.08
a3f1da2cbcbd,Tereza Kesovija,"Sviraj mi, sviraj",sfrj,pop,0.5764705882352941,0.8034710743801653,5.93
285fcd001bc8,Tereza Kesovija,Ti si moj grijeh,sfrj,pop,0.556390977443609,0.8752380952380951,2.9
4ee5dda504a8,Tereza Kesovija,"Ti, anđele zla",sfrj,pop,0.5084745762711864,0.6417391304347826,7.01
1d6006fecc68,Tereza Kesovija,"Tko gubi, gubi sve",sfrj,pop,0.7394366197183099,0.8860215053763442,4.75
a380e38f74ef,Tereza Kesovija,To sam ja,sfrj,pop,0.7017543859649122,0.735,5.72
5582b37f612b,Tereza Kesovija,Tvoj glas,sfrj,pop,0.6263736263736264,0.6761904761904761,2.71
cf6de1cd4fa3,Tereza Kesovija,Tvoje su ruke u mojoj kosi,sfrj,pop,0.7295081967213115,0.8268493150684931,6.13
ad9d37cc0bdc,Tereza Kesovija,Uspavanka za Ivu,sfrj,pop,0.7830188679245284,0.8666666666666667,7.89
fea5ce7b845b,Tereza Kesovija,Voli me… voli me…,sfrj,pop,0.6356589147286822,0.79975,7.04
14e2cd54554d,Tereza Kesovija,Za jedan tren,sfrj,pop,0.7043478260869566,0.8533333333333334,6.06
a923e31c7dcb,Tereza Kesovija,Za jubav san dala sve,sfrj,pop,0.7422680412371134,0.8391666666666667,5.94
9b8774443ef2,Tereza Kesovija,"Za sva vremena, Dubrovnik",sfrj,pop,0.7415730337078652,0.9075000000000001,9.25
604cb2562bcd,Tereza Kesovija,Zaboravi ako možeš,sfrj,pop,0.5739130434782609,0.7954545454545454,8.41
1359296bfc14,Tereza Kesovija,"Zapjevajmo, prijatelji",sfrj,pop,0.8349514563106796,0.9003703703703704,9.46
a3419e057fab,Zdenka Kovačićek,Na kraju ponosna,sfrj,rok,0.6320754716981132,0.8357894736842105,5.5
8c1280be9e40,Zdenka Kovačićek,To nisam bila ja,sfrj,rok,0.4098360655737705,0.7959701492537313,6.77
05562f0ddf66,Zabranjeno pušenje,12 sati,sfrj,rok,0.6829268292682927,0.8608108108108108,10.45
44b38198fff2,Zabranjeno pušenje,Abid,sfrj,rok,0.6615384615384615,0.774567901234568,9.22
cc5ffc723f39,Zabranjeno pušenje,Agent tajne sile,sfrj,rok,0.4041666666666667,0.5975916230366493,5.04
0e935a471bc9,Zabranjeno pušenje,Anarhija all over Baščaršija,sfrj,rok,0.7073170731707317,0.8315151515151515,10.73
c93916a69f1a,Zabranjeno pušenje,Balada o Gigi Bosniću,sfrj,rok,0.7040358744394619,0.8704597701149426,9.55
9ea3d79a646e,Zabranjeno pušenje,Balada o Pišonji i Žugi,sfrj,rok,0.6158940397350994,0.8327272727272728,9.84
38d4aca50769,Zabranjeno pušenje,Baš Čelik (1. dio),sfrj,rok,0.7647058823529411,0.77,8.78
c2bfebca1f74,Zabranjeno pušenje,Baš Čelik (2. dio),sfrj,rok,0.7647058823529411,0.77,8.78
cc3ae2ae4304,Zabranjeno pušenje,Brut,sfrj,rok,0.5306122448979592,0.6957142857142857,11.26
af68e4bbcf15,Zabranjeno pušenje,Čejeni odlaze,sfrj,rok,0.7391304347826086,0.7827906976744186,13.01
36cf344eeba8,Zabranjeno pušenje,Dan Republike,sfrj,rok,0.38362068965517243,0.6088524590163934,8.17
21c48af61817,Zabranjeno pušenje,Djevojčice kojima miriše koža,sfrj,rok,0.6923076923076923,0.8268085106382979,10.98
bb7f305bbb0a,Zabranjeno pušenje,Dobri jarani,sfrj,rok,0.4260355029585799,0.5861666666666667,10.0
ba409edb3703,Zabranjeno pušenje,Dok čekaš sabah sa šejtanom,sfrj,rok,0.4257703081232493,0.755,7.03
090853d87345,Zabranjeno pušenje,Dok jezdiš k Alemanji,sfrj,rok,0.6708074534161491,0.8710714285714286,10.03
1185e3c06024,Zabranjeno pušenje,Fikreta,sfrj,rok,0.7264957264957265,0.8041176470588235,7.86
cfbd0583921e,Zabranjeno pušenje,Fildžan viška,sfrj,rok,0.5367965367965368,0.8010989010989011,9.18
31ac57ee68cc,Zabranjeno pušenje,Gđa. Brams,sfrj,rok,0.7735849056603774,0.8659649122807017,9.41
faf3eef8be08,Zabranjeno pušenje,Guzonjin sin,sfrj,rok,0.5680473372781065,0.7108333333333333,6.37
6f2c6a55467e,Zabranjeno pušenje,Hadžija ili bos,sfrj,rok,0.5714285714285714,0.7876785714285715,8.17
56358c9a0ce9,Zabranjeno pušenje,Haile Selasije,sfrj,rok,0.7448979591836735,0.8306122448979593,11.18
92b16184b821,Zabranjeno pušenje,Halid umjesto Halida,sfrj,rok,0.660958904109589,0.8720164609053498,9.07
1ac223abbd42,Zabranjeno pušenje,Ibro dirka,sfrj,rok,0.646875,0.8217712177121771,7.39
a8865bf126f1,Zabranjeno pušenje,Ja imam kuhinju,sfrj,rok,0.56,0.56,6.68
3fd614951ba1,Zabranjeno pušenje,Javi mi,sfrj,rok,0.5067567567567568,0.7519191919191919,8.02
46fef24b8212,Zabranjeno pušenje,Kada dernek utihne,sfrj,rok,0.5714285714285714,0.7267857142857144,7.95
c62f7be4e904,Zabranjeno pušenje,Kako je Velika Britanija postala probušeni dolar,sfrj,rok,0.5207100591715976,0.7716666666666666,8.28
32bac6fd431a,Zabranjeno pušenje,Kanjon Drine,sfrj,rok,0.6703296703296703,0.9494736842105264,9.71
fa9e62593f8a,Zabranjeno pušenje,Karabaja,sfrj,rok,0.6691449814126395,0.8982727272727273,8.91
143c888cbec8,Zabranjeno pušenje,Kažu mi da novog frajera imaš,sfrj,rok,0.6455696202531646,0.8089908256880733,7.3
09bfc0284ad4,Zabranjeno pušenje,Kino “Prvi maj”,sfrj,rok,0.6586538461538461,0.799622641509434,5.62
905ed35661ea,Zabranjeno pušenje,Lijepa Alma,sfrj,rok,0.6074766355140186,0.8010344827586207,9.61
0a885dd8e724,Zabranjeno pušenje,Lutka sa naslovne strane,sfrj,rok,0.5655172413793104,0.8354166666666667,9.21
1f53f81b73d7,Zabranjeno pušenje,Manijak,sfrj,rok,0.49645390070921985,0.8115217391304348,6.36
4512d475da8f,Zabranjeno pušenje,Meteor,sfrj,rok,0.5853658536585366,0.7643243243243244,7.91
a4b9448c03d8,Zabranjeno pušenje,Mile Hašišar,sfrj,rok,0.6368715083798883,0.7852307692307692,6.63
7118d990fada,Zabranjeno pušenje,Modni guru,sfrj,rok,0.3661417322834646,0.6433170731707317,7.31
559ffbeb2b66,Zabranjeno pušenje,Murga drot,sfrj,rok,0.7516778523489933,0.8486,8.93
9837e6568969,Zabranjeno pušenje,Neću da budem Švabo u dotiranom filmu,sfrj,rok,0.4411764705882353,0.7586776859504132,8.01
6d5c1e0f5302,Zabranjeno pušenje,Nedelja kad je otišao Hase,sfrj,rok,0.6488888888888888,0.7952272727272728,9.58
ca11b6a984e0,Zabranjeno pušenje,Oprosti mi pape,sfrj,rok,0.6731517509727627,0.8688461538461538,8.08
8005832297f5,Zabranjeno pušenje,"Otpor, stoko",sfrj,rok,0.6240601503759399,0.8221428571428572,7.24
5ecd2e71a0f7,Zabranjeno pušenje,Pamtim to kao da je bilo danas,sfrj,rok,0.5974025974025974,0.8467032967032967,10.15
371c7150523a,Zabranjeno pušenje,Piccola storia de grande amore,sfrj,rok,0.6885245901639344,0.8487179487179487,11.08
62ad4b41764a,Zabranjeno pušenje,Pismo,sfrj,rok,0.4339622641509434,0.8225454545454546,6.06
f185def84789,Zabranjeno pušenje,Pismo Elvisu,sfrj,rok,0.7891566265060241,0.9005128205128206,8.61
22d5307938d7,Zabranjeno pušenje,Pišonja i Žuga u paklu droge,sfrj,rok,0.677536231884058,0.9180616740088106,11.1
d2d675e0d36b,Zabranjeno pušenje,Pklatovi I – Invazija Pklatova,sfrj,rok,0.7048458149779736,0.8714606741573034,11.6
f67885f7f93f,Zabranjeno pušenje,Pklatovi II – Veliki bijeg,sfrj,rok,0.8305084745762712,0.9220289855072464,9.43
7494b17f5881,Zabranjeno pušenje,Posljednja oaza (U lošoj formi sam),sfrj,rok,0.7264957264957265,0.8041176470588235,7.86
826dc9af1e07,Zabranjeno pušenje,Pravo zajebani DJ iz Chicaga,sfrj,rok,0.7579617834394905,0.8772222222222221,12.77
a02ed20f3968,Zabranjeno pušenje,Pubertet,sfrj,rok,0.624113475177305,0.8717391304347827,8.3
4e8a654ba922,Zabranjeno pušenje,Pupoljak,sfrj,rok,0.6030927835051546,0.8391724137931034,8.62
112f538334ec,Zabranjeno pušenje,Put u središte rudnika Kreka Banovići,sfrj,rok,0.5819209039548022,0.7503125,8.31
6b4c100f197a,Zabranjeno pušenje,Radost prvog žita,sfrj,rok,0.673202614379085,0.8363461538461539,8.18
57b77f6c2385,Zabranjeno pušenje,Sanjao sam noćas da te imam,sfrj,rok,0.6702127659574468,0.7986666666666666,8.56
54b941149218,Zabranjeno pušenje,Šareno kamenje,sfrj,rok,0.6293103448275862,0.7594029850746269,7.63
ab086c5d2171,Zabranjeno pušenje,Šeki is on the road again,sfrj,rok,0.65625,0.7757446808510639,9.46
e78eadb648fa,Zabranjeno pušenje,"Selena, vrati se, Selena",sfrj,rok,0.6198347107438017,0.803611111111111,12.17
36d5a13d0e47,Zabranjeno pušenje,"Srce, ruke i lopata",sfrj,rok,0.7336956521739131,0.8663703703703703,10.05
88a751aca0c1,Zabranjeno pušenje,Stanje šoka,sfrj,rok,0.3836477987421384,0.7107272727272727,5.32
a470369075f1,Zabranjeno pušenje,Straža pored Prizrena,sfrj,rok,0.5978835978835979,0.868,11.33
08847a19d57c,Zabranjeno pušenje,Test za dženet,sfrj,rok,0.6706827309236948,0.8820999999999999,9.67
a7bdea53ffaf,Zabranjeno pušenje,Tigar iz Kladnja,sfrj,rok,0.6462585034013606,0.8982040816326531,9.05
ad513b63e2f5,Zabranjeno pušenje,Tijesno,sfrj,rok,0.47029702970297027,0.8332026143790849,8.94
6b8a34817edd,Zabranjeno pušenje,Tri ratna havera,sfrj,rok,0.6376811594202898,0.8245479452054794,7.47
a6052179bccf,Zabranjeno pušenje,Ujka Sam,sfrj,rok,0.6497890295358649,0.8337234042553192,7.83
d9287970b325,Zabranjeno pušenje,Uvod (Tema iz filma “Walter brani Sarajevo”),sfrj,rok,0.8214285714285714,0.8028571428571428,8.16
d7a354aad212,Zabranjeno pušenje,Vuk,sfrj,rok,0.5987261146496815,0.6805555555555556,8.39
7f04480ae900,Zabranjeno pušenje,Yugo 45,sfrj,rok,0.5425531914893617,0.8048927038626609,8.09
3f0febaac4cb,Zabranjeno pušenje,Zenica blues,sfrj,rok,0.5491803278688525,0.684931506849315,9.99
11a24c939aa9,Zabranjeno pušenje,"Zoka, ja sam trudna",sfrj,rok,0.4217687074829932,0.6665306122448978,5.19
614543433860,Zabranjeno pušenje,Zvijezda nad Balkanom,sfrj,rok,0.6055045871559633,0.8549112426035502,10.91
6b0523e4f221,Bombaj štampa,Bolje letim sam,sfrj,rok,0.625,0.6914893617021277,6.54
c9311d581d63,Bombaj štampa,Ćerka jedinica,sfrj,rok,0.8045977011494253,0.8315789473684211,9.48
27f9a5d6535b,Bombaj štampa,Često poželim,sfrj,rok,0.5522388059701493,0.7465882352941177,6.95
2eb7ac9711ed,Bombaj štampa,Da li da,sfrj,rok,0.35443037974683544,0.6768807339449542,5.8
9636b6683dea,Bombaj štampa,Dubrovački trubaduri,sfrj,rok,0.5333333333333333,0.8588732394366198,8.17
691c9ad3bc23,Bombaj štampa,Điđi miđi,sfrj,rok,0.6979166666666666,0.8319148936170213,7.77
7b3ddbe7f666,Bombaj štampa,Kiša je prošla,sfrj,rok,0.6756756756756757,0.7168000000000001,6.75
8f4ba3f131a3,Bombaj štampa,Ljubav nije za mene,sfrj,rok,0.4357142857142857,0.8158241758241758,5.6
b964b3914157,Bombaj štampa,Ludnica,sfrj,rok,0.5700934579439252,0.7682758620689656,8.33
a162993b7247,Bombaj štampa,Mali motorin,sfrj,rok,0.6865671641791045,0.8155555555555556,4.93
22022a9aecc3,Bombaj štampa,Mrak i ja,sfrj,rok,0.6931818181818182,0.7712820512820512,6.6
e0b2f4aeedce,Bombaj štampa,Nedim,sfrj,rok,0.6134453781512605,0.8206349206349206,6.31
802e91c88fe9,Bombaj štampa,Ona je moj R’n’R,sfrj,rok,0.5213675213675214,0.7885294117647058,6.45
0f69d5db184d,Bombaj štampa,Otvorena Pjesma Đorđu,sfrj,rok,0.6717557251908397,0.8565853658536585,6.66
6baee9fb0280,Bombaj štampa,San ljetnjeg dana,sfrj,rok,0.7040816326530612,0.866938775510204,6.77
55651eeecede,Bombaj štampa,Šarene ulice,sfrj,rok,0.6274509803921569,0.64,8.43
7ad4ee4c1b1b,Bombaj štampa,Supermen,sfrj,rok,0.6214285714285714,0.7131868131868132,7.35
3e54aca582a6,Bombaj štampa,Svjetla su daleko,sfrj,rok,0.7916666666666666,0.8878260869565218,8.51
3e1ee03366a1,Bombaj štampa,Uzalud me podsjećaš,sfrj,rok,0.49324324324324326,0.7416161616161616,7.62
1513d0fe280a,Bombaj štampa,Večeras sam sjajan,sfrj,rok,0.3125,0.6134736842105263,7.06
7f221d55de4e,Bombaj štampa,"Željo, to je moj tim",sfrj,rok,0.5644171779141104,0.8168421052631579,8.75
3834ecd5ab81,Crvena jabuka,6.00 (šest nula nula),sfrj,pop,0.6732673267326733,0.7826923076923078,5.26
164c2ac5998d,Crvena jabuka,"Ako me pitaš, kamarade",sfrj,pop,0.5572519083969466,0.8004878048780488,4.65
a5449df2a45b,Crvena jabuka,Ako odeš ti,sfrj,pop,0.47244094488188976,0.8433333333333334,6.22
55c554a0d197,Crvena jabuka,Anđeli,sfrj,pop,0.6622516556291391,0.8472549019607843,7.1
817359b9e67e,Crvena jabuka,Bacila je sve niz rijeku,sfrj,pop,0.7956989247311828,0.8463636363636364,6.91
6e2a8a8bfbb7,Crvena jabuka,Bijeli Božić,sfrj,pop,0.6666666666666666,0.7782608695652173,5.13
724dc6046616,Crvena jabuka,"Bivše djevojčice, bivši dječaci",sfrj,pop,0.6928104575163399,0.8178846153846154,8.94
db3770def350,Crvena jabuka,Bježi kišo s prozora,sfrj,pop,0.4690265486725664,0.5765625,6.2
81357a45d7ee,Crvena jabuka,Boje kišnog neba,sfrj,pop,0.6132075471698113,0.716140350877193,4.42
bcfa48bd9ebc,Crvena jabuka,Bolujem,sfrj,pop,0.7272727272727273,0.8314285714285715,10.12
0de0cb9ba06e,Crvena jabuka,Bombona,sfrj,pop,0.5569620253164557,0.6313333333333334,5.69
d1ae37089950,Crvena jabuka,Čarolija (kad prestane),sfrj,pop,0.8860759493670886,0.9726666666666667,8.28
fe1fc02f2466,Crvena jabuka,Često pitam za tebe,sfrj,pop,0.8805970149253731,0.88,8.23
82ad7a8b0b07,Crvena jabuka,Četkice za zube,sfrj,pop,0.8641975308641975,0.909375,6.85
1c159aed6618,Crvena jabuka,Crvena jabuka,sfrj,pop,0.8260869565217391,0.821,9.58
f8718f57c74b,Crvena jabuka,Crveni poljupci (feat. Kemal Monteno),sfrj,pop,0.6953125,0.8521518987341772,10.01
b401a19843a7,Crvena jabuka,Čuvaj se,sfrj,pop,0.4394904458598726,0.8303703703703703,6.2
4e9169a41981,Crvena jabuka,Da je samo malo sreće,sfrj,pop,0.7010309278350515,0.8079166666666667,6.71
76cef95d8127,Crvena jabuka,Da mi je do nje,sfrj,pop,0.7578947368421053,0.8495652173913043,5.55
0886bce40b55,Crvena jabuka,Da nije ljubavi,sfrj,pop,0.7608695652173914,0.8367441860465116,8.85
8e22750b66e2,Crvena jabuka,"Da tebe nema, Bože",sfrj,pop,0.816,0.8884210526315789,6.96
e32f7dc3fa32,Crvena jabuka,Da znaš da me boliš,sfrj,pop,0.725,0.8366197183098592,6.4
d7b97535c7c0,Crvena jabuka,Dirlija,sfrj,pop,0.7653061224489796,0.9016326530612245,7.37
83b8494f55cc,Crvena jabuka,Do neba,sfrj,pop,0.6544117647058824,0.693103448275862,6.0
7f189143629c,Crvena jabuka,Dobro neka svira,sfrj,pop,0.8125,0.8412903225806452,8.32
04a77b3a0fb5,Crvena jabuka,Dođi kod mene,sfrj,pop,0.9137931034482759,0.9022222222222224,8.06
a631ace83fb7,Crvena jabuka,Došla od Boga,sfrj,pop,0.8085106382978723,0.8417777777777776,5.03
a21770e0048e,Crvena jabuka,"Duj, duj",sfrj,pop,0.6973684210526315,0.7674074074074073,7.22
9ec34dae22f9,Crvena jabuka,Duša Sarajeva,sfrj,pop,0.6923076923076923,0.8805882352941177,8.5
147288f17f7d,Crvena jabuka,Dva i dva i ona mala barka,sfrj,pop,0.6323529411764706,0.7802298850574713,5.36
86deb0a43b8e,Crvena jabuka,Emira (kad je noć hladna i zvjezdana),sfrj,pop,0.7890625,0.88,8.53
b7811b19843f,Crvena jabuka,Fura me,sfrj,pop,0.752,0.8855263157894736,6.83
e39aeb397247,Crvena jabuka,Gluho doba,sfrj,pop,0.7767857142857143,0.8787301587301587,7.93
945b7734c2d1,Crvena jabuka,Godinama (duet Halid Bešlić),sfrj,pop,0.6952380952380952,0.7903571428571429,5.81
dce660a6e467,Crvena jabuka,Govore mi svi,sfrj,pop,0.47560975609756095,0.7862608695652175,6.53
858925bd2c5e,Crvena jabuka,"Hajde, dođi mi",sfrj,pop,0.82,0.8949019607843137,7.39
b466a0d39ce9,Crvena jabuka,"Hajde, hajde de opusti se",sfrj,pop,0.6705882352941176,0.8133333333333334,8.56
deebe4c55488,Crvena jabuka,"Hoćeš, nećeš",sfrj,pop,0.7622950819672131,0.8542465753424657,5.36
7d531f1469cb,Crvena jabuka,Ima nešto od srca do srca,sfrj,pop,0.7906976744186046,0.8664864864864865,8.47
44fcf301151b,Crvena jabuka,Imaš me u šaci,sfrj,pop,0.8088235294117647,0.8505263157894737,4.81
28a221288177,Crvena jabuka,Iza prozora,sfrj,pop,0.6,0.7859016393442623,7.45
0941848df2d2,Crvena jabuka,Ja te volim,sfrj,pop,0.7117117117117117,0.8316129032258065,7.87
7c790947cac6,Crvena jabuka,Jazz.ba,sfrj,pop,0.34705882352941175,0.5606611570247935,1.64
31e21a144da0,Crvena jabuka,Jedanaesta Božja zapovijed (Tarik Filipović),sfrj,pop,0.4028436018957346,0.7148148148148148,6.86
9626c994da26,Crvena jabuka,Jukebox,sfrj,pop,0.8055555555555556,0.8356521739130435,7.28
99d9c8d7dd00,Crvena jabuka,Kad ćeš mi doć,sfrj,pop,0.7301587301587301,0.7642857142857142,5.8
97bad004e40b,Crvena jabuka,Kad je noć hladna i zvjezdana,sfrj,pop,0.7734375,0.8605063291139241,8.6
9de525b0331d,Crvena jabuka,Kad kazaljke sata se poklope,sfrj,pop,0.82,0.82,7.28
5a6cb85cef58,Crvena jabuka,Kad te jednom pitam,sfrj,pop,0.6521739130434783,0.7615730337078652,5.44
aa07deef0b83,Crvena jabuka,Kao da sanjam,sfrj,pop,0.8,0.8885714285714286,9.38
bb4924e9ff1d,Crvena jabuka,Kletva (Željko Bebek),sfrj,pop,0.8333333333333334,0.8356521739130435,7.39
f3e0f958c594,Crvena jabuka,Lagano umirem u tvome sjećanju,sfrj,pop,0.9423076923076923,0.9466666666666667,10.15
af1089894414,Crvena jabuka,Ljeta koja dolaze,sfrj,pop,0.8205128205128205,0.8924137931034483,9.0
c0d664cb6e33,Crvena jabuka,Ljubav je jaka (duet Saša Lošić),sfrj,pop,0.7676767676767676,0.8092,6.77
e6714700f498,Crvena jabuka,Ljubav mladog Werthera,sfrj,pop,0.503448275862069,0.8016666666666666,5.74
b5ed04be9b51,Crvena jabuka,Ljubav ne pita,sfrj,pop,0.7790697674418605,0.9070270270270271,6.86
34e9583c7969,Crvena jabuka,Lud za tobom,sfrj,pop,0.7472527472527473,0.8357142857142857,5.17
bac9daa8cd60,Crvena jabuka,Mahala,sfrj,pop,0.808695652173913,0.7893939393939394,9.87
1be81fea70d2,Crvena jabuka,Malo ćemo da se kupamo,sfrj,pop,0.7815126050420168,0.81,9.46
7c2f2f962b70,Crvena jabuka,"Mjeseče, reci",sfrj,pop,0.7345132743362832,0.8346875,8.41
42e3f137cdaf,Crvena jabuka,Mnogo ruža,sfrj,pop,0.475,0.76,7.5
4158532dab2c,Crvena jabuka,Moj grad,sfrj,pop,0.6754385964912281,0.7867692307692308,5.41
67b31f16dea5,Crvena jabuka,"Mojca, Mojca",sfrj,pop,0.7846153846153846,0.9138271604938271,7.53
c13c6f8c22c1,Crvena jabuka,Moje najmilije,sfrj,pop,0.7741935483870968,0.8468181818181818,8.04
57d928991d34,Crvena jabuka,Moje pjesme stih,sfrj,pop,0.8857142857142857,0.9361904761904762,6.41
f9644520ce4a,Crvena jabuka,Mozart,sfrj,pop,0.8529411764705882,0.871578947368421,7.59
ceb0204d153a,Crvena jabuka,Na dlanu mi piše,sfrj,pop,0.6636363636363637,0.7229508196721312,6.97
6e774873f97b,Crvena jabuka,Na mom licu tople ruke,sfrj,pop,0.8701298701298701,0.9085714285714286,6.36
d200c9a4165f,Crvena jabuka,Na oluje navikli smo,sfrj,pop,0.8947368421052632,0.9348148148148148,9.09
38c64d17cf97,Crvena jabuka,Napiši jednu ljubavnu,sfrj,pop,0.524822695035461,0.8584782608695652,7.87
f218de83c46b,Crvena jabuka,Ne daj na sebe,sfrj,pop,0.6463414634146342,0.7133333333333333,5.58
e5c6dd28adc9,Crvena jabuka,Ne dam da ovaj osjećaj ode,sfrj,pop,0.8217821782178217,0.8726923076923078,6.83
2b7c1c383dd4,Crvena jabuka,Ne govori više,sfrj,pop,0.45901639344262296,0.5684931506849316,7.07
7beed96b68f0,Crvena jabuka,Ne mogu da te dijelim,sfrj,pop,0.5538461538461539,0.8367901234567902,5.42
c51b0fef2047,Crvena jabuka,Nek’ te on ljubi (kad ne mogu ja),sfrj,pop,0.7043478260869566,0.7112121212121212,7.21
9ed4b7e3c4a2,Crvena jabuka,Nek’ ti je prosto,sfrj,pop,0.7678571428571429,0.8565079365079366,5.99
a5b7f04aa83d,Crvena jabuka,Neka gore svjetovi,sfrj,pop,0.7802197802197802,0.8333333333333334,7.32
56e5c038d6a4,Crvena jabuka,Neka se sanja,sfrj,pop,0.75,0.8669090909090909,8.09
c0924e82e53b,Crvena jabuka,Neka vrijeme mijenja sve,sfrj,pop,0.8448275862068966,0.9480597014925373,8.3
4127382a909d,Crvena jabuka,Nekako s proljeća (with Kemal Monteno),sfrj,pop,0.6777777777777778,0.8436641221374046,9.5
42aee1593d58,Crvena jabuka,Nema više vremena,sfrj,pop,0.7,0.8274725274725274,8.73
2809ea070368,Crvena jabuka,Nemoj da sudiš preoštro o meni,sfrj,pop,0.6063829787234043,0.7662222222222224,8.06
da816d0e32f0,Crvena jabuka,"Ni zadnji, ni prvi",sfrj,pop,0.7641509433962265,0.8087719298245615,7.1
7b5f559e5a74,Crvena jabuka,Niko nije lud da spava,sfrj,pop,0.7739130434782608,0.8842424242424243,6.9
c2c39c848acf,Crvena jabuka,Noćas lipe opet mirišu na tebe,sfrj,pop,0.5373134328358209,0.708,8.07
b5bd307c2fe6,Crvena jabuka,Noći su hladne,sfrj,pop,0.6666666666666666,0.858,7.71
7583ff872422,Crvena jabuka,Nova ljubav,sfrj,pop,0.6044776119402985,0.8449411764705882,8.09
52fdec8ab8a0,Crvena jabuka,Oči boje srne,sfrj,pop,0.5266666666666666,0.8552475247524752,6.8
952ccbf04e96,Crvena jabuka,Oči su se navikle na mrak,sfrj,pop,0.8701298701298701,0.9578571428571429,8.98
17b8e787e618,Crvena jabuka,On je poput djeteta,sfrj,pop,0.7668711656441718,0.8605263157894736,9.85
57b24c80506f,Crvena jabuka,Ona mi se smije,sfrj,pop,0.75,0.8309677419354838,5.59
ec21736c905c,Crvena jabuka,Oprosti sto je ljubavna,sfrj,pop,0.5545454545454546,0.8026229508196722,5.69
2cdc7ce218b5,Crvena jabuka,Osim tebe,sfrj,pop,1.0,1.0,9.18
3ffb9301ee2a,Crvena jabuka,Osjećaj,sfrj,pop,0.7659574468085106,0.8155555555555556,7.41
2ba885f1f723,Crvena jabuka,Ovo je kraj (feat. Neverne bebe),sfrj,pop,0.5027322404371585,0.8116417910447762,5.21
72416467a98d,Crvena jabuka,Ples nevjernih godina,sfrj,pop,0.8888888888888888,0.8834782608695653,8.59
1a2a4874eddd,Crvena jabuka,Pravi ljudi,sfrj,pop,0.7956989247311828,0.865909090909091,9.82
919d14349b92,Crvena jabuka,Prijatelji moji,sfrj,pop,0.7282608695652174,0.8944186046511629,7.58
86bb99b28b51,Crvena jabuka,Principessa,sfrj,pop,0.8018867924528302,0.852280701754386,8.82
f07932cfdb9c,Crvena jabuka,Priznat ću joj sve (duet Rusko),sfrj,pop,0.7204301075268817,0.859090909090909,6.31
86b21ea0006c,Crvena jabuka,Pusti neka gori,sfrj,pop,0.7291666666666666,0.8642105263157894,7.69
fc623b261d68,Crvena jabuka,Radio,sfrj,pop,0.7079646017699115,0.74625,7.5
77cb3cc192b6,Crvena jabuka,Riznice sjećanja,sfrj,pop,0.8421052631578947,0.914074074074074,7.42
89ca50ef462c,Crvena jabuka,Sa tobom znam,sfrj,pop,0.7047619047619048,0.7653571428571428,4.7
a5c0eeab8dc9,Crvena jabuka,Sa tvojih usana,sfrj,pop,0.9122807017543859,0.91,7.42
aa345320934a,Crvena jabuka,Sad je srce stijena,sfrj,pop,0.8363636363636363,0.8433333333333333,7.87
1ab7e5457c81,Crvena jabuka,Samo da me ne iznevjeriš ti,sfrj,pop,0.8,0.9047619047619048,6.76
36a2f3039b83,Crvena jabuka,Šampanjski poljubac,sfrj,pop,0.6776859504132231,0.8913888888888888,6.56
7b58dd994d09,Crvena jabuka,Sanjati,sfrj,pop,0.7941176470588235,0.9031578947368422,8.84
1e67f9ade9f9,Crvena jabuka,Sarajlija,sfrj,pop,0.8656716417910447,0.8944444444444445,9.17
7b17091045ba,Crvena jabuka,Sestro srca mog,sfrj,pop,0.5789473684210527,0.6595652173913044,5.64
7c43d1a41595,Crvena jabuka,Šetajući daljinama,sfrj,pop,0.8805970149253731,0.9055555555555556,11.15
5a694270237e,Crvena jabuka,Srce si mi slomila,sfrj,pop,0.7115384615384616,0.664,7.77
fc955e79692a,Crvena jabuka,Starke,sfrj,pop,0.6583333333333333,0.8276056338028168,6.44
eb22d28ddf79,Crvena jabuka,Stižu me sjećanja,sfrj,pop,0.7821782178217822,0.8403846153846154,7.67
22ac1c6b3621,Crvena jabuka,Sto pijanih noći,sfrj,pop,0.7244897959183674,0.8742857142857143,6.7
39eb106cc6a7,Crvena jabuka,"Suzo moja, strpi se",sfrj,pop,0.8050847457627118,0.8791304347826087,8.15
c391346130af,Crvena jabuka,Sve što imaš ti,sfrj,pop,0.7288135593220338,0.8808695652173913,8.54
27a905f5f8d0,Crvena jabuka,Sve što sanjam,sfrj,pop,0.8481012658227848,0.878,7.7
fa9d52ce35f5,Crvena jabuka,Sviđa mi se ova stvar (Twist and Shout),sfrj,pop,0.5545454545454546,0.8131147540983606,5.69
540a9846d8b5,Crvena jabuka,Svijet je lopta šarena,sfrj,pop,0.782608695652174,0.8772093023255814,9.1
f84bae9f87eb,Crvena jabuka,Tamo gdje ljubav počinje,sfrj,pop,0.7253521126760564,0.9292473118279571,9.78
042603a996aa,Crvena jabuka,Tebe imam sam da ostarim,sfrj,pop,0.47398843930635837,0.7903225806451613,4.79
0b0f6fc93d3d,Crvena jabuka,Tebi je do mene stalo,sfrj,pop,0.6756756756756757,0.8196774193548387,5.73
48d169fb2ed3,Crvena jabuka,Ti mi dušu uzimaš,sfrj,pop,0.7428571428571429,0.8760714285714286,8.48
aaa5325e4523,Crvena jabuka,Ti si lijepa,sfrj,pop,0.7117117117117117,0.8316129032258065,7.93
8c6868e5f036,Crvena jabuka,"Tuga, ti i ja",sfrj,pop,0.8292682926829268,0.9386486486486486,8.32
5c9f1b87b12a,Crvena jabuka,"Tugo, nesrećo",sfrj,pop,0.704225352112676,0.8081818181818182,8.98
985078d43864,Crvena jabuka,Tvoga srca vrata,sfrj,pop,0.75,0.74,7.42
1846836d36f9,Crvena jabuka,Tvojim željama vođen,sfrj,pop,0.6,0.8954455445544555,4.65
21bda790dc4d,Crvena jabuka,Učiniću sve da te zadovoljim,sfrj,pop,0.5714285714285714,0.8674285714285714,8.61
51359c1a0862,Crvena jabuka,Ukrast ću ti snove,sfrj,pop,0.8031496062992126,0.8923076923076922,7.66
9add42721f7f,Crvena jabuka,Umrijeću noćas od ljepote,sfrj,pop,0.8412698412698413,0.8571428571428571,9.16
00203ae8d1f5,Crvena jabuka,Uzmi me (kad hoćeš ti),sfrj,pop,0.6153846153846154,0.8491176470588235,8.97
7a9989d2d1f8,Crvena jabuka,Uzmi sve,sfrj,pop,0.5087719298245614,0.8055384615384615,6.14
6ea36c0c0bac,Crvena jabuka,Vjerujem (feat. Karlo Martinović),sfrj,pop,0.717391304347826,0.7990697674418604,8.09
10c9d88046ae,Crvena jabuka,Volio bih da si tu,sfrj,pop,0.7674418604651163,0.8616216216216216,7.63
0c21244b3722,Crvena jabuka,Voljelo se dvoje mladih,sfrj,pop,0.7558139534883721,0.7708108108108108,8.73
d8096057eb0b,Crvena jabuka,Vozovi polaze,sfrj,pop,0.8152173913043478,0.924186046511628,8.65
241598ff3987,Crvena jabuka,"Vraćam se tebi, seko",sfrj,pop,0.7241379310344828,0.8403200000000001,8.78
0bd9d64b0c5a,Crvena jabuka,Za njene oči,sfrj,pop,0.452991452991453,0.7135294117647059,6.13
b03a1d30400a,Crvena jabuka,Za svaku boru,sfrj,pop,0.8095238095238095,0.88,5.43
62f21e0a92e4,Crvena jabuka,Za sve ove godine,sfrj,pop,0.6574074074074074,0.8172881355932203,6.97
550ee5f5d528,Crvena jabuka,Zadnji put me pogledaj,sfrj,pop,0.6583333333333333,0.8935211267605634,6.57
71ed125cd30f,Crvena jabuka,Žarjavele trobente,sfrj,pop,0.5476190476190477,0.7348571428571429,11.12
0b2aad2852c2,Crvena jabuka,Zlatna ruža (duet Dado Čaušević),sfrj,pop,0.7013888888888888,0.8442105263157895,7.59
386fb1f08a23,Crvena jabuka,"Zlato moje, dobar dan",sfrj,pop,0.7051282051282052,0.78,9.39
504f69295627,Crvena jabuka,Znam (with Arsen Dedić),sfrj,pop,0.8130841121495327,0.8620689655172413,7.24
2be77228f3e2,Crvena jabuka,Znaš da nekad mislim na tebe,sfrj,pop,0.488,0.7826315789473683,5.87
0c456a7d0c5a,Crvena jabuka,Zovu nas ulice,sfrj,pop,0.7663551401869159,0.9517241379310345,11.26
66bc51f02bb5,Crvena jabuka,Zvona zvone,sfrj,pop,0.9294117647058824,0.9566666666666666,9.89
8b537f7c9d59,Plavi orkestar,Ako su to samo bile laži,sfrj,pop,0.43846153846153846,0.7955555555555556,7.19
be863e7cd806,Plavi orkestar,Bolje biti pijan nego star,sfrj,pop,0.39759036144578314,0.6041025641025641,7.26
a49d19e51cc4,Plavi orkestar,Djevojka iz snova,sfrj,pop,0.5833333333333334,0.8195744680851065,7.28
bf806b078de0,Plavi orkestar,Goodbye teens,sfrj,pop,0.5344827586206896,0.5083582089552239,6.83
1b0a7babd165,Plavi orkestar,Kad si sam druže moj,sfrj,pop,0.4666666666666667,0.5315384615384615,3.18
82d8afb80799,Plavi orkestar,Kad ti ljubav ime prozove,sfrj,pop,0.7419354838709677,0.7963636363636364,8.47
f1275612df28,Plavi orkestar,Kaja,sfrj,pop,0.42592592592592593,0.7361676646706586,8.4
db5158db4287,Plavi orkestar,Medena curice,sfrj,pop,0.7017543859649122,0.745,8.36
9b9edf1b5902,Plavi orkestar,Mi smo pijane budale,sfrj,pop,0.5343511450381679,0.7592682926829268,7.19
174480937759,Plavi orkestar,Mladene,sfrj,pop,0.3130434782608696,0.3545454545454545,6.13
f409c660de0c,Plavi orkestar,Ne brini mama,sfrj,pop,0.39473684210526316,0.5842718446601942,7.49
3220819d5bdc,Plavi orkestar,Ne mogu ti ništa osim srca dati,sfrj,pop,0.4727272727272727,0.6472131147540984,10.02
c533ecbb822c,Plavi orkestar,Nisam je probudio,sfrj,pop,0.4878048780487805,0.5818181818181818,7.1
e7d2429ebe3c,Plavi orkestar,Od rođendana pa do rođendana,sfrj,pop,0.5426356589147286,0.8057500000000001,9.32
7d0bc10a3a7d,Plavi orkestar,Odlazi nam raja,sfrj,pop,0.43089430894308944,0.5089189189189188,9.07
c83fabb7ea52,Plavi orkestar,Odlazim,sfrj,pop,0.3072289156626506,0.6805128205128206,11.81
2739ec08408d,Plavi orkestar,Oka tvoja dva,sfrj,pop,0.578125,0.8703797468354431,8.73
eb0b7493c331,Plavi orkestar,Parajlija,sfrj,pop,0.33774834437086093,0.4266666666666667,7.51
cbfac8f97b3e,Plavi orkestar,Samo ponekad na tvoj rođendan,sfrj,pop,0.7171717171717171,0.8288,7.5
505f1308eab1,Plavi orkestar,Sava tiho teče,sfrj,pop,0.6629213483146067,0.748,7.47
b70feb1bab1e,Plavi orkestar,"Seks, keks & rock ‘n’ roll",sfrj,pop,0.5862068965517241,0.6252631578947369,4.06
02c303059492,Plavi orkestar,Soldatski bal,sfrj,pop,0.32515337423312884,0.4463157894736842,9.38
84a93c4884d7,Plavi orkestar,Suada,sfrj,pop,0.3958333333333333,0.7502097902097902,8.6
f6afd95e97e8,Plavi orkestar,Tako male stvari,sfrj,pop,0.5535714285714286,0.8021848739495798,5.15
cd3ed57a49d2,Plavi orkestar,Ti misliš da je meni lako (duet Dragana Mirković),sfrj,pop,0.5633802816901409,0.7333333333333334,6.6
dda3bbf1726e,Plavi orkestar,To je šok,sfrj,pop,0.4632768361581921,0.65265625,5.56
912a9087ff09,Plavi orkestar,"Ustani, voljena sejo",sfrj,pop,0.5492957746478874,0.6327272727272727,7.15
16a1cf754391,Plavi orkestar,Valcer,sfrj,pop,0.6140350877192983,0.63,8.57
a48c67305651,Plavi orkestar,Zelene su bile oči te,sfrj,pop,0.5636363636363636,0.5766666666666667,7.42
21546f68af3c,Regina,Gdje si sada ti,sfrj,pop,0.8142857142857143,0.8561904761904762,5.21
283ed775ab09,Regina,Kad zatvorim oči,sfrj,pop,0.6792452830188679,0.69,7.08
2f13abd7a8a2,Regina,Ljubav nije za nas,sfrj,pop,0.5463917525773195,0.5991666666666667,7.49
112cbe3bed03,Regina,Minijatura,sfrj,pop,0.7291666666666666,0.7291666666666666,4.04
767daef55c7c,Regina,Na jedan dan,sfrj,pop,0.5949367088607594,0.6546666666666667,4.92
a82d4260190c,Regina,Ne pitaj me,sfrj,pop,0.5092592592592593,0.6396610169491526,5.62
e4c33f6be536,Regina,Nikada,sfrj,pop,0.6323529411764706,0.6821052631578948,11.02
e8ff9ba231b1,Regina,Proti vetru,sfrj,pop,0.5107913669064749,0.835111111111111,3.14
c3f67d677c16,Regina,Ružo moja,sfrj,pop,0.7111111111111111,0.7848780487804878,9.79
c433eb932ba2,Regina,Samo jednom kada noć,sfrj,pop,0.7215189873417721,0.7906666666666667,4.42
7aabdf09e120,Halid Muslimović,"Ako, ako",sfrj,narodna_narodnjacka,0.7727272727272727,0.7727272727272727,5.6
9888108cb904,Halid Muslimović,Amela,sfrj,narodna_narodnjacka,0.7878787878787878,0.8435294117647059,8.72
df3f08502c8e,Halid Muslimović,Anita,sfrj,narodna_narodnjacka,0.8928571428571429,0.88,8.53
3c4d70cba9e4,Halid Muslimović,"Bolan sam ti, majko",sfrj,narodna_narodnjacka,0.4943820224719101,0.674,7.13
a7d4e1eee487,Halid Muslimović,Bole stare rane (duet Ella B),sfrj,narodna_narodnjacka,0.7218045112781954,0.8790476190476191,7.24
e35d435a8fa0,Halid Muslimović,Bolje svatovi,sfrj,narodna_narodnjacka,0.7678571428571429,0.8200000000000001,7.72
45170b5ca2aa,Halid Muslimović,Čaša tuge,sfrj,narodna_narodnjacka,0.8333333333333334,0.836,7.58
f7c3c27e9ee6,Halid Muslimović,Častio bih sve jarane,sfrj,narodna_narodnjacka,0.6231884057971014,0.763,6.32
544d76f085bd,Halid Muslimović,Čerga i Ciganka,sfrj,narodna_narodnjacka,0.44,0.5861538461538461,10.89
f58b6d1f4258,Halid Muslimović,Čuvaj prvu ljubav,sfrj,narodna_narodnjacka,0.819672131147541,0.8483333333333333,9.3
a433499f88f5,Halid Muslimović,Da mi nije ovog svijeta,sfrj,narodna_narodnjacka,0.6547619047619048,0.6268571428571429,7.72
db0f52f1f8df,Halid Muslimović,"Da, da, da",sfrj,narodna_narodnjacka,0.7808219178082192,0.765,4.62
6681111ee555,Halid Muslimović,Do bola,sfrj,narodna_narodnjacka,0.7818181818181819,0.8133333333333334,7.37
a693bada174c,Halid Muslimović,"Dođi, srećo moja",sfrj,narodna_narodnjacka,0.6190476190476191,0.7014285714285714,6.74
62852a2aa839,Halid Muslimović,Drugom na grudima,sfrj,narodna_narodnjacka,0.64,0.64,8.87
0450d8b52f59,Halid Muslimović,Džulijeta,sfrj,narodna_narodnjacka,0.6888888888888889,0.6888888888888889,9.5
ffe7b47d4884,Halid Muslimović,"Eh, kako smo se ljubili",sfrj,narodna_narodnjacka,0.5777777777777777,0.781860465116279,8.37
5911e3d5b5d2,Halid Muslimović,"Gdje si sada, da me vidiš",sfrj,narodna_narodnjacka,0.6551724137931034,0.7244444444444444,8.27
83ccfb55c97b,Halid Muslimović,"Gdje si sada, lijepa ženo",sfrj,narodna_narodnjacka,0.8461538461538461,0.89,6.33
e798774f0f3b,Halid Muslimović,"Halo, dušo, kako si",sfrj,narodna_narodnjacka,0.5168539325842697,0.6094999999999999,8.53
9e80fa3e58b4,Halid Muslimović,"Hej, jarani",sfrj,narodna_narodnjacka,0.6666666666666666,0.7381818181818182,10.16
44b80e3f1de5,Halid Muslimović,"Hej, kafano, neću više",sfrj,narodna_narodnjacka,0.7916666666666666,0.811304347826087,6.98
5cd9c9435d5b,Halid Muslimović,"Hej, ljubavi u dalekom gradu",sfrj,narodna_narodnjacka,0.7894736842105263,0.7851851851851852,7.07
040055184e38,Halid Muslimović,Hoću s tobom da se viđam,sfrj,narodna_narodnjacka,0.45555555555555555,0.6204878048780488,4.26
78b4f8bf6173,Halid Muslimović,I muškarac plakat’ može,sfrj,narodna_narodnjacka,0.7746478873239436,0.8509090909090908,7.41
9f70e57a538a,Halid Muslimović,"Idemo kući, moj brate (duet Armin Šaković)",sfrj,narodna_narodnjacka,0.46710526315789475,0.8912621359223301,5.26
7de6f968ea40,Halid Muslimović,"Idi druže, laku noć",sfrj,narodna_narodnjacka,0.75,0.7981818181818181,7.9
17d554ef5168,Halid Muslimović,"Idi, moram da ti kažem",sfrj,narodna_narodnjacka,0.7023809523809523,0.7954285714285714,5.98
64ffbc42ad48,Halid Muslimović,Idite i zovite je,sfrj,narodna_narodnjacka,0.7804878048780488,0.7804878048780488,8.28
f860c2f23a0b,Halid Muslimović,Imaš neku tajnu vezu,sfrj,narodna_narodnjacka,0.7346938775510204,0.8040816326530612,7.97
c7d20cd4f90c,Halid Muslimović,Jarani,sfrj,narodna_narodnjacka,0.7457627118644068,0.786,6.25
8612329e0b17,Halid Muslimović,Jasmina,sfrj,narodna_narodnjacka,0.8301886792452831,0.84,7.95
fc79f19a41d3,Halid Muslimović,Još ovu noć,sfrj,narodna_narodnjacka,0.4927536231884058,0.567,7.0
0fe663385274,Halid Muslimović,"Kako živiš, sestro",sfrj,narodna_narodnjacka,0.5876288659793815,0.5745833333333333,6.98
4f48e938b129,Halid Muslimović,Kćeri moja,sfrj,narodna_narodnjacka,0.6067415730337079,0.682,6.23
98f78c5dc367,Halid Muslimović,Ključ srca moga,sfrj,narodna_narodnjacka,0.7605633802816901,0.8163636363636364,7.31
7b0f51398f1c,Halid Muslimović,Ko li spava pokraj tebe,sfrj,narodna_narodnjacka,0.7564102564102564,0.7882758620689655,6.13
baa40c7fba30,Halid Muslimović,Kradljivica srca,sfrj,narodna_narodnjacka,0.8548387096774194,0.8784615384615384,10.47
194bb03fa4dd,Halid Muslimović,Kunem se,sfrj,narodna_narodnjacka,0.6,0.6,6.42
4880b9bba86e,Halid Muslimović,"Kunem ti se, Jano",sfrj,narodna_narodnjacka,0.7301587301587301,0.7857142857142857,6.36
9a877cf9dfc4,Halid Muslimović,Lažeš sebe,sfrj,narodna_narodnjacka,0.8571428571428571,0.8571428571428571,5.27
ec71d666c47e,Halid Muslimović,Lijte suze bola,sfrj,narodna_narodnjacka,0.4936708860759494,0.5933333333333334,7.84
5a882783f60e,Halid Muslimović,Ljubavna afera,sfrj,narodna_narodnjacka,0.7108433734939759,0.74,7.58
47aa80f811fe,Halid Muslimović,Ljube mi se usne tvoje,sfrj,narodna_narodnjacka,0.6307692307692307,0.7112499999999999,5.78
3d75957bde8b,Halid Muslimović,Loša navika,sfrj,narodna_narodnjacka,0.8,0.8138461538461539,9.03
9e75645e80fe,Halid Muslimović,"Majko, pomozi mi",sfrj,narodna_narodnjacka,0.7169811320754716,0.73,7.28
84ccc71b6afa,Halid Muslimović,Maksuz selam,sfrj,narodna_narodnjacka,0.5588235294117647,0.6494736842105263,7.41
770a0f0f7dba,Halid Muslimović,Mala misli da sam lud,sfrj,narodna_narodnjacka,0.7068965517241379,0.7644444444444445,10.71
3bedadc37a9b,Halid Muslimović,Mala sa Dunava,sfrj,narodna_narodnjacka,0.5897435897435898,0.6144827586206897,6.35
82ef15f5f1e2,Halid Muslimović,Malo sam se zaljubio,sfrj,narodna_narodnjacka,0.8157894736842105,0.8157894736842105,8.31
881502bf71eb,Halid Muslimović,Mama ne da da te diram,sfrj,narodna_narodnjacka,0.4117647058823529,0.6072222222222222,3.42
ccb507c023d5,Halid Muslimović,Maska anđela,sfrj,narodna_narodnjacka,0.46938775510204084,0.7644897959183674,5.22
0c8d9d5b974a,Halid Muslimović,Mene je učilo vrijeme,sfrj,narodna_narodnjacka,0.7254901960784313,0.73,7.04
be267770290d,Halid Muslimović,Metak ljubavi,sfrj,narodna_narodnjacka,0.6923076923076923,0.8195061728395061,6.28
c82308f31dc0,Halid Muslimović,Milena,sfrj,narodna_narodnjacka,0.7592592592592593,0.792,8.45
eac7fe106376,Halid Muslimović,Mladost više doći neće,sfrj,narodna_narodnjacka,0.8648648648648649,0.8728,9.02
2387189f8544,Halid Muslimović,Moj brate (duet Zorica Brunclik),sfrj,narodna_narodnjacka,0.6407766990291263,0.8933333333333334,6.29
42016cc41972,Halid Muslimović,Moj Prijedore,sfrj,narodna_narodnjacka,0.6823529411764706,0.8238888888888889,9.8
78924de74ce8,Halid Muslimović,"Moj živote, ljubavi i tugo",sfrj,narodna_narodnjacka,0.8629032258064516,0.9544,9.1
0e08deb67681,Halid Muslimović,Ne dozvoli,sfrj,narodna_narodnjacka,0.5443037974683544,0.6766666666666666,8.59
db1fec8d54ba,Halid Muslimović,"Ne mogu više, idem spavati",sfrj,narodna_narodnjacka,0.7096774193548387,0.7096774193548387,7.74
2a950f9f1d27,Halid Muslimović,Ne možemo dalje,sfrj,narodna_narodnjacka,0.8148148148148148,0.8400000000000001,7.36
9570004a8b7a,Halid Muslimović,Ne plači,sfrj,narodna_narodnjacka,0.7352941176470589,0.7352941176470589,7.57
bf8bf7a3f58f,Halid Muslimović,Ne stavljaj so na ranu,sfrj,narodna_narodnjacka,0.8125,0.8125,6.13
9b2568d191c7,Halid Muslimović,Ne traži da praštam,sfrj,narodna_narodnjacka,0.7313432835820896,0.7822222222222223,8.94
6c6d220380c5,Halid Muslimović,Ne tražite,sfrj,narodna_narodnjacka,0.7625,0.8038709677419356,7.69
d7f0b743e0b4,Halid Muslimović,Ne troši suze na mene,sfrj,narodna_narodnjacka,0.684931506849315,0.75,6.81
3317f8649b3b,Halid Muslimović,Ne vraćaj mi prsten,sfrj,narodna_narodnjacka,0.7468354430379747,0.8,5.31
464e3b1927f8,Halid Muslimović,"Ne žali je, druže",sfrj,narodna_narodnjacka,0.6891891891891891,0.7208,5.15
b03571d2d282,Halid Muslimović,"Ne, ne idi drugom",sfrj,narodna_narodnjacka,0.4731182795698925,0.5436363636363637,4.31
69a06369ba10,Halid Muslimović,Nekad si moj saputnik bila,sfrj,narodna_narodnjacka,0.872093023255814,0.8913513513513512,8.32
a856e254e3f9,Halid Muslimović,Nema pravde,sfrj,narodna_narodnjacka,0.8,0.8018181818181819,7.31
1ec52f580b93,Halid Muslimović,Nemoj me tražiti,sfrj,narodna_narodnjacka,0.7843137254901961,0.78,7.35
536a41aea14c,Halid Muslimović,"Nemoj tako, hej sviraču",sfrj,narodna_narodnjacka,0.7323943661971831,0.7454545454545454,7.25
d392c84f5ccd,Halid Muslimović,Nemojte je drugom dati,sfrj,narodna_narodnjacka,0.5866666666666667,0.6623076923076923,6.69
be8d7680b5a9,Halid Muslimović,Nepoznati druže moj,sfrj,narodna_narodnjacka,0.8611111111111112,0.9043478260869565,6.65
1d4dc8e78cd8,Halid Muslimović,Nestala si kao dim,sfrj,narodna_narodnjacka,0.7868852459016393,0.8483333333333333,5.35
87762332e4e0,Halid Muslimović,Nešto me za tebe veže,sfrj,narodna_narodnjacka,0.4909090909090909,0.49333333333333335,5.72
b1e2366d9a07,Halid Muslimović,"Nevjero, moja nevjero",sfrj,narodna_narodnjacka,0.9054054054054054,0.8792,9.14
354b225f0751,Halid Muslimović,"Nije mene, dušo, ubilo",sfrj,narodna_narodnjacka,0.875,0.9053333333333333,9.54
19ecc575b48a,Halid Muslimović,Nisam bezobrazan,sfrj,narodna_narodnjacka,0.6226415094339622,0.63,5.06
7ddff2d0aafb,Halid Muslimović,Nisi više jaran moj,sfrj,narodna_narodnjacka,0.6779661016949152,0.692,5.65
e1f21432c9fd,Halid Muslimović,Nisi znala da te volim,sfrj,narodna_narodnjacka,0.7252747252747253,0.7714285714285714,6.54
b827a957ace7,Halid Muslimović,Ništa od nas biti neće,sfrj,narodna_narodnjacka,0.6666666666666666,0.675,7.54
125b0a2c0d13,Halid Muslimović,Noć sa tobom,sfrj,narodna_narodnjacka,0.6610169491525424,0.724,4.33
05ccaad21d19,Halid Muslimović,Noćas točim svoju mladost,sfrj,narodna_narodnjacka,0.6440677966101694,0.696,8.25
1ef21f7e752a,Halid Muslimović,"O, Ciganko moja",sfrj,narodna_narodnjacka,0.7448979591836735,0.8351020408163266,7.63
1b0dec433681,Halid Muslimović,Oboje smo ostavljeni,sfrj,narodna_narodnjacka,0.7669902912621359,0.7844444444444444,8.29
43061811589c,Halid Muslimović,Od rakije nema bolje žene,sfrj,narodna_narodnjacka,0.8478260869565217,0.8478260869565217,7.69
f0dd52a92d88,Halid Muslimović,"Oj, jarane, jarane",sfrj,narodna_narodnjacka,0.7719298245614035,0.8049999999999999,6.09
38ebb139ce9a,Halid Muslimović,Oluja se sprema (duet Amela Zuković),sfrj,narodna_narodnjacka,0.4842105263157895,0.6817391304347826,7.22
9004cdde8256,Halid Muslimović,Ona zna,sfrj,narodna_narodnjacka,0.7636363636363637,0.7533333333333333,8.51
93f003b72b96,Halid Muslimović,"Ona, prijatelju",sfrj,narodna_narodnjacka,0.7962962962962963,0.808,8.67
8ec992832d98,Halid Muslimović,Opsesija,sfrj,narodna_narodnjacka,0.5955056179775281,0.8025,7.33
533dfec6f1a8,Halid Muslimović,Ostala si sama,sfrj,narodna_narodnjacka,0.6190476190476191,0.6190476190476191,11.05
678de27726a1,Halid Muslimović,Pamtit ćemo ovaj grad,sfrj,narodna_narodnjacka,0.6842105263157895,0.8162962962962963,7.02
bd50450dbeeb,Halid Muslimović,Pas bez lanca,sfrj,narodna_narodnjacka,0.6575342465753424,0.6875,6.56
c37ef7ac0b9c,Halid Muslimović,"Piši, piši, jarane",sfrj,narodna_narodnjacka,0.8352941176470589,0.845,8.97
de8da14aa5e0,Halid Muslimović,Pitala me kako mi je,sfrj,narodna_narodnjacka,0.7936507936507936,0.8342857142857143,5.94
7835701f5fa3,Halid Muslimović,Pjesma prijatelju,sfrj,narodna_narodnjacka,0.75,0.8008695652173914,8.78
ab8b009c4b24,Halid Muslimović,Pjesma za fajront,sfrj,narodna_narodnjacka,0.8760330578512396,0.9088888888888889,8.62
411680f12940,Halid Muslimović,"Plakao bih, plakao",sfrj,narodna_narodnjacka,0.6956521739130435,0.6956521739130435,6.4
96d7b5ea6c81,Halid Muslimović,Pomozi kukavici,sfrj,narodna_narodnjacka,0.6554621848739496,0.8774285714285714,7.36
60912ffc5626,Halid Muslimović,Ponos ne da da te molim,sfrj,narodna_narodnjacka,0.7526881720430108,0.8599999999999999,7.36
299b14892e1a,Halid Muslimović,Pozdravi mi jarane,sfrj,narodna_narodnjacka,0.7857142857142857,0.7990476190476191,8.09
17464d79618a,Halid Muslimović,Poželjet ćeš opet mene,sfrj,narodna_narodnjacka,0.676923076923077,0.7275,7.78
f34a78444f25,Halid Muslimović,Prijedorčanka,sfrj,narodna_narodnjacka,0.6363636363636364,0.6866666666666666,11.71
d9730d930c96,Halid Muslimović,Prođoh tada pored tebe,sfrj,narodna_narodnjacka,0.8309859154929577,0.8945454545454545,8.08
0a28250a823f,Halid Muslimović,Prokleti grad,sfrj,narodna_narodnjacka,0.5844155844155844,0.765,5.76
bbd1ee9076dc,Halid Muslimović,Prsten moje majke,sfrj,narodna_narodnjacka,0.8194444444444444,0.8495652173913043,6.32
a141fe42fa83,Halid Muslimović,Prva ljubav,sfrj,narodna_narodnjacka,0.6666666666666666,0.7025,7.17
c98a6a5933f4,Halid Muslimović,"Putuj, putuj, srećo moja",sfrj,narodna_narodnjacka,0.7567567567567568,0.8223999999999999,9.97
01bc9b18977e,Halid Muslimović,Rado bih opet sa tobom,sfrj,narodna_narodnjacka,0.7428571428571429,0.8142857142857144,5.67
feee5ab84aa1,Halid Muslimović,Rastaju se zaljubljeni,sfrj,narodna_narodnjacka,0.6455696202531646,0.746,10.45
0ce5ba89827d,Halid Muslimović,Reci mi,sfrj,narodna_narodnjacka,0.8409090909090909,0.8409090909090909,8.55
fee67970f4ee,Halid Muslimović,"Reci, srećo",sfrj,narodna_narodnjacka,0.6506024096385542,0.8076470588235294,7.47
54f3fdec8eff,Halid Muslimović,Romana,sfrj,narodna_narodnjacka,0.5051546391752577,0.6737500000000001,7.19
49d9e3644d8e,Halid Muslimović,Rosna livada,sfrj,narodna_narodnjacka,0.4423076923076923,0.44,13.22
3a2996bad6e4,Halid Muslimović,Sad mi vino dušu grije,sfrj,narodna_narodnjacka,0.6455696202531646,0.782,4.3
d96e90e39a21,Halid Muslimović,Samo ti možeš slomiti mi srce,sfrj,narodna_narodnjacka,0.42748091603053434,0.6604878048780488,6.18
e17e2c9906f1,Halid Muslimović,Šank,sfrj,narodna_narodnjacka,0.7818181818181819,0.8266666666666667,6.13
099d4d8fcc32,Halid Muslimović,Sijeda kosa počela je,sfrj,narodna_narodnjacka,0.7777777777777778,0.8541463414634147,7.19
09309f5ccdbf,Halid Muslimović,Slomljena srca,sfrj,narodna_narodnjacka,0.9090909090909091,0.92,6.35
6eb61a034740,Halid Muslimović,"Slušaj, majko, moju pjesmu",sfrj,narodna_narodnjacka,0.7297297297297297,0.8192,7.26
b16b3f2ad29d,Halid Muslimović,Srce ludo još je voli,sfrj,narodna_narodnjacka,0.42028985507246375,0.511,6.77
78b15fc1b324,Halid Muslimović,Srno malena,sfrj,narodna_narodnjacka,0.8392857142857143,0.8371428571428571,6.67
5350c30f185a,Halid Muslimović,Šta ćeš mi sad,sfrj,narodna_narodnjacka,0.8676470588235294,0.9094736842105263,8.11
96a4e1a8d0a7,Halid Muslimović,"Šta uradi, druže",sfrj,narodna_narodnjacka,0.7961165048543689,0.8737037037037036,8.92
5fffdf88f0f3,Halid Muslimović,"Stani malo, hej ljepoto",sfrj,narodna_narodnjacka,0.8571428571428571,0.8828571428571428,8.23
c639bef77413,Halid Muslimović,Što si sinu dala moje ime,sfrj,narodna_narodnjacka,0.746031746031746,0.8428571428571429,5.97
914c5e1b573a,Halid Muslimović,"Stoj, jarane",sfrj,narodna_narodnjacka,0.654320987654321,0.699375,8.51
cf33d02d6c89,Halid Muslimović,Stranac u svom gradu,sfrj,narodna_narodnjacka,0.7017543859649122,0.745,7.59
8a376fb64d05,Halid Muslimović,Suđeno nam nije,sfrj,narodna_narodnjacka,0.7,0.7,8.69
abd0bbcb1a11,Halid Muslimović,Suzana,sfrj,narodna_narodnjacka,0.6304347826086957,0.6758139534883721,8.32
e9618366cdc6,Halid Muslimović,Svako ko nema ljubavi,sfrj,narodna_narodnjacka,0.7666666666666667,0.82,8.5
eb5c788fdb30,Halid Muslimović,Sve je ovo prokleto,sfrj,narodna_narodnjacka,0.6805555555555556,0.7382608695652174,8.7
b3df7302a913,Halid Muslimović,Sve me tebi vraća,sfrj,narodna_narodnjacka,0.5408163265306123,0.6428571428571429,4.38
5a45b7ead442,Halid Muslimović,Sve te žene,sfrj,narodna_narodnjacka,0.8627450980392157,0.87,7.59
c74d82ef5fe2,Halid Muslimović,"Svirajte mi đelem, đelem",sfrj,narodna_narodnjacka,0.8035714285714286,0.8228571428571428,7.58
a6095a04d473,Halid Muslimović,Takav sam ja,sfrj,narodna_narodnjacka,0.620253164556962,0.724,5.64
6f104f4bc433,Halid Muslimović,Ti i ja,sfrj,narodna_narodnjacka,0.7525773195876289,0.7858333333333333,8.43
62e5b87512e8,Halid Muslimović,Ti si moja djevojka,sfrj,narodna_narodnjacka,0.7283950617283951,0.78,7.14
099468f9e49d,Halid Muslimović,Ti si vino koje pijem,sfrj,narodna_narodnjacka,0.6914893617021277,0.7511111111111111,5.78
0012ad1344a1,Halid Muslimović,"To nisi ti, to nisam ja",sfrj,narodna_narodnjacka,0.881578947368421,0.8881481481481481,6.73
ba84bdacbdf5,Halid Muslimović,Tražila si sve,sfrj,narodna_narodnjacka,0.7755102040816326,0.7755102040816326,5.17
738c6953e563,Halid Muslimović,Tuđino,sfrj,narodna_narodnjacka,0.8,0.87375,8.14
9a1c727de41e,Halid Muslimović,Tvoje ime kao vino,sfrj,narodna_narodnjacka,0.7127659574468085,0.7848888888888889,8.04
0f6340141e05,Halid Muslimović,U ovom malenom gradu,sfrj,narodna_narodnjacka,0.8,0.8,8.46
1849d159dd63,Halid Muslimović,Učini bar jedan pogrešan korak,sfrj,narodna_narodnjacka,0.8536585365853658,0.9012121212121212,5.4
ffd05ee2a17f,Halid Muslimović,Vjeruj meni (duet Adelisa),sfrj,narodna_narodnjacka,0.5573770491803278,0.5783333333333334,7.95
f0df30224e90,Halid Muslimović,Volimo te ja i moja mama,sfrj,narodna_narodnjacka,0.8536585365853658,0.9,9.58
56e1e5afe548,Halid Muslimović,Volio sam te,sfrj,narodna_narodnjacka,0.7222222222222222,0.74,8.67
a0422b1e9356,Halid Muslimović,Voz bez granica,sfrj,narodna_narodnjacka,0.6481481481481481,0.8549152542372881,9.98
fd1372689d79,Halid Muslimović,Vrati se dok mladosti ima,sfrj,narodna_narodnjacka,0.7313432835820896,0.8266666666666667,6.12
eb29d7040b35,Halid Muslimović,"Vrati se, sunce moje",sfrj,narodna_narodnjacka,0.8024691358024691,0.8875,7.51
ae7d086817a9,Halid Muslimović,Za moju tugu nosača nema,sfrj,narodna_narodnjacka,0.8863636363636364,0.9220512820512821,8.41
ccc36edce76b,Halid Muslimović,Zagrli me i radosna budi,sfrj,narodna_narodnjacka,0.8279569892473119,0.9113636363636364,7.61
732bd6da6b45,Halid Muslimović,"Zapjevaj mi, brate",sfrj,narodna_narodnjacka,0.8571428571428571,0.92,7.93
55d8f5314937,Halid Muslimović,Zaplakala Bosna,sfrj,narodna_narodnjacka,0.7313432835820896,0.8066666666666666,13.95
3598a44946f5,Halid Muslimović,Zašto sam ostao sam,sfrj,narodna_narodnjacka,0.6567164179104478,0.73,4.18
7a51e8064917,Halid Muslimović,"Zbogom ostaj, malena",sfrj,narodna_narodnjacka,0.8571428571428571,0.8866666666666667,8.7
6bcb004eb907,Halid Muslimović,Želim da te zaboravim,sfrj,narodna_narodnjacka,0.8333333333333334,0.8727272727272727,7.4
56937e1a5733,Halid Muslimović,Želiš me,sfrj,narodna_narodnjacka,0.6785714285714286,0.8304761904761905,5.23
3f41659b461c,Halid Muslimović,Želiš mi sreću,sfrj,narodna_narodnjacka,0.6323529411764706,0.7705263157894737,8.86
d22bedc2f278,Halid Muslimović,Želja si mi samo ti,sfrj,narodna_narodnjacka,0.6547619047619048,0.7165714285714285,5.05
91336ef80a0b,Halid Muslimović,"Znam, ne mogu biti tvoj",sfrj,narodna_narodnjacka,0.8591549295774648,0.8936363636363637,7.58
80de17ff3b49,Halid Muslimović,"Znam, za sve sam kriv",sfrj,narodna_narodnjacka,0.6626506024096386,0.7705882352941176,4.8
6528bda7a37f,Šemsa Suljaković,Što me pitaš,sfrj,narodna_narodnjacka,0.34545454545454546,0.38000000000000006,3.31
6b4515d7369b,Dragan Kojić Keba,A bila si zaljubljena,tranzicija,turbo_folk,0.7551020408163265,0.7551020408163265,5.89
3f3dbf6276e3,Dragan Kojić Keba,Ako te sutra pitaju,tranzicija,turbo_folk,0.7590361445783133,0.8441176470588235,7.05
12e6ef933fc7,Dragan Kojić Keba,Bensedini,tranzicija,turbo_folk,0.7974683544303798,0.8153333333333334,7.67
8254eb464fbd,Dragan Kojić Keba,Bog mi je svedok,tranzicija,turbo_folk,0.6764705882352942,0.7936842105263158,7.27
659d6412b9b3,Dragan Kojić Keba,Bogovi ljubavi (duet Gorica Ilić),tranzicija,turbo_folk,0.6379310344827587,0.7,6.47
e7a232985057,Dragan Kojić Keba,"Bolestan sam, dušo",tranzicija,turbo_folk,0.8297872340425532,0.8297872340425532,8.53
af5fa6c30dc4,Dragan Kojić Keba,Boli me,tranzicija,turbo_folk,0.5135135135135135,0.647741935483871,4.43
14338ec61235,Dragan Kojić Keba,Bre gidi džanum,tranzicija,turbo_folk,0.8108108108108109,0.8108108108108109,5.67
c875c5d65496,Dragan Kojić Keba,Četiri suze,tranzicija,turbo_folk,0.65625,0.7413333333333334,8.06
5ebeabc4da38,Dragan Kojić Keba,Crno vino,tranzicija,turbo_folk,0.9215686274509803,0.92,5.97
9c3d02e4c5ab,Dragan Kojić Keba,Cvećar,tranzicija,turbo_folk,0.5086705202312138,0.8903225806451613,7.1
749abee27177,Dragan Kojić Keba,Cveta trešnja,tranzicija,turbo_folk,0.6,0.6233333333333334,7.01
54e406638fa9,Dragan Kojić Keba,Dođi da se pozdravimo,tranzicija,turbo_folk,0.7719298245614035,0.7925,5.27
9e1a9950b01e,Dragan Kojić Keba,"Dođi, srce da ozdravi",tranzicija,turbo_folk,0.8787878787878788,0.8787878787878788,9.62
1ebb1ea9d014,Dragan Kojić Keba,Dok Loznica mirno spava,tranzicija,turbo_folk,0.9154929577464789,0.9218181818181819,7.58
3ba9ac8319b9,Dragan Kojić Keba,Dve litre vina (duet Sinan Sakić),tranzicija,turbo_folk,0.8166666666666667,0.8527272727272727,7.8
dc2ecd109516,Dragan Kojić Keba,"Ej, sudbino",tranzicija,turbo_folk,0.6470588235294118,0.7210526315789473,8.28
723161dad830,Dragan Kojić Keba,"Idem, idem dušo moja",tranzicija,turbo_folk,0.6853932584269663,0.7765000000000001,5.94
290f07b251ee,Dragan Kojić Keba,Ikona,tranzicija,turbo_folk,0.7540983606557377,0.805,6.01
eedd22b387ec,Dragan Kojić Keba,Imao sam,tranzicija,turbo_folk,0.6818181818181818,0.6818181818181818,11.43
7b36c6f90df7,Dragan Kojić Keba,Isti san (duet Esma Redžepova),tranzicija,turbo_folk,0.674074074074074,0.8130232558139535,7.02
8c6faba02302,Dragan Kojić Keba,Ja dalje putujem sam,tranzicija,turbo_folk,0.4915254237288136,0.6373913043478261,5.08
5fb61344cd5b,Dragan Kojić Keba,Jasmina,tranzicija,turbo_folk,0.8888888888888888,0.9014285714285715,9.15
c6359a455398,Dragan Kojić Keba,Jedan dan života,tranzicija,turbo_folk,0.7922077922077922,0.9078571428571429,5.75
5ac6f143534c,Dragan Kojić Keba,Jednom u životu,tranzicija,turbo_folk,0.8059701492537313,0.8188888888888889,7.53
b8c926836d05,Dragan Kojić Keba,Još te sanjam,tranzicija,turbo_folk,0.8225806451612904,0.8446153846153847,3.81
8d86bae679e3,Dragan Kojić Keba,Juče je moglo biti sve,tranzicija,turbo_folk,0.8627450980392157,0.87,8.79
1fd9ccd70f31,Dragan Kojić Keba,Ko te ima taj te nema,tranzicija,turbo_folk,0.5855855855855856,0.6329032258064516,6.04
96ac9918a95b,Dragan Kojić Keba,Količina,tranzicija,turbo_folk,0.640625,0.656,7.76
f8caee2fddc4,Dragan Kojić Keba,Kosa,tranzicija,turbo_folk,0.8970588235294118,0.9494736842105262,8.04
7819c29a6986,Dragan Kojić Keba,Košulja plava,tranzicija,turbo_folk,0.7865168539325843,0.8705,7.49
a04f113d13e0,Dragan Kojić Keba,Kukavica,tranzicija,turbo_folk,0.6694915254237288,0.812463768115942,7.31
00326ab26147,Dragan Kojić Keba,Lagala si,tranzicija,turbo_folk,0.734375,0.736,5.51
7a9c61c761e4,Dragan Kojić Keba,Lako je umreti,tranzicija,turbo_folk,0.7611940298507462,0.8111111111111111,7.76
ec5156175f36,Dragan Kojić Keba,Lice,tranzicija,turbo_folk,0.7368421052631579,0.7851851851851852,7.02
ffc8244dc69a,Dragan Kojić Keba,Lili,tranzicija,turbo_folk,0.6049382716049383,0.74125,5.69
f4e06367b51f,Dragan Kojić Keba,Ljiljana,tranzicija,turbo_folk,0.6896551724137931,0.7222222222222222,10.15
765781b78661,Dragan Kojić Keba,Ložač ugljena,tranzicija,turbo_folk,0.6739130434782609,0.7916279069767441,10.12
64b7acadf2d1,Dragan Kojić Keba,Majko,tranzicija,turbo_folk,0.6,0.6,7.08
89db5319722f,Dragan Kojić Keba,Mani me se,tranzicija,turbo_folk,0.6610169491525424,0.7011594202898551,5.75
b6939608f8d7,Dragan Kojić Keba,Mara,tranzicija,turbo_folk,0.5075757575757576,0.7356626506024097,7.21
403bdb1a5167,Dragan Kojić Keba,Marina,tranzicija,turbo_folk,0.7752808988764045,0.776,5.94
6d31d2c01a2d,Dragan Kojić Keba,Medeni kolači,tranzicija,turbo_folk,0.5232558139534884,0.6724324324324324,6.86
757425defcb8,Dragan Kojić Keba,Mesečina,tranzicija,turbo_folk,0.5806451612903226,0.6415384615384615,6.39
25c1d9c3b7c5,Dragan Kojić Keba,Moj brate,tranzicija,turbo_folk,0.7021276595744681,0.7021276595744681,5.52
1766ebc20072,Dragan Kojić Keba,Moj Dragane,tranzicija,turbo_folk,0.4166666666666667,0.5104347826086957,5.83
006e273c4a49,Dragan Kojić Keba,Moj život,tranzicija,turbo_folk,0.6633663366336634,0.7584615384615384,5.64
c16d48c873d1,Dragan Kojić Keba,Najlepša si uspomena,tranzicija,turbo_folk,0.7272727272727273,0.7272727272727273,7.15
f61478c52758,Dragan Kojić Keba,Ne dirajte uspomene te,tranzicija,turbo_folk,0.7777777777777778,0.8429268292682928,6.93
eb93d3d78214,Dragan Kojić Keba,Ne kradi mi godine,tranzicija,turbo_folk,0.8666666666666667,0.8666666666666667,9.24
2fb1baaed112,Dragan Kojić Keba,Ne mogu da dočekam,tranzicija,turbo_folk,0.4431818181818182,0.44461538461538463,5.82
9231812c0c28,Dragan Kojić Keba,Ne mogu da te ne volim,tranzicija,turbo_folk,0.6197183098591549,0.65,6.48
947df5f0857f,Dragan Kojić Keba,"Ne varaj me, ženo, ti",tranzicija,turbo_folk,0.8125,0.8125,7.85
3165539d6d6e,Dragan Kojić Keba,Ne zovite doktore,tranzicija,turbo_folk,0.7,0.7847619047619048,6.34
12380fa0dbad,Dragan Kojić Keba,Neka ide dođavola,tranzicija,turbo_folk,0.8367346938775511,0.8367346938775511,8.48
75e40abcbdd8,Dragan Kojić Keba,"Nemam drage, nemam druga",tranzicija,turbo_folk,0.72,0.72,8.93
6fc5c91bd244,Dragan Kojić Keba,Nemoj ništa pričati (duet Ana Bekuta),tranzicija,turbo_folk,0.7931034482758621,0.8044444444444445,8.03
223ebe61383a,Dragan Kojić Keba,Nevera,tranzicija,turbo_folk,0.7631578947368421,0.817037037037037,8.93
09aea8aa9c0c,Dragan Kojić Keba,Nevidljiva suza,tranzicija,turbo_folk,0.6507936507936508,0.7471428571428572,6.69
1e700aac9334,Dragan Kojić Keba,Nije meni žao mene,tranzicija,turbo_folk,0.75,0.7837037037037037,6.71
d23af34722b9,Dragan Kojić Keba,"Oj, livado",tranzicija,turbo_folk,0.8,0.85375,7.24
80eca7a8f5b9,Dragan Kojić Keba,Ostavi me,tranzicija,turbo_folk,0.7142857142857143,0.7232142857142857,6.59
d8d1cbe49886,Dragan Kojić Keba,Ovo srce,tranzicija,turbo_folk,0.6615384615384615,0.7262500000000001,4.51
ba7638651a7e,Dragan Kojić Keba,"Plače mi se, ali ne smem",tranzicija,turbo_folk,0.671875,0.744,6.77
6e6ecf5748d7,Dragan Kojić Keba,Plavo oko plakalo je,tranzicija,turbo_folk,0.6833333333333333,0.7254545454545455,11.05
4d2ffa0616e7,Dragan Kojić Keba,Po svetu lutaću sam,tranzicija,turbo_folk,0.5892857142857143,0.6371428571428571,8.11
ca03f7b5dc37,Dragan Kojić Keba,Postao sam drug samoće,tranzicija,turbo_folk,0.8833333333333333,0.8872727272727272,9.87
eff355d1ce78,Dragan Kojić Keba,Predosećam,tranzicija,turbo_folk,0.7868852459016393,0.8366666666666666,8.53
7aa5fe54e6e7,Dragan Kojić Keba,Procvetala lipa stara,tranzicija,turbo_folk,0.45,0.5974193548387097,10.93
74f1b7d31767,Dragan Kojić Keba,Sanjam,tranzicija,turbo_folk,0.7303370786516854,0.837,6.62
e9597cd37db7,Dragan Kojić Keba,Sedam dana,tranzicija,turbo_folk,0.5694444444444444,0.648695652173913,10.35
00f564b5ed6f,Dragan Kojić Keba,Sena,tranzicija,turbo_folk,0.631578947368421,0.8308695652173913,7.63
cc03312c1d14,Dragan Kojić Keba,Srce piše suzama,tranzicija,turbo_folk,0.8378378378378378,0.8378378378378378,10.49
c642a7dee36c,Dragan Kojić Keba,Stranca dva,tranzicija,turbo_folk,0.8557692307692307,0.912,7.09
d4a34e1d680e,Dragan Kojić Keba,Svako svojim putem,tranzicija,turbo_folk,0.8658536585365854,0.8921212121212122,7.08
5908daabae4a,Dragan Kojić Keba,Sve ću tuge poneti sa sobom,tranzicija,turbo_folk,0.6923076923076923,0.8252380952380953,7.38
c285c7fb2acc,Dragan Kojić Keba,Sve ljubavi nove,tranzicija,turbo_folk,0.5263157894736842,0.6360869565217392,5.98
c42250264559,Dragan Kojić Keba,Sve na pesmu i veselje,tranzicija,turbo_folk,0.6309523809523809,0.7788571428571429,8.51
9d8364ebb8c6,Dragan Kojić Keba,Sve si rane izlečila,tranzicija,turbo_folk,0.7777777777777778,0.8128571428571428,6.92
b1a93dbf1bab,Dragan Kojić Keba,Sve što duže živim,tranzicija,turbo_folk,0.7560975609756098,0.7381818181818182,6.87
95df2755c96a,Dragan Kojić Keba,Ti hodaš sa njom,tranzicija,turbo_folk,0.48322147651006714,0.7198,5.57
4247f850c1a2,Dragan Kojić Keba,Ti si uvek tu,tranzicija,turbo_folk,0.6615384615384615,0.725,4.51
08580e4aec76,Dragan Kojić Keba,Tiho noćas,tranzicija,turbo_folk,0.7558139534883721,0.8643243243243244,6.95
330089b23679,Dragan Kojić Keba,Treba vremena (duet Ana Bekuta),tranzicija,turbo_folk,0.5227272727272727,0.7666666666666667,7.45
07529b5e3113,Dragan Kojić Keba,Tuđi život,tranzicija,turbo_folk,0.6907216494845361,0.7179166666666666,5.59
9c1cb7bca1f7,Dragan Kojić Keba,"Tugo, moja tugo",tranzicija,turbo_folk,0.8541666666666666,0.8541666666666666,7.38
1cdd87b6299d,Dragan Kojić Keba,U snu ljubim medna usta (duet Ceca),tranzicija,turbo_folk,0.47540983606557374,0.55,10.42
5595b83b97c3,Dragan Kojić Keba,Za tvoju ljubav,tranzicija,turbo_folk,0.6666666666666666,0.7618181818181818,4.95
3eba9684b450,Dragan Kojić Keba,Žal za usnama,tranzicija,turbo_folk,0.75,0.7685714285714286,8.64
1a3bb9b87719,Dragan Kojić Keba,Zapaliću pola grada,tranzicija,turbo_folk,0.7272727272727273,0.7272727272727273,9.17
f2bd46a1193d,Dragan Kojić Keba,Zar da živim bez tebe (duet Jovana Tipšin),tranzicija,turbo_folk,0.7575757575757576,0.8047058823529412,5.51
1460a3d27455,Dragan Kojić Keba,Zašto se rastajemo mi,tranzicija,turbo_folk,0.532608695652174,0.6776744186046512,6.94
3bf1c2be6eb1,Dragan Kojić Keba,Zbog tebe,tranzicija,turbo_folk,0.6229508196721312,0.6666666666666666,5.15
51da4a4ce276,Aca Lukas,A kada odem,tranzicija,turbo_folk,0.7444444444444445,0.846341463414634,6.88
fa36ba85f995,Aca Lukas,Ako misliš da sam,tranzicija,turbo_folk,0.6302521008403361,0.6982857142857143,6.46
f742eb86ed15,Aca Lukas,Ako su tvoja usta otrov sipala,tranzicija,turbo_folk,0.3905325443786982,0.7498333333333334,6.09
fb7e64067b15,Aca Lukas,Amajlija,tranzicija,turbo_folk,0.8165137614678899,0.9146666666666667,6.72
fa9f2311cecf,Aca Lukas,Balkan Express,tranzicija,turbo_folk,0.7228915662650602,0.831764705882353,6.79
d6112c5dbdcd,Aca Lukas,Bele ruže,tranzicija,turbo_folk,0.7903225806451613,0.8553846153846153,8.76
afc5c9b0796d,Aca Lukas,Bila si odlična,tranzicija,turbo_folk,0.8,0.8604878048780488,9.42
5b3f80e48750,Aca Lukas,Blamiraš me,tranzicija,turbo_folk,0.627906976744186,0.7524324324324324,7.63
61c355010dfa,Aca Lukas,Burbon,tranzicija,turbo_folk,0.8461538461538461,0.8466666666666667,5.84
127053ae91f2,Aca Lukas,By pass,tranzicija,turbo_folk,0.711864406779661,0.8684057971014493,5.43
ac7c35df0fba,Aca Lukas,Čivas,tranzicija,turbo_folk,0.6466666666666666,0.8774257425742574,6.65
3810b5991972,Aca Lukas,Coma,tranzicija,turbo_folk,0.6046511627906976,0.8102499999999999,5.53
e831ce5184c7,Aca Lukas,Crni sneg (with Ceca),tranzicija,turbo_folk,0.6944444444444444,0.8796610169491526,10.14
ca3452ff9001,Aca Lukas,Čudna žena beše Vera,tranzicija,turbo_folk,0.875,0.875,8.59
2d946f696ec0,Aca Lukas,Da mi je bolja sudbina,tranzicija,turbo_folk,0.8695652173913043,0.9029999999999999,6.86
70368e85fe22,Aca Lukas,Da podnesem bol,tranzicija,turbo_folk,0.41509433962264153,0.7774545454545454,5.51
1114a6e5fa65,Aca Lukas,Deset ruku,tranzicija,turbo_folk,0.7047619047619048,0.8335714285714285,6.89
d5bc20bc0d0f,Aca Lukas,Digla si mi cenu,tranzicija,turbo_folk,0.6881720430107527,0.8245454545454546,5.07
1851b82c5780,Aca Lukas,Dijabolik,tranzicija,turbo_folk,0.6808510638297872,0.8093333333333333,8.54
3a14fe2ae9d3,Aca Lukas,Dobro jutro noći,tranzicija,turbo_folk,0.37575757575757573,0.7298275862068965,7.47
fb914e814e3b,Aca Lukas,Dođi gore,tranzicija,turbo_folk,0.6274509803921569,0.8762264150943396,5.84
c9b6034735be,Aca Lukas,Gotovo,tranzicija,turbo_folk,0.6862745098039216,0.6958490566037736,6.89
24d030b72c7d,Aca Lukas,Hiljadu puta,tranzicija,turbo_folk,0.6530612244897959,0.8130612244897959,6.67
b6d3a384a2ae,Aca Lukas,Imate li dušu tamburaši,tranzicija,turbo_folk,0.7714285714285715,0.8028571428571428,8.27
5d30f486f0cf,Aca Lukas,Ista kao ja,tranzicija,turbo_folk,0.736,0.8713157894736842,8.12
700ea15235e3,Aca Lukas,Istina je da te lažem,tranzicija,turbo_folk,0.4498567335243553,0.7928000000000001,5.06
257e398de861,Aca Lukas,Iza tvojih koraka,tranzicija,turbo_folk,0.7,0.8478048780487805,6.0
515abbf11c9e,Aca Lukas,Ja i ti,tranzicija,turbo_folk,0.8235294117647058,0.8831578947368421,8.11
a6d5afa7ac2d,Aca Lukas,Ja ne mogu bez tebe,tranzicija,turbo_folk,0.6571428571428571,0.7942857142857143,5.06
21153f768381,Aca Lukas,Ja ovaj život imam,tranzicija,turbo_folk,0.6029411764705882,0.6978947368421052,7.77
2776056ed278,Aca Lukas,Ja živim sam,tranzicija,turbo_folk,0.6161616161616161,0.6808,5.76
5ae342c6e08e,Aca Lukas,Jagnje moje,tranzicija,turbo_folk,0.5641025641025641,0.5641025641025641,5.46
53ac9b63cdfb,Aca Lukas,Jelena,tranzicija,turbo_folk,0.75,0.8881318681318681,9.04
b616f884fb44,Aca Lukas,Još pomišljam na najgore,tranzicija,turbo_folk,0.6119402985074627,0.6988888888888889,7.18
22e0621fcbab,Aca Lukas,Kad odu svatovi,tranzicija,turbo_folk,0.6136363636363636,0.8558974358974359,6.17
14cc9ecb1d00,Aca Lukas,Kad umrem,tranzicija,turbo_folk,0.6491228070175439,0.842153846153846,7.59
863d095d8809,Aca Lukas,Kafana na balkanu,tranzicija,turbo_folk,0.6466165413533834,0.883095238095238,7.73
d601052cabfc,Aca Lukas,Koma,tranzicija,turbo_folk,0.6201550387596899,0.8102499999999999,5.53
dea11c173efa,Aca Lukas,Kuda idu ljudi kao ja,tranzicija,turbo_folk,0.8666666666666667,0.8666666666666667,6.56
422d5c2b952f,Aca Lukas,Lešće,tranzicija,turbo_folk,0.8333333333333334,0.8750943396226416,9.42
26fe108ec16e,Aca Lukas,Lična karta,tranzicija,turbo_folk,0.5961538461538461,0.8796261682242991,6.42
1ef9b187ffb4,Aca Lukas,Lisica,tranzicija,turbo_folk,0.6619718309859155,0.7390909090909091,8.16
182239948a6e,Aca Lukas,Luda glava balkanska (duet Marija Šerifović),tranzicija,turbo_folk,0.6551724137931034,0.886268656716418,8.43
ef424951291f,Aca Lukas,Miris tamjana,tranzicija,turbo_folk,0.7804878048780488,0.9018181818181819,7.42
83802ae3af78,Aca Lukas,Nažalost,tranzicija,turbo_folk,0.5822784810126582,0.7166666666666667,4.85
3a572d07eb68,Aca Lukas,Ne daj da ti ljubav sreću kvari,tranzicija,turbo_folk,0.8,0.8111111111111111,5.08
7d7e3f843998,Aca Lukas,Ne ljuti se krčmaru,tranzicija,turbo_folk,0.9347826086956522,0.9347826086956522,6.73
8a5e566102e6,Aca Lukas,Ne pitaj me,tranzicija,turbo_folk,0.42696629213483145,0.6902325581395349,4.38
fc533d438937,Aca Lukas,Ne rađaj grešnike,tranzicija,turbo_folk,0.7272727272727273,0.7435294117647059,5.69
be5f0f23a2eb,Aca Lukas,"Ne slušaj, majko",tranzicija,turbo_folk,0.4936708860759494,0.6406666666666666,5.44
cd92ee5e3238,Aca Lukas,Neće mama doći,tranzicija,turbo_folk,0.7214285714285714,0.8195604395604396,6.99
4be8c86cdf91,Aca Lukas,Neka me po dobru pamte,tranzicija,turbo_folk,0.611764705882353,0.8138888888888889,6.91
cec069821105,Aca Lukas,Nešto protiv bolova,tranzicija,turbo_folk,0.6867469879518072,0.6905882352941176,6.11
41c8c219e8f1,Aca Lukas,Nije ti ovo Amerika,tranzicija,turbo_folk,0.5728155339805825,0.7562962962962964,10.48
bdaa8c8a04e3,Aca Lukas,"Niko 1, 2 i 3",tranzicija,turbo_folk,0.9333333333333333,0.9545454545454546,8.04
42b67be85235,Aca Lukas,Nisam dobar bio,tranzicija,turbo_folk,0.7934782608695652,0.8641860465116278,9.11
860548c1d228,Aca Lukas,Nisam preživeo,tranzicija,turbo_folk,0.5118483412322274,0.8474074074074074,8.4
8766e3a2cc2d,Aca Lukas,Noćas mi se ne spava,tranzicija,turbo_folk,0.5444444444444444,0.7414634146341463,6.45
811e5dd69843,Aca Lukas,Oprosti što te volim,tranzicija,turbo_folk,0.8,0.857560975609756,6.59
425b2fee0505,Aca Lukas,Ove noći jedna žena,tranzicija,turbo_folk,0.7755102040816326,0.8371428571428572,8.36
00901e278511,Aca Lukas,Pao sam na dno,tranzicija,turbo_folk,0.7521367521367521,0.865,7.17
e92d413ee1a0,Aca Lukas,Pesma od bola,tranzicija,turbo_folk,0.8387096774193549,0.8661538461538462,4.7
0cf12255beb2,Aca Lukas,Pevaj mi o njoj,tranzicija,turbo_folk,0.6666666666666666,0.7405714285714287,6.26
185e0372c347,Aca Lukas,Pijanstvo je moje carstvo,tranzicija,turbo_folk,0.7439024390243902,0.7878787878787878,6.91
ad6688672a99,Aca Lukas,Počnite bez mene,tranzicija,turbo_folk,0.9166666666666666,0.9309090909090909,7.8
f656a44c04b0,Aca Lukas,Ponos i laž,tranzicija,turbo_folk,0.7837837837837838,0.8736,7.2
87145f9bed35,Aca Lukas,Poslednje pijanstvo,tranzicija,turbo_folk,0.7872340425531915,0.836,7.91
37f5f49b7f96,Aca Lukas,Pustinja,tranzicija,turbo_folk,0.8734177215189873,0.9346666666666666,6.61
a88bedd82a8c,Aca Lukas,"Ramo, druže moj",tranzicija,turbo_folk,0.7721518987341772,0.8266666666666667,6.26
d6d64762f82a,Aca Lukas,Reci,tranzicija,turbo_folk,0.6363636363636364,0.7859047619047619,6.38
e1706b9bb0de,Aca Lukas,Rođendan,tranzicija,turbo_folk,0.39634146341463417,0.8015652173913044,4.71
595d255da19d,Aca Lukas,Rospija,tranzicija,turbo_folk,0.5934959349593496,0.8689189189189189,6.55
785efe00d5b1,Aca Lukas,Ruže su uvele,tranzicija,turbo_folk,0.8441558441558441,0.8592857142857142,7.42
dc8ea2f32db4,Aca Lukas,S ljubavi se skidam,tranzicija,turbo_folk,0.8059701492537313,0.8522222222222222,6.91
a0ef8b488f32,Aca Lukas,Samo ona zna,tranzicija,turbo_folk,0.5098039215686274,0.7030188679245283,5.14
1f5d27e30676,Aca Lukas,Soba za plakanje,tranzicija,turbo_folk,0.4470588235294118,0.6677777777777778,7.17
2fce2af8169a,Aca Lukas,Spavaj Beograde,tranzicija,turbo_folk,0.6086956521739131,0.8724242424242424,7.87
03b846e88d55,Aca Lukas,Šta učini crni gavrane,tranzicija,turbo_folk,0.7962962962962963,0.8119999999999999,10.16
dd0e02675a89,Aca Lukas,Što si tužan prijatelju (with Džej Ramadanovski),tranzicija,turbo_folk,0.5827338129496403,0.6486666666666667,7.01
df62b54e1817,Aca Lukas,Suncokreti,tranzicija,turbo_folk,0.6785714285714286,0.7337142857142857,8.66
8715d490c420,Aca Lukas,Sve su žene moje,tranzicija,turbo_folk,0.7142857142857143,0.7262857142857142,7.12
239b5e133b4c,Aca Lukas,Ti dobro znaš,tranzicija,turbo_folk,0.44545454545454544,0.5488524590163935,3.61
7e7d5b3f4a75,Aca Lukas,Treća čaša,tranzicija,turbo_folk,0.7934782608695652,0.8809302325581396,8.34
a9e43ecbf934,Aca Lukas,Tuđa si odavno,tranzicija,turbo_folk,0.7884615384615384,0.7999999999999999,7.66
30388e248f0c,Aca Lukas,Udari prva,tranzicija,turbo_folk,0.7156862745098039,0.9150943396226415,7.45
ebc18ed6bf51,Aca Lukas,Umri u samoći,tranzicija,turbo_folk,0.6105263157894737,0.6960869565217392,5.6
2892a78a6567,Aca Lukas,Upali svetlo,tranzicija,turbo_folk,0.6736111111111112,0.868842105263158,8.35
8cd8c8fbf2fe,Aca Lukas,Usluga za uslugu,tranzicija,turbo_folk,0.8360655737704918,0.8583333333333334,7.86
4ca76aac2c1d,Aca Lukas,Voljena,tranzicija,turbo_folk,0.5960591133004927,0.8376623376623377,8.18
5135f10c0a6c,Aca Lukas,Vrati nam se druže moj (with Mira Škorić),tranzicija,turbo_folk,0.7432432432432432,0.8079999999999999,9.81
9453e90a298b,Aca Lukas,Zagrli me,tranzicija,turbo_folk,0.5494505494505495,0.7319047619047618,8.01
69c9ae080506,Aca Lukas,Zapišite mi broj,tranzicija,turbo_folk,0.8191489361702128,0.8640000000000001,6.12
c0c13a57f3e4,Aca Lukas,Zemun (duet Mance),tranzicija,turbo_folk,0.7582417582417582,0.8280952380952381,6.86
cfd9f768508b,Mitar Mirić,Doberman,tranzicija,narodna_narodnjacka,0.475,0.8255629139072848,6.77
1955bfc7fc7b,Boban Rajović,011 (duet Ivana Selakov),savremeno,turbo_folk,0.5862068965517241,0.85088,5.72
ef7c729e07d1,Boban Rajović,Aerodrom,savremeno,turbo_folk,0.6582278481012658,0.846,5.95
19b8c51f3447,Boban Rajović,Alkoholna injekcija,savremeno,turbo_folk,0.6235294117647059,0.8355555555555555,5.5
b35a166f5d54,Boban Rajović,Autoput,savremeno,turbo_folk,0.5801526717557252,0.8082926829268293,6.54
87788dc9386c,Boban Rajović,Baraba,savremeno,turbo_folk,0.5555555555555556,0.6836641221374046,7.38
329475f0c0b5,Boban Rajović,Bata,savremeno,turbo_folk,0.5987261146496815,0.7503703703703705,6.88
c27127715de2,Boban Rajović,Bila si moj nemir,savremeno,turbo_folk,0.7411764705882353,0.8772222222222222,5.59
82f90e816dcc,Boban Rajović,Bilo bi zabavno,savremeno,turbo_folk,0.4132231404958678,0.7077777777777778,8.23
1de4369d7ab3,Boban Rajović,Broj 23,savremeno,turbo_folk,0.7428571428571429,0.8435714285714286,7.25
b6c7699bd822,Boban Rajović,Crna lala,savremeno,turbo_folk,0.47398843930635837,0.8319354838709677,10.33
435e002453e4,Boban Rajović,"Da li, da li je",savremeno,turbo_folk,0.5436893203883495,0.6896296296296297,5.37
fe1ae90da3fa,Boban Rajović,Da pređemo na stvar,savremeno,turbo_folk,0.565,0.8594701986754967,5.87
f3b350910bcb,Boban Rajović,Dripac,savremeno,turbo_folk,0.7207792207792207,0.8312380952380952,6.84
369da682c86c,Boban Rajović,Flaša,savremeno,turbo_folk,0.6460176991150443,0.8321875,5.62
5f165b8dfdfa,Boban Rajović,Gromovi (with Dragana Mirković),savremeno,turbo_folk,0.5111111111111111,0.8276744186046511,6.1
6f01435e8fc7,Boban Rajović,Igraj,savremeno,turbo_folk,0.5298507462686567,0.8498823529411764,7.37
93e764832174,Boban Rajović,Jesen je,savremeno,turbo_folk,0.7419354838709677,0.8527272727272728,7.1
ea08bc06cdc5,Boban Rajović,Jugoslavijo,savremeno,turbo_folk,0.5979381443298969,0.7604166666666666,8.43
0eb433ac1cf0,Boban Rajović,Kad se opet dotjeraš za mene,savremeno,turbo_folk,0.6083916083916084,0.9095744680851063,7.57
f1fbd84445cd,Boban Rajović,Koga foliraš,savremeno,turbo_folk,0.5474452554744526,0.7563636363636363,6.15
5f5bdcc1baec,Boban Rajović,Kosači,savremeno,turbo_folk,0.5934959349593496,0.792972972972973,5.88
163c1ddbac2f,Boban Rajović,Kraljica i kralj (duet Alka Vuica),savremeno,turbo_folk,0.5174418604651163,0.8185365853658537,7.2
2abec6c55c05,Boban Rajović,Latice od ruža,savremeno,turbo_folk,0.8849557522123894,0.925625,9.01
b830ad83f603,Boban Rajović,Lijepa k’o grijeh,savremeno,turbo_folk,0.4406779661016949,0.5878260869565217,5.49
e339dcc7c1a3,Boban Rajović,Luda glava,savremeno,turbo_folk,0.75,0.8525581395348837,7.97
21fb5b9a2995,Boban Rajović,Mijenjam,savremeno,turbo_folk,0.575,0.8686486486486487,7.58
96bbb65c5798,Boban Rajović,Na dan kad si rođena,savremeno,turbo_folk,0.5549132947976878,0.8182258064516128,5.76
2536ff6159b1,Boban Rajović,Nazdravi i zapjevaj,savremeno,turbo_folk,0.5748031496062992,0.8125641025641026,7.67
0ef3cbd1574d,Boban Rajović,Njena vrata,savremeno,turbo_folk,0.5476190476190477,0.7651948051948052,7.56
250c0af19b65,Boban Rajović,Papreno,savremeno,turbo_folk,0.4830508474576271,0.7197101449275363,7.2
bb1c86e86ac1,Boban Rajović,Piroman,savremeno,turbo_folk,0.42,0.6709803921568627,5.18
ef2b0201b1b9,Boban Rajović,Podgorica,savremeno,turbo_folk,0.7570093457943925,0.8751724137931034,6.9
cb5db71a6084,Boban Rajović,Pola sata do Beograda,savremeno,turbo_folk,0.6040268456375839,0.8695999999999999,9.53
5736448786bd,Boban Rajović,Pomozite mi drugovi,savremeno,turbo_folk,0.6397058823529411,0.8540229885057471,6.79
5f0360e40a97,Boban Rajović,Presuda,savremeno,turbo_folk,0.4580152671755725,0.7665853658536586,7.44
e4ffe3b48126,Boban Rajović,Princeza,savremeno,turbo_folk,0.696969696969697,0.8568674698795181,5.89
0e64eed5c21a,Boban Rajović,Provokacija,savremeno,turbo_folk,0.6796116504854369,0.8718518518518518,7.62
dc96b747a0a6,Boban Rajović,Ptica selica,savremeno,turbo_folk,0.6464646464646465,0.9336,8.03
fbb995834c90,Boban Rajović,Puklo srce,savremeno,turbo_folk,0.8450704225352113,0.8781818181818182,7.49
cf380eb7b1db,Boban Rajović,Ruže daješ u pelinu,savremeno,turbo_folk,0.8275862068965517,0.88,8.06
c50a71813f47,Boban Rajović,Ružno pače,savremeno,turbo_folk,0.7603305785123967,0.8269444444444445,5.88
f7f1b97c66bf,Boban Rajović,Sad si s njim,savremeno,turbo_folk,0.583941605839416,0.7356818181818181,5.44
f79a9119d5c8,Boban Rajović,Šta mi vredi,savremeno,turbo_folk,0.7088607594936709,0.8566666666666667,5.67
9d9d07a5f610,Boban Rajović,Svako traži svoj put,savremeno,turbo_folk,0.44680851063829785,0.5426666666666667,4.46
fb5a9e4b40e6,Boban Rajović,Teci mi kroz vene (duet Kristina Ivanović),savremeno,turbo_folk,0.6635514018691588,0.683103448275862,6.07
65dbc0e2ec3e,Boban Rajović,Ti si mene vezala,savremeno,turbo_folk,0.5098039215686274,0.7754716981132076,7.16
41a0cbfc1c45,Boban Rajović,Ubi me ti,savremeno,turbo_folk,0.7560975609756098,0.8284848484848485,5.55
262d35cb4b84,Boban Rajović,Usne boje vina,savremeno,turbo_folk,0.5714285714285714,0.7367857142857143,8.3
461575dab86e,Boban Rajović,Vratit ću se ja,savremeno,turbo_folk,0.7,0.9098039215686274,7.39
403a9a64ea58,Boban Rajović,Živog ću ga sahraniti,savremeno,turbo_folk,0.32857142857142857,0.6914285714285714,6.41
ac7c3f848b50,Ivana Selakov,Briga me (feat. Harrtmann),savremeno,turbo_folk,0.5087719298245614,0.7816393442622951,4.92
228e857377f6,Ivana Selakov,Daleko si (feat. Aca Lukas),savremeno,turbo_folk,0.7185185185185186,0.8472093023255813,7.68
6d2820aefaa8,Ivana Selakov,Grad grad,savremeno,turbo_folk,0.75,0.8357446808510639,4.07
fdc5892821b6,Ivana Selakov,Heroj,savremeno,turbo_folk,0.75,0.8885714285714287,5.15
be95727df336,Ivana Selakov,Izabran,savremeno,turbo_folk,0.7529411764705882,0.8405555555555555,8.28
bee7d56a8dea,Ivana Selakov,Između redova,savremeno,turbo_folk,0.651685393258427,0.861,5.73
9629a3469858,Ivana Selakov,Jastuci,savremeno,turbo_folk,0.6333333333333333,0.8794366197183098,7.0
129b5ee867e4,Ivana Selakov,Mesec dana,savremeno,turbo_folk,0.7226890756302521,0.8788571428571429,5.86
af34f99ded8b,Ivana Selakov,Moje je ime sreća,savremeno,turbo_folk,0.6474820143884892,0.8666666666666667,7.89
409aafa5364a,Ivana Selakov,Moje odbrane,savremeno,turbo_folk,0.5374149659863946,0.85,6.87
ebc6fb21e796,Ivana Selakov,Naše malo slavlje,savremeno,turbo_folk,0.5130890052356021,0.8401408450704225,6.16
9b77cb9fbe23,Ivana Selakov,Nek’ na tvoju dušu ide sve,savremeno,turbo_folk,0.6115702479338843,0.8388888888888889,7.23
1c0874984615,Ivana Selakov,Otplovimo,savremeno,turbo_folk,0.8461538461538461,0.8903448275862069,8.25
8e2f83339e14,Ivana Selakov,Pobediću bol,savremeno,turbo_folk,0.6357615894039735,0.8468627450980392,7.01
744033537550,Ivana Selakov,Probijam led (feat. DJ Shone),savremeno,turbo_folk,0.7472527472527473,0.8495238095238096,5.74
73089aa78e67,Ivana Selakov,Sad odlazi,savremeno,turbo_folk,0.7920792079207921,0.84,5.73
8c136220acd1,Ivana Selakov,Srce gubitnik,savremeno,turbo_folk,0.6699029126213593,0.8685185185185185,6.12
e21f806dc982,Ivana Selakov,Tek sad,savremeno,turbo_folk,0.6153846153846154,0.8261728395061728,6.2
5633ee797d95,Ivana Selakov,Tuga k’o i svaka druga,savremeno,turbo_folk,0.6097560975609756,0.8889189189189189,4.73
1239d77a3e88,Ivana Selakov,Uradi mi to,savremeno,turbo_folk,0.5555555555555556,0.8418947368421053,5.81
8f5535367fea,Ivana Selakov,Uteha,savremeno,turbo_folk,0.5804195804195804,0.8285106382978723,8.07
dffc7aac7869,Ivana Selakov,Vremeplov,savremeno,turbo_folk,0.7314814814814815,0.875593220338983,6.64
7c50db86b73b,Ana Bekuta,Ako ga vidite,sfrj,narodna_narodnjacka,0.6083333333333333,0.8123943661971831,5.24
f486b2fa9766,Ana Bekuta,Bekrija,sfrj,narodna_narodnjacka,0.75,0.8346666666666667,6.99
4aff3bfb6f41,Ana Bekuta,Bilo je lepo,sfrj,narodna_narodnjacka,0.803030303030303,0.8352941176470587,6.22
4058216f23c4,Ana Bekuta,Bog te kaznio,sfrj,narodna_narodnjacka,0.68,0.68,6.66
9eda58c4c8a1,Ana Bekuta,Bogovi su hteli,sfrj,narodna_narodnjacka,0.7207207207207207,0.8867741935483872,7.63
0b8222c08e4f,Ana Bekuta,"Budi jako, srce moje",sfrj,narodna_narodnjacka,0.9019607843137255,0.9,7.17
ea1ae8b52e94,Ana Bekuta,Čekalica,sfrj,narodna_narodnjacka,0.6285714285714286,0.798095238095238,9.79
50732ec8c749,Ana Bekuta,Crven konac,sfrj,narodna_narodnjacka,0.6568627450980392,0.7622641509433962,5.05
41dd799f2e5d,Ana Bekuta,"Došli dani, rastasmo se sami",sfrj,narodna_narodnjacka,0.7252747252747253,0.810952380952381,7.76
5374b49e0c16,Ana Bekuta,Drumovi,sfrj,narodna_narodnjacka,0.75,0.8354285714285714,5.9
e10480b7874c,Ana Bekuta,Dve suze,sfrj,narodna_narodnjacka,0.8153846153846154,0.8425,7.41
31455424386c,Ana Bekuta,"Eh, đavole",sfrj,narodna_narodnjacka,0.6049382716049383,0.714375,6.97
c5a0009fc7a1,Ana Bekuta,Fatamorgana,sfrj,narodna_narodnjacka,0.632,0.7371052631578948,7.78
13574fe878d5,Ana Bekuta,Godinama,sfrj,narodna_narodnjacka,0.92,0.92,8.69
c60414dd2f28,Ana Bekuta,Gost,sfrj,narodna_narodnjacka,0.7777777777777778,0.8552,7.91
610df3a2e9af,Ana Bekuta,Grana pokidana,sfrj,narodna_narodnjacka,0.825,0.825,7.54
5868967dc478,Ana Bekuta,Htela sam tebi biti žena,sfrj,narodna_narodnjacka,0.528169014084507,0.8038709677419356,5.53
48fbcabd54c1,Ana Bekuta,Hvataš me u zamku,sfrj,narodna_narodnjacka,0.7704918032786885,0.7583333333333333,4.66
7854cdb0cb61,Ana Bekuta,I noći me more,sfrj,narodna_narodnjacka,0.696969696969697,0.7623529411764707,5.33
3829e9a242bc,Ana Bekuta,Imam jedan život,sfrj,narodna_narodnjacka,0.6363636363636364,0.7628571428571428,7.56
522b74073d17,Ana Bekuta,Ja nisam rođena da živim sama,sfrj,narodna_narodnjacka,0.7605633802816901,0.8163636363636364,6.99
f1c3d025b878,Ana Bekuta,Ja sam ti je darovala,sfrj,narodna_narodnjacka,0.639344262295082,0.8104109589041096,5.66
6782ebd864d7,Ana Bekuta,Još imaš kad,sfrj,narodna_narodnjacka,0.7078651685393258,0.8355,4.57
53274dc8df35,Ana Bekuta,Kako da te ljubim posle nje,sfrj,narodna_narodnjacka,0.6727272727272727,0.7233333333333333,5.72
f9fe0fec94f8,Ana Bekuta,"Kako mi je, pitaš sad",sfrj,narodna_narodnjacka,0.5714285714285714,0.562857142857143,4.14
152d83536a69,Ana Bekuta,Koliko sam tebe volela,sfrj,narodna_narodnjacka,0.8674698795180723,0.9041176470588235,9.32
30ac1af25d4e,Ana Bekuta,Konak,sfrj,narodna_narodnjacka,0.6050420168067226,0.8111428571428572,5.37
40b74108b26b,Ana Bekuta,Kralj ponoći,sfrj,narodna_narodnjacka,0.5648148148148148,0.6684745762711864,5.8
c342f67634bf,Ana Bekuta,Kriv si samo ti,sfrj,narodna_narodnjacka,0.775,0.775,6.79
c5f32de79c03,Ana Bekuta,Kumina pesma (duet Mira Škorić),sfrj,narodna_narodnjacka,0.5080645161290323,0.8325333333333333,5.71
77dc52a47fd2,Ana Bekuta,Ljubavi moja (duet Hasan Dudić),sfrj,narodna_narodnjacka,0.8235294117647058,0.83,7.69
c765255aa9a7,Ana Bekuta,Ma što baš ti,sfrj,narodna_narodnjacka,0.5133333333333333,0.8132673267326733,5.94
f6f1921836aa,Ana Bekuta,"Manite se, ljudi",sfrj,narodna_narodnjacka,0.6486486486486487,0.8016129032258065,6.58
3916ffcb5e77,Ana Bekuta,"Miluj, miluj, Milovane",sfrj,narodna_narodnjacka,0.746268656716418,0.8488888888888888,10.17
28aaaa781f40,Ana Bekuta,Moje oči pogledaj,sfrj,narodna_narodnjacka,0.7777777777777778,0.86,7.67
9b7d05f7c3f1,Ana Bekuta,Molitva za malo sreće,sfrj,narodna_narodnjacka,0.6226415094339622,0.63,7.51
696522a1f37f,Ana Bekuta,Na tvoju milost,sfrj,narodna_narodnjacka,0.5857142857142857,0.8090109890109891,5.9
81ed831284ec,Ana Bekuta,Nađite mesta za jednu reku,sfrj,narodna_narodnjacka,0.8888888888888888,0.8888888888888888,6.62
9f159fe22b05,Ana Bekuta,Ne žalim ja,sfrj,narodna_narodnjacka,0.580952380952381,0.7082142857142857,5.4
0ee64052fd7f,Ana Bekuta,Ne živim sama,sfrj,narodna_narodnjacka,0.7333333333333333,0.8785714285714287,6.23
1966997c309c,Ana Bekuta,Nek srce progovori,sfrj,narodna_narodnjacka,0.7625,0.844516129032258,7.6
3a1d6a4bfc7a,Ana Bekuta,Neka ti je,sfrj,narodna_narodnjacka,0.5327102803738317,0.7151724137931035,5.58
5c0530b1782f,Ana Bekuta,"Nema dana, nema noći",sfrj,narodna_narodnjacka,0.7272727272727273,0.7272727272727273,7.29
179e00e57c24,Ana Bekuta,Nema povratka na staro,sfrj,narodna_narodnjacka,0.7701149425287356,0.8700000000000001,8.41
102f1ed47315,Ana Bekuta,Nemoj ništa pričati (duet Dragan Kojić Keba),sfrj,narodna_narodnjacka,0.7931034482758621,0.8044444444444445,8.03
dd092adb0534,Ana Bekuta,Nije ljubav kolo,sfrj,narodna_narodnjacka,0.7142857142857143,0.7975510204081633,6.67
c66debf5dbd8,Ana Bekuta,Nije meni ni do čega,sfrj,narodna_narodnjacka,0.7215189873417721,0.8346666666666667,4.74
cf04d3cdc1a5,Ana Bekuta,Od samoće goreg druga nema,sfrj,narodna_narodnjacka,0.8857142857142857,0.9419047619047618,8.87
da020cd1c9dc,Ana Bekuta,Oluja,sfrj,narodna_narodnjacka,0.6442307692307693,0.7512727272727273,7.2
d3c4b901cd68,Ana Bekuta,Otkud baš ti,sfrj,narodna_narodnjacka,0.8620689655172413,0.901578947368421,6.03
23b852e7e28d,Ana Bekuta,"Pij, ako ti se pije",sfrj,narodna_narodnjacka,0.8260869565217391,0.853,7.13
f73896396a78,Ana Bekuta,Pitaš kako živim,sfrj,narodna_narodnjacka,0.7068965517241379,0.7644444444444445,4.95
add513d76a20,Ana Bekuta,Plače mi se od života,sfrj,narodna_narodnjacka,0.7127659574468085,0.8,4.48
1770f9cdc5e0,Ana Bekuta,Potroši vreme samo na mene,sfrj,narodna_narodnjacka,0.75,0.8054545454545454,9.07
a27ec3bf1306,Ana Bekuta,Rano moja,sfrj,narodna_narodnjacka,0.7142857142857143,0.8057142857142858,8.03
e935e6654bd1,Ana Bekuta,Razume srce,sfrj,narodna_narodnjacka,0.7272727272727273,0.8352941176470589,6.76
df64cbadd5bb,Ana Bekuta,Reci svojoj deci,sfrj,narodna_narodnjacka,0.6707317073170732,0.776969696969697,8.08
e843fcd0e4c6,Ana Bekuta,S tobom bar znam gde je dno,sfrj,narodna_narodnjacka,0.5210084033613446,0.7088571428571429,3.28
27e8a13466d1,Ana Bekuta,S tobom sreće ni za leka,sfrj,narodna_narodnjacka,0.7631578947368421,0.7631578947368421,6.76
ee84024c25f9,Ana Bekuta,Sačuvaj mi mesto,sfrj,narodna_narodnjacka,0.7,0.7887804878048781,5.48
721292ac66ae,Ana Bekuta,Samo nemoj ti,sfrj,narodna_narodnjacka,0.37777777777777777,0.48390243902439023,5.67
ad3788533d5b,Ana Bekuta,Sasvim,sfrj,narodna_narodnjacka,0.6049382716049383,0.719375,7.0
9607fd77840b,Ana Bekuta,Seja,sfrj,narodna_narodnjacka,0.868421052631579,0.868421052631579,6.45
3dca284c530b,Ana Bekuta,"Stani, stani zoro",sfrj,narodna_narodnjacka,0.6,0.6,6.16
54e2f7b898df,Ana Bekuta,Stari moj,sfrj,narodna_narodnjacka,0.751937984496124,0.86975,6.9
f750049dd22c,Ana Bekuta,Sve je bolje od samoće,sfrj,narodna_narodnjacka,0.8727272727272727,0.86,6.15
915b71126b07,Ana Bekuta,Sve mi tvoje nedostaje,sfrj,narodna_narodnjacka,0.7884615384615384,0.7933333333333333,6.63
f31338f5c591,Ana Bekuta,Sve sam stekla sama,sfrj,narodna_narodnjacka,0.7948717948717948,0.836551724137931,5.64
461991e460d8,Ana Bekuta,Svi putevi ka tebi vode,sfrj,narodna_narodnjacka,0.6031746031746031,0.6557142857142857,5.75
1e3fe237e79b,Ana Bekuta,Svirajte mi onu pesmu,sfrj,narodna_narodnjacka,0.691358024691358,0.698125,4.45
e3ac690cf4ae,Ana Bekuta,Tajne suze,sfrj,narodna_narodnjacka,0.8431372549019608,0.84,6.43
608fcdead4a0,Ana Bekuta,Telo kao slika,sfrj,narodna_narodnjacka,0.7064220183486238,0.8253333333333334,6.64
8f5b1392db00,Ana Bekuta,Ti mi trebaš,sfrj,narodna_narodnjacka,0.4322033898305085,0.5359420289855072,3.98
2637daea92e0,Ana Bekuta,Ti si mene varao,sfrj,narodna_narodnjacka,0.6631578947368421,0.7565217391304347,7.96
1ca4db871e03,Ana Bekuta,Treba mi pola jastuka,sfrj,narodna_narodnjacka,0.7857142857142857,0.7857142857142857,10.78
233927381a0d,Ana Bekuta,Treba vremena (duet Dragan Kojić Keba),sfrj,narodna_narodnjacka,0.5227272727272727,0.7666666666666667,7.45
0162d648a9da,Ana Bekuta,Tu su svi,sfrj,narodna_narodnjacka,0.7575757575757576,0.776470588235294,8.02
6787e7528990,Ana Bekuta,Tugo moja crnooka,sfrj,narodna_narodnjacka,0.6851851851851852,0.704,8.45
52e2c70de47f,Ana Bekuta,Tvoje pravo ime,sfrj,narodna_narodnjacka,0.8289473684210527,0.8511111111111112,7.5
b84a0ac4857f,Ana Bekuta,Umreću na tuđi dan,sfrj,narodna_narodnjacka,0.6545454545454545,0.7166666666666667,4.22
5509c4e23b78,Ana Bekuta,Umri muški,sfrj,narodna_narodnjacka,0.9137931034482759,0.9200000000000002,8.06
fabf4c20f957,Ana Bekuta,Uvek postoji nada,sfrj,narodna_narodnjacka,0.8243243243243243,0.8208,5.88
5c82cbfdb20d,Ana Bekuta,Užice i Čačak,sfrj,narodna_narodnjacka,0.6707317073170732,0.7824242424242425,6.44
0bdde9e38e42,Ana Bekuta,Veseljak,sfrj,narodna_narodnjacka,0.9375,0.9375,8.38
4b4844f6f117,Ana Bekuta,Vreme je,sfrj,narodna_narodnjacka,0.648936170212766,0.7613333333333333,6.7
f8dd3793f756,Ana Bekuta,Zavoleh te,sfrj,narodna_narodnjacka,0.6491228070175439,0.783076923076923,5.72
f8351e9dd291,Ana Bekuta,Zlatiborske zore,sfrj,narodna_narodnjacka,0.84375,0.88,8.65
3e91bc275cb9,Ana Bekuta,Zora,sfrj,narodna_narodnjacka,0.7115384615384616,0.893090909090909,5.35
b0a26995a271,Esma Redžepova,Ako želiš dobar san,sfrj,ostalo,0.7090909090909091,0.7366666666666667,6.79
52c3ecfd645d,Esma Redžepova,Isti san (duet Dragan Kojić Keba),sfrj,ostalo,0.674074074074074,0.8130232558139535,7.02
7dd1db7ed651,Esma Redžepova,Izgubio si anđela,sfrj,ostalo,0.4791666666666667,0.8221276595744681,6.65
599b0fd1e4ff,Esma Redžepova,Svadba makedonska,sfrj,ostalo,0.7424242424242424,0.7682352941176471,10.17
9fd91783e4e4,Karolina Gočeva,Gorka pilula,savremeno,pop,0.5241379310344828,0.7491666666666666,6.42
31c578165ed5,Karolina Gočeva,Kad voliš,savremeno,pop,0.6637168141592921,0.79125,6.88
46c8aebf069a,Karolina Gočeva,Kraj (duet Sky Wikluh),savremeno,pop,0.6573033707865169,0.8389147286821705,6.54
e25c355852d9,Karolina Gočeva,Lažem sebe,savremeno,pop,0.41125541125541126,0.8623076923076923,7.4
b3b22d156e95,Karolina Gočeva,Ljubav ispod oblaka,savremeno,pop,0.76,0.8396078431372549,8.04
fa9d1ce417c0,Karolina Gočeva,Ljubav je moja religija,savremeno,pop,0.773972602739726,0.8964948453608247,7.79
98f71f1f689b,Karolina Gočeva,Mojot svet,savremeno,pop,0.8032786885245902,0.8450000000000001,8.34
1a665824899d,Karolina Gočeva,Noć,savremeno,pop,0.703125,0.8384810126582278,7.63
816d8fd5dec5,Karolina Gočeva,Od neba do dna,savremeno,pop,0.4742268041237113,0.7750344827586206,3.15
c2deb62ef141,Karolina Gočeva,Ruku na srce,savremeno,pop,0.6260162601626016,0.7513513513513513,5.39
c50096723f3f,Karolina Gočeva,Sirena,savremeno,pop,0.8484848484848485,0.9011764705882354,6.89
50f5811a7f3e,Karolina Gočeva,Srešćemo se opet,savremeno,pop,0.6938775510204082,0.8544897959183673,5.15
5ee42c493335,Karolina Gočeva,Teško srcu pada,savremeno,pop,0.6907216494845361,0.8658333333333333,7.15
5f86f0f1c738,Karolina Gočeva,Ti i ja (duet Flamingosi),savremeno,pop,0.7688172043010753,0.9004379562043796,5.96
9672af081d75,Karolina Gočeva,U zaboravu,savremeno,pop,0.6448598130841121,0.8220689655172414,7.09
f607b398ed91,Karolina Gočeva,Umirem bez tebe,savremeno,pop,0.7702702702702703,0.7464,8.37
84558fa9aeb2,Karolina Gočeva,Više se ne vraćaš,savremeno,pop,0.38509316770186336,0.6283928571428571,5.17
cff3b937d8d8,Karolina Gočeva,Volela sam te,savremeno,pop,0.5780346820809249,0.8433870967741935,6.78
e9d7f6f26c98,Karolina Gočeva,"Za godina, dve",savremeno,pop,0.31176470588235294,0.6857851239669421,5.03
9ab35f81022c,Karolina Gočeva,Začaran krug,savremeno,pop,0.7166666666666667,0.8884507042253521,6.99
4cb6d6fd0a13,Karolina Gočeva,Znam koliko vredim,savremeno,pop,0.8023255813953488,0.8545945945945946,7.08
ed017767421f,Nedeljko Bajić Baja,Ako te voli više,tranzicija,narodna_narodnjacka,0.6412213740458015,0.75,4.83
3050dac28c86,Nedeljko Bajić Baja,Album dragih uspomena,tranzicija,narodna_narodnjacka,0.573170731707317,0.8492173913043478,7.8
b1607395a711,Nedeljko Bajić Baja,Bela ružo,tranzicija,narodna_narodnjacka,0.8867924528301887,0.89,7.73
69e0b5089372,Nedeljko Bajić Baja,Beži dalje,tranzicija,narodna_narodnjacka,0.7971014492753623,0.825,7.54
82e07a947a93,Nedeljko Bajić Baja,Blokada,tranzicija,narodna_narodnjacka,0.6306306306306306,0.8409677419354838,6.59
f245d5f801b4,Nedeljko Bajić Baja,Boja tvojih očiju,tranzicija,narodna_narodnjacka,0.78,0.78,8.09
d51f5bdea42b,Nedeljko Bajić Baja,"Bum, bum",tranzicija,narodna_narodnjacka,0.65,0.872394366197183,5.06
80f0eef37464,Nedeljko Bajić Baja,Čovek bez adrese,tranzicija,narodna_narodnjacka,0.7058823529411765,0.7922222222222222,7.45
72cadf3526c1,Nedeljko Bajić Baja,"Crna kosa, oči plave",tranzicija,narodna_narodnjacka,0.8142857142857143,0.8342857142857143,7.52
328721c98ef6,Nedeljko Bajić Baja,Crveni telefon,tranzicija,narodna_narodnjacka,0.7865168539325843,0.8905,9.4
47654bdb169a,Nedeljko Bajić Baja,Čuvaj se,tranzicija,narodna_narodnjacka,0.7761194029850746,0.82,7.98
3970dfe6c5c6,Nedeljko Bajić Baja,Cveta dva,tranzicija,narodna_narodnjacka,0.7413793103448276,0.7444444444444445,4.54
91545224a9d2,Nedeljko Bajić Baja,Da se dobro ljubi kao ja,tranzicija,narodna_narodnjacka,0.5408163265306123,0.7424489795918368,5.47
87f75238ddf4,Nedeljko Bajić Baja,Devica,tranzicija,narodna_narodnjacka,0.75,0.7600000000000001,11.17
86e67981938a,Nedeljko Bajić Baja,Disco,tranzicija,narodna_narodnjacka,0.7159090909090909,0.7723076923076924,8.01
327cf10a1b79,Nedeljko Bajić Baja,Doći ću ti na venčanje,tranzicija,narodna_narodnjacka,0.7439024390243902,0.7496969696969696,5.57
5ae0dcc859db,Nedeljko Bajić Baja,Dodir neba,tranzicija,narodna_narodnjacka,0.7469879518072289,0.8035294117647059,7.11
058290d1d54f,Nedeljko Bajić Baja,Došlo vreme,tranzicija,narodna_narodnjacka,0.671875,0.7266666666666667,9.06
9918e17d9499,Nedeljko Bajić Baja,Dragana,tranzicija,narodna_narodnjacka,0.75,0.8385185185185186,5.83
013bed3f97f4,Nedeljko Bajić Baja,Dukat u srcu,tranzicija,narodna_narodnjacka,0.5911949685534591,0.8458181818181819,4.92
7cb71abd96ab,Nedeljko Bajić Baja,Dve ruže,tranzicija,narodna_narodnjacka,0.5957446808510638,0.5957446808510638,6.08
8276e43feba0,Nedeljko Bajić Baja,"Eh, kakva žena",tranzicija,narodna_narodnjacka,0.6629213483146067,0.8135,5.41
31c0f71d34f1,Nedeljko Bajić Baja,"Eh, Neno, Neno",tranzicija,narodna_narodnjacka,0.4492753623188406,0.533,4.56
67aa00a2abf6,Nedeljko Bajić Baja,Fantazija,tranzicija,narodna_narodnjacka,0.6724137931034483,0.7577777777777778,7.45
fbf6c0a6191e,Nedeljko Bajić Baja,"Ginem, ginem",tranzicija,narodna_narodnjacka,0.6777777777777778,0.7726829268292683,8.24
ede8a60bd89d,Nedeljko Bajić Baja,Harala si mojom dušom,tranzicija,narodna_narodnjacka,0.7192982456140351,0.745,7.79
a8a45263f881,Nedeljko Bajić Baja,"Hej, krčmaru",tranzicija,narodna_narodnjacka,0.7894736842105263,0.845,8.99
aff4eb3fd236,Nedeljko Bajić Baja,"Helena, Elena",tranzicija,narodna_narodnjacka,0.5555555555555556,0.6643478260869565,3.79
4000a3196bc5,Nedeljko Bajić Baja,I pijan je opet volim,tranzicija,narodna_narodnjacka,0.7777777777777778,0.80375,5.03
2d8dc639ec27,Nedeljko Bajić Baja,"Idemo, srce, dalje",tranzicija,narodna_narodnjacka,0.32432432432432434,0.39840000000000003,11.09
fa2e686ce5dc,Nedeljko Bajić Baja,Imam najbolju devojku,tranzicija,narodna_narodnjacka,0.8461538461538461,0.8466666666666667,8.34
67bc70b75707,Nedeljko Bajić Baja,Iz života nestala si tiho,tranzicija,narodna_narodnjacka,0.6987951807228916,0.7999999999999999,7.05
8840638a18f7,Nedeljko Bajić Baja,Kad bi ljudi bili ljudi,tranzicija,narodna_narodnjacka,0.6623376623376623,0.7471428571428571,5.9
7873182d3844,Nedeljko Bajić Baja,Kakva je to ljubav,tranzicija,narodna_narodnjacka,0.7258064516129032,0.78,4.38
1807b2f6e96a,Nedeljko Bajić Baja,Kameleon,tranzicija,narodna_narodnjacka,0.6730769230769231,0.68,9.58
7d79ea8637bb,Nedeljko Bajić Baja,"Kaži, kaži",tranzicija,narodna_narodnjacka,0.7654320987654321,0.748125,5.54
c8173d39d20f,Nedeljko Bajić Baja,"Ko je on, šta je on",tranzicija,narodna_narodnjacka,0.6865671641791045,0.6977777777777778,2.66
c2887166e19c,Nedeljko Bajić Baja,Ko si ti,tranzicija,narodna_narodnjacka,0.7088607594936709,0.8093333333333333,5.16
faf367d21f71,Nedeljko Bajić Baja,Koktel ljubavi,tranzicija,narodna_narodnjacka,0.5876288659793815,0.73875,5.52
aa5e9225e847,Nedeljko Bajić Baja,Kolovođa,tranzicija,narodna_narodnjacka,0.6041666666666666,0.6041666666666666,8.88
57b7489c43a8,Nedeljko Bajić Baja,"Laku noć, devojčice",tranzicija,narodna_narodnjacka,0.6825396825396826,0.7642857142857142,8.05
62c188736aa3,Nedeljko Bajić Baja,"Lažem ljude, lažem sebe",tranzicija,narodna_narodnjacka,0.7213114754098361,0.7783333333333333,6.79
d92369ab9d2f,Nedeljko Bajić Baja,Lepotica i siromah,tranzicija,narodna_narodnjacka,0.8089887640449438,0.9470000000000001,7.93
e721c24e0719,Nedeljko Bajić Baja,Leptir,tranzicija,narodna_narodnjacka,0.6704545454545454,0.8112820512820513,7.21
a96a8b2dc83c,Nedeljko Bajić Baja,Ljubav godine,tranzicija,narodna_narodnjacka,0.7747747747747747,0.9264516129032258,9.12
ccc1c768dde4,Nedeljko Bajić Baja,Ljubavnik na duge staze,tranzicija,narodna_narodnjacka,0.7636363636363637,0.7799999999999999,5.7
4233a5d0205f,Nedeljko Bajić Baja,Ljubo moja,tranzicija,narodna_narodnjacka,0.6206896551724138,0.6777777777777778,9.55
109ed1f40042,Nedeljko Bajić Baja,Ljubomorci,tranzicija,narodna_narodnjacka,0.7796610169491526,0.786,6.05
44353168f7f9,Nedeljko Bajić Baja,"Luda, luda devojka",tranzicija,narodna_narodnjacka,0.8163265306122449,0.8163265306122449,6.83
cbbf7127dec2,Nedeljko Bajić Baja,Ludnica,tranzicija,narodna_narodnjacka,0.8055555555555556,0.8226086956521739,6.98
5aea8e8ae505,Nedeljko Bajić Baja,Lutkica,tranzicija,narodna_narodnjacka,0.75,0.8104347826086957,7.47
1febb5a9cf54,Nedeljko Bajić Baja,"Malo kockam, malo pijem",tranzicija,narodna_narodnjacka,0.6056338028169014,0.6972727272727273,6.42
5f4cfdc2d727,Nedeljko Bajić Baja,Manijak,tranzicija,narodna_narodnjacka,0.5773195876288659,0.6675,6.25
d451063842fe,Nedeljko Bajić Baja,Maska,tranzicija,narodna_narodnjacka,0.8245614035087719,0.81,6.71
cef528fce02a,Nedeljko Bajić Baja,Mini suknja,tranzicija,narodna_narodnjacka,0.6931818181818182,0.8507692307692307,8.55
91a7a4e8289f,Nedeljko Bajić Baja,Misleći na tebe,tranzicija,narodna_narodnjacka,0.8333333333333334,0.8333333333333334,6.87
7b9055453658,Nedeljko Bajić Baja,Moj prsten u ruci,tranzicija,narodna_narodnjacka,0.7,0.8321951219512195,7.32
85026107755e,Nedeljko Bajić Baja,Moja ljubavi,tranzicija,narodna_narodnjacka,0.5714285714285714,0.7076190476190476,5.41
77e146a41f11,Nedeljko Bajić Baja,Moja prva ljubav,tranzicija,narodna_narodnjacka,0.7926829268292683,0.8527272727272728,7.8
51173d3a2102,Nedeljko Bajić Baja,Mokra do kože,tranzicija,narodna_narodnjacka,0.6422764227642277,0.892972972972973,7.34
eb891fb76226,Nedeljko Bajić Baja,Naći ću te k’o skriveno blago,tranzicija,narodna_narodnjacka,0.7564102564102564,0.8020689655172414,5.98
40d7deaa76b9,Nedeljko Bajić Baja,Najdraža moja,tranzicija,narodna_narodnjacka,0.6626506024096386,0.7405882352941177,6.2
c5e86393864f,Nedeljko Bajić Baja,Napaćena duša,tranzicija,narodna_narodnjacka,0.7088607594936709,0.858,8.06
b0631099dc9e,Nedeljko Bajić Baja,Naslednik,tranzicija,narodna_narodnjacka,0.8064516129032258,0.8384615384615385,7.4
4fd2dc8c51fb,Nedeljko Bajić Baja,"Ne daj se, ljubavi",tranzicija,narodna_narodnjacka,0.6056338028169014,0.7763636363636365,7.62
ea6a7615e8dc,Nedeljko Bajić Baja,Neka vide svi,tranzicija,narodna_narodnjacka,0.6923076923076923,0.74,5.42
a12acd988f08,Nedeljko Bajić Baja,Nemoguća misija,tranzicija,narodna_narodnjacka,0.7663551401869159,0.8393103448275862,7.56
74b50bf72b1a,Nedeljko Bajić Baja,Nepravda,tranzicija,narodna_narodnjacka,0.6640625,0.7521518987341772,5.23
ea5375e432ce,Nedeljko Bajić Baja,Noćna ptica,tranzicija,narodna_narodnjacka,0.6811594202898551,0.651,8.32
f0459cbe39bf,Nedeljko Bajić Baja,Non-stop,tranzicija,narodna_narodnjacka,0.4880952380952381,0.8803361344537816,7.2
3cf3f69db764,Nedeljko Bajić Baja,Od ruke do ruke,tranzicija,narodna_narodnjacka,0.8245614035087719,0.87,7.54
77f04d7bfc50,Nedeljko Bajić Baja,Oficir s ružom,tranzicija,narodna_narodnjacka,0.5978260869565217,0.7520930232558141,8.26
0155700120d0,Nedeljko Bajić Baja,Opet sam te poželeo ludo,tranzicija,narodna_narodnjacka,0.7160493827160493,0.818125,5.91
81a892cc90d6,Nedeljko Bajić Baja,Oslobodi me,tranzicija,narodna_narodnjacka,0.7575757575757576,0.8152941176470588,8.06
80ed08c307d2,Nedeljko Bajić Baja,Pijan sam,tranzicija,narodna_narodnjacka,0.24074074074074073,0.3857627118644068,4.49
07253254e301,Nedeljko Bajić Baja,Pokaži svoje zmijsko telo,tranzicija,narodna_narodnjacka,0.6747967479674797,0.8975675675675676,8.46
6a0315595b02,Nedeljko Bajić Baja,Posle tebe,tranzicija,narodna_narodnjacka,0.639344262295082,0.7283333333333334,4.58
170d8f32e114,Nedeljko Bajić Baja,Prevari njega,tranzicija,narodna_narodnjacka,0.8823529411764706,0.88,5.96
0989c6d7ac6f,Nedeljko Bajić Baja,Prezime,tranzicija,narodna_narodnjacka,0.7733333333333333,0.7984615384615386,7.95
47a71d294aeb,Nedeljko Bajić Baja,Prirodno,tranzicija,narodna_narodnjacka,0.7375,0.8341935483870968,9.06
9b460d54645b,Nedeljko Bajić Baja,Radio,tranzicija,narodna_narodnjacka,0.6814159292035398,0.8028125,7.41
3616612e10ff,Nedeljko Bajić Baja,Rame za plakanje,tranzicija,narodna_narodnjacka,0.9322033898305084,0.9480000000000001,9.38
e0b4ba12fb88,Nedeljko Bajić Baja,Rob ljubavi,tranzicija,narodna_narodnjacka,0.5915492957746479,0.6736363636363637,8.08
e4d269b3b0da,Nedeljko Bajić Baja,Rođendan je tvoj,tranzicija,narodna_narodnjacka,0.6438356164383562,0.8041666666666667,5.59
b31836c975f0,Nedeljko Bajić Baja,Romansa,tranzicija,narodna_narodnjacka,0.7551020408163265,0.8648979591836735,6.91
c0c1c42a01de,Nedeljko Bajić Baja,Ruka spasa,tranzicija,narodna_narodnjacka,0.6631578947368421,0.8813043478260869,6.88
4298044ed3a0,Nedeljko Bajić Baja,Sećanje na nas,tranzicija,narodna_narodnjacka,0.6476190476190476,0.7821428571428571,4.77
dd0fcc29191e,Nedeljko Bajić Baja,"Seti me se, seti, seti",tranzicija,narodna_narodnjacka,0.7966101694915254,0.836,7.58
2e24cbac45a7,Nedeljko Bajić Baja,Šta me briga,tranzicija,narodna_narodnjacka,0.6623376623376623,0.6985714285714285,3.91
9c0d90b73e2d,Nedeljko Bajić Baja,Suviše me podsećaš na nju,tranzicija,narodna_narodnjacka,0.8363636363636363,0.8266666666666667,6.99
6ed673d1cdea,Nedeljko Bajić Baja,Suze na venčanju tvom,tranzicija,narodna_narodnjacka,0.8260869565217391,0.8640000000000001,5.53
e9d70579d094,Nedeljko Bajić Baja,Svadba će da bude (with Anica Milenković),tranzicija,narodna_narodnjacka,0.61,0.7776470588235294,7.21
c56c0289c039,Nedeljko Bajić Baja,Svetla velegrada,tranzicija,narodna_narodnjacka,0.6842105263157895,0.7733333333333333,7.33
73f945326d8e,Nedeljko Bajić Baja,Svetski čovek,tranzicija,narodna_narodnjacka,0.8478260869565217,0.8478260869565217,7.71
eca941e8ff72,Nedeljko Bajić Baja,Svi me kleli,tranzicija,narodna_narodnjacka,0.7222222222222222,0.748,6.49
d4f1d8f2bce5,Nedeljko Bajić Baja,Tamo gde si ti,tranzicija,narodna_narodnjacka,0.90625,0.928,8.07
ea3d1fa9a148,Nedeljko Bajić Baja,Tip-top,tranzicija,narodna_narodnjacka,0.7161290322580646,0.8058490566037736,7.13
7853ccd5ddd5,Nedeljko Bajić Baja,Tragovi karmina,tranzicija,narodna_narodnjacka,0.7333333333333333,0.7884615384615384,7.95
3d8887ed51db,Nedeljko Bajić Baja,Uspeo sam u životu,tranzicija,narodna_narodnjacka,0.7971014492753623,0.853,7.98
90ef030fee72,Nedeljko Bajić Baja,Uzmi srce,tranzicija,narodna_narodnjacka,0.6770833333333334,0.8063829787234043,6.91
7d2e333239ce,Nedeljko Bajić Baja,Varalica,tranzicija,narodna_narodnjacka,0.8378378378378378,0.8728,6.62
21016b458a04,Nedeljko Bajić Baja,Vatra i oluja,tranzicija,narodna_narodnjacka,0.6470588235294118,0.7361111111111112,8.69
08b167895ea4,Nedeljko Bajić Baja,Vatreno krštenje,tranzicija,narodna_narodnjacka,0.7013888888888888,0.7776842105263158,6.73
5c245b832687,Nedeljko Bajić Baja,Veruj u Boga i u mene,tranzicija,narodna_narodnjacka,0.4585635359116022,0.7328787878787878,4.91
266cf9848579,Nedeljko Bajić Baja,"Verujem, ne verujem",tranzicija,narodna_narodnjacka,0.75,0.7936842105263158,7.35
38b97cb75b2a,Nedeljko Bajić Baja,"Vidi, vidi, ko je došao",tranzicija,narodna_narodnjacka,0.6129032258064516,0.7553846153846154,6.29
1ad27b1385a6,Nedeljko Bajić Baja,Vreme briše sve,tranzicija,narodna_narodnjacka,0.7796610169491526,0.842,4.85
31b91cc11348,Nedeljko Bajić Baja,Zapisano je u vremenu,tranzicija,narodna_narodnjacka,0.6428571428571429,0.7819047619047619,6.72
2e552cafb398,Nedeljko Bajić Baja,Zar se stvarno rastajemo,tranzicija,narodna_narodnjacka,0.6617647058823529,0.7536842105263158,6.89
4f0540a29765,Nedeljko Bajić Baja,"Zašto, zašto, kume",tranzicija,narodna_narodnjacka,0.8181818181818182,0.83,9.3
4e90ede57c72,Nedeljko Bajić Baja,Zato što sam tebe voleo,tranzicija,narodna_narodnjacka,0.5405405405405406,0.6136,7.06
2da36a01955b,Nedeljko Bajić Baja,Zavičaj,tranzicija,narodna_narodnjacka,0.7941176470588235,0.8042105263157895,5.68
6405f59514d9,Nedeljko Bajić Baja,Zeleni dol,tranzicija,narodna_narodnjacka,0.8507462686567164,0.9055555555555556,8.07
73e539009c5f,Nedeljko Bajić Baja,Zemlja ljubavi,tranzicija,narodna_narodnjacka,0.7121212121212122,0.8763855421686746,8.44
f861b5ffa898,Nedeljko Bajić Baja,Zlato zlaćano,tranzicija,narodna_narodnjacka,0.7894736842105263,0.81,6.51
1a5e6f96a3b3,Nedeljko Bajić Baja,Znakovi,tranzicija,narodna_narodnjacka,0.6,0.7891803278688525,6.6
69021d144c6c,Nedeljko Bajić Baja,Znam dobro,tranzicija,narodna_narodnjacka,0.7833333333333333,0.7727272727272727,6.03
df12641c13a2,Dado Polumenta,100 stepeni,savremeno,pop,0.6686390532544378,0.8361666666666667,5.97
47a126e2be4e,Dado Polumenta,14 godina,savremeno,pop,0.7454545454545455,0.8226229508196721,7.04
b7e257a4d8c9,Dado Polumenta,Aj živa bila,savremeno,pop,0.7254901960784313,0.8275471698113207,6.2
6203720c0b1d,Dado Polumenta,Ana Marija,savremeno,pop,0.6770833333333334,0.7697872340425532,8.11
f97c648557b5,Dado Polumenta,Biće bolje,savremeno,pop,0.72,0.8181578947368421,6.56
5a9a2eef8817,Dado Polumenta,Bila je lijepa,savremeno,pop,0.7692307692307693,0.8268965517241379,6.91
1808bf60c97f,Dado Polumenta,Brodolom,savremeno,pop,0.7906976744186046,0.8075675675675675,6.27
024121ae0deb,Dado Polumenta,Činim sve,savremeno,pop,0.6805555555555556,0.714782608695652,5.83
d10694a08210,Dado Polumenta,Crnogorka,savremeno,pop,0.42857142857142855,0.5966666666666667,5.6
c17387350b89,Dado Polumenta,Da sam tada bolje te znao,savremeno,pop,0.5066666666666667,0.8118811881188119,6.36
7fc987128338,Dado Polumenta,Dama,savremeno,pop,0.7373737373737373,0.8960000000000001,5.98
840251d220d4,Dado Polumenta,Divlja ruža,savremeno,pop,0.8840579710144928,0.874,7.3
d65ccaf254fd,Dado Polumenta,Ekstaza,savremeno,pop,0.7213114754098361,0.8934246575342466,8.97
79e1111e15e2,Dado Polumenta,Esma (with Aleksandar Domić),savremeno,pop,0.4175257731958763,0.6995862068965517,8.03
eee765a0e7e1,Dado Polumenta,Fali mi ljubav,savremeno,pop,0.7246376811594203,0.8651685393258427,7.29
ebdf15ab79a7,Dado Polumenta,Fobija (with Azra Polumenta),savremeno,pop,0.7289719626168224,0.816551724137931,7.67
bf8ca7b1cd10,Dado Polumenta,Gdje si sad,savremeno,pop,0.43670886075949367,0.6539449541284403,7.5
7dc50aa34ba2,Dado Polumenta,Greška,savremeno,pop,0.7317073170731707,0.9066666666666667,7.05
45f905efa173,Dado Polumenta,Hipnotisan,savremeno,pop,0.5338983050847458,0.8020289855072464,6.81
f6c17923e6d4,Dado Polumenta,Istina,savremeno,pop,0.39906103286384975,0.7986585365853658,6.33
0b7705cca509,Dado Polumenta,Ja i ti,savremeno,pop,0.4258064516129032,0.6,4.92
8ec8c289067d,Dado Polumenta,Ja noćas dolazim,savremeno,pop,0.7368421052631579,0.8078260869565218,6.13
8b1fbd12e0cd,Dado Polumenta,Jasmina,savremeno,pop,0.8947368421052632,0.9075,6.34
29c7f1cc9b59,Dado Polumenta,Kad pijem,savremeno,pop,0.7241379310344828,0.79,7.13
12e1bdf4a972,Dado Polumenta,Kafa Espreso,savremeno,pop,0.7651515151515151,0.8865060240963856,6.45
33ca08294d69,Dado Polumenta,Kafana,savremeno,pop,0.8888888888888888,0.8742857142857143,8.18
0062ca7e0be4,Dado Polumenta,Kaži vilo bijela,savremeno,pop,0.6,0.7354929577464788,6.91
3de35df0be31,Dado Polumenta,Kose crne,savremeno,pop,0.8780487804878049,0.9224242424242424,7.02
cec0d090abb2,Dado Polumenta,Laka ženo,savremeno,pop,0.5517241379310345,0.7570149253731343,6.95
cad359bfb1cc,Dado Polumenta,Lanjski snegovi,savremeno,pop,0.3584905660377358,0.7905454545454547,5.48
a5fe002a6308,Dado Polumenta,Lažna imena,savremeno,pop,0.4888888888888889,0.7804651162790698,6.15
be2d05ae3515,Dado Polumenta,Ljepša od noći (duet Šako Polumenta),savremeno,pop,0.7904761904761904,0.8653571428571428,6.28
2fdb6e299341,Dado Polumenta,Ljetna kiša,savremeno,pop,0.6732673267326733,0.7092307692307693,6.38
821be034ed66,Dado Polumenta,Luče malo,savremeno,pop,0.5436241610738255,0.8740000000000001,6.21
aa4b534f2ef3,Dado Polumenta,Luda kao ja,savremeno,pop,0.6736842105263158,0.7795652173913044,6.95
31355537fa6e,Dado Polumenta,Ma briga me za sve to,savremeno,pop,0.38,0.7915422885572139,4.44
e9a4c0ed9119,Dado Polumenta,Majko,savremeno,pop,0.4591194968553459,0.8327272727272726,6.29
86142f8d2977,Dado Polumenta,Mila,savremeno,pop,0.5777777777777777,0.7144186046511628,5.26
8f5e61a1813c,Dado Polumenta,Mogao bih druže moj,savremeno,pop,0.5783132530120482,0.7176470588235294,7.44
0f7143056ff0,Dado Polumenta,Moja srno,savremeno,pop,0.52,0.7455445544554455,8.46
e29b2db7a42a,Dado Polumenta,Nervi od čelika,savremeno,pop,0.5470085470085471,0.7902941176470588,6.67
0426a3d342fb,Dado Polumenta,Nijedna kao ti,savremeno,pop,0.5058139534883721,0.8299186991869919,5.53
280c91abd2ed,Dado Polumenta,Nisam te se nagledao,savremeno,pop,0.3492063492063492,0.5477922077922078,8.99
04f1ffe5ff2d,Dado Polumenta,Oči od stida,savremeno,pop,0.5373134328358209,0.8628235294117648,6.3
be12851d2242,Dado Polumenta,Od vina si me opila,savremeno,pop,0.4935897435897436,0.8132710280373832,6.13
318028ac384c,Dado Polumenta,"Od vina, nije od karmina",savremeno,pop,0.5413533834586466,0.7583333333333334,6.49
30f5df1363cb,Dado Polumenta,Pogledaj kako igram,savremeno,pop,0.7966101694915254,0.794,6.13
ede7ed0d47e6,Dado Polumenta,Pozovite 93,savremeno,pop,0.7798165137614679,0.8983333333333333,8.41
ea8c56d17549,Dado Polumenta,Samo namigni (duet Viki Miljković),savremeno,pop,0.593103448275862,0.769375,5.22
e81a380bca8e,Dado Polumenta,Sedam subota (duet Aca Lukas),savremeno,pop,0.65,0.8642384105960265,7.65
c442b5ee37b9,Dado Polumenta,Srce je nebitno,savremeno,pop,0.706766917293233,0.8669047619047618,7.47
39352cf7889b,Dado Polumenta,Ti nisi prava žena (feat. MC Yankoo),savremeno,pop,0.46923076923076923,0.6533333333333333,6.85
5efd334fe5e1,Dado Polumenta,Ti si bila meni sve,savremeno,pop,0.6071428571428571,0.8222857142857142,5.98
8a78f8a0e705,Dado Polumenta,Večeras (feat. Cvija),savremeno,pop,0.6776315789473685,0.798252427184466,4.93
d7d4dbbcf825,Dado Polumenta,Virus,savremeno,pop,0.5391304347826087,0.7321212121212122,4.6
4a9008c993fa,Dado Polumenta,Volim te,savremeno,pop,0.6013513513513513,0.7945454545454546,7.05
dd6a479f3806,Dado Polumenta,Zauvijek tvoj,savremeno,pop,0.36160714285714285,0.7350857142857143,6.3
76222f5f9f24,Dado Polumenta,Ženim se (duet Šako Polumenta),savremeno,pop,0.6666666666666666,0.8062921348314608,5.5
0d1eda39ff1e,Amel Ćurić,Dio tebe,savremeno,pop,0.5804195804195804,0.8274468085106383,5.27
730d54cd834b,Amel Ćurić,Moja djevojka,savremeno,pop,0.8292682926829268,0.82,8.6
7c6032b0fa3e,Amel Ćurić,Na drugoj strani ulice,savremeno,pop,0.63,0.7505882352941177,8.68
890169472be0,Amel Ćurić,Ne znam da l’ imam te,savremeno,pop,0.7572815533980582,0.8351851851851853,5.57
4232e67e1748,Amel Ćurić,Osmijeh skriveni,savremeno,pop,0.6634615384615384,0.7898181818181818,6.79
752163e652bb,Amel Ćurić,Plastika,savremeno,pop,0.589041095890411,0.6558333333333334,5.22
495f95ba0cb2,Amel Ćurić,Prije zore,savremeno,pop,0.8421052631578947,0.9152173913043479,8.62
81e8f58502e3,Amel Ćurić,Stara ljubav,savremeno,pop,0.488,0.8234210526315789,8.02
477e13de6db2,Amel Ćurić,Urnebes,savremeno,pop,0.5978260869565217,0.7781395348837209,7.88
ac6812439a2d,Amel Ćurić,Uzmi ili ostavi,savremeno,pop,0.6102941176470589,0.8574712643678161,8.42
d76de054f51d,Amel Ćurić,Zaljubljen sam,savremeno,pop,0.5384615384615384,0.7720588235294118,5.5
64f69fe787a9,Elitni odredi,Ako izgubim te opet,savremeno,hip_hop_rep,0.5030549898167006,0.7804072398190045,7.32
4883f20d94b3,Elitni odredi,Čemu život uči me (feat. Sha-lla),savremeno,hip_hop_rep,0.5494505494505495,0.8140317460317461,8.03
559d96163bcc,Elitni odredi,Dođi da piješ sa nama ove noći,savremeno,hip_hop_rep,0.4315068493150685,0.8136563876651983,8.2
43b63b1a953e,Elitni odredi,Folk zvezda,savremeno,hip_hop_rep,0.6421568627450981,0.8635654596100278,8.27
501aca11f9ab,Elitni odredi,I dalje želim,savremeno,hip_hop_rep,0.601010101010101,0.8548993288590604,8.06
828fd99dd873,Elitni odredi,Ice cream,savremeno,hip_hop_rep,0.662125340599455,0.8584276729559749,8.61
9c17c1706f36,Elitni odredi,Kad bi znala,savremeno,hip_hop_rep,0.391304347826087,0.8010810810810811,6.83
4cf219829769,Elitni odredi,Kao kokain (Nikad nisam imao),savremeno,hip_hop_rep,0.4602076124567474,0.7885000000000001,8.96
a3f6abc04e49,Elitni odredi,"Kao nekad, nikad više (feat. Deniro)",savremeno,hip_hop_rep,0.478,0.7757871396895787,8.02
645b9d728715,Elitni odredi,Kokain,savremeno,hip_hop_rep,0.5841584158415841,0.6788461538461538,9.64
04235db759db,Elitni odredi,Krivi smo oboje,savremeno,hip_hop_rep,0.6428571428571429,0.8661324041811846,7.74
ad336ffdf9a7,Elitni odredi,Kulijana,savremeno,hip_hop_rep,0.5841346153846154,0.8234332425068119,8.09
2dd426a401c7,Elitni odredi,Ljubav i milion dolara,savremeno,hip_hop_rep,0.5099009900990099,0.8099154929577465,9.52
3f74b6cce64f,Elitni odredi,Moja jedina,savremeno,hip_hop_rep,0.5617715617715617,0.8092631578947368,6.17
6d4e30539625,Elitni odredi,Moja riba,savremeno,hip_hop_rep,0.5136986301369864,0.7546529562982005,7.34
087bf6b30e86,Elitni odredi,Ne daj mi da odem,savremeno,hip_hop_rep,0.6203703703703703,0.8525748502994012,8.05
204085b0d972,Elitni odredi,Ne koči,savremeno,hip_hop_rep,0.7439024390243902,0.8841739130434784,7.03
78c8d2b14b13,Elitni odredi,Nema nas (feat. Darko Jovanović),savremeno,hip_hop_rep,0.29880478087649404,0.6942574257425743,7.78
cf3e7eb88926,Elitni odredi,Nemam ljubavi,savremeno,hip_hop_rep,0.45077720207253885,0.7928783382789317,7.17
d82247fd1e6a,Elitni odredi,Nije mi žao,savremeno,hip_hop_rep,0.5725190839694656,0.7945930232558139,6.82
20496b9e1d57,Elitni odredi,Niko ne voli,savremeno,hip_hop_rep,0.5523465703971119,0.8573069306930693,8.25
bf7d89102718,Elitni odredi,Nisi s njom (feat. DJ Silver & DJ Marconi & Mia),savremeno,hip_hop_rep,0.5310077519379846,0.8777033492822967,6.69
19d6343912c2,Elitni odredi,Oprosti mi,savremeno,hip_hop_rep,0.5311909262759924,0.8752083333333334,10.98
6f763ab9fed9,Elitni odredi,Raj,savremeno,hip_hop_rep,0.4925925925925926,0.840633484162896,7.26
b90a5d079f01,Elitni odredi,Rođeni sa greškom,savremeno,hip_hop_rep,0.5126903553299492,0.8183768115942028,9.91
70600fe7e543,Elitni odredi,Samo,savremeno,hip_hop_rep,0.5100401606425703,0.7578,5.88
085455d16bef,Elitni odredi,Skywalker,savremeno,hip_hop_rep,0.6082949308755761,0.80187012987013,6.9
93592f36d37c,Elitni odredi,Šta bi hteli vi,savremeno,hip_hop_rep,0.639344262295082,0.849375,6.85
171d78373fa4,Elitni odredi,Što te volim (feat. Cvija),savremeno,hip_hop_rep,0.6666666666666666,0.8198882681564246,7.66
f4269275fb60,Elitni odredi,Sve što znam,savremeno,hip_hop_rep,0.6340782122905028,0.8445307443365695,7.62
114c84d2ca7b,Elitni odredi,Zvezde ostaju sjajne,savremeno,hip_hop_rep,0.5902777777777778,0.806276150627615,7.96
