song_id,period,genre,entity_text,entity_type
317efec1508f,sfrj,rok,"Stani, ",PER
16d017f74639,sfrj,rok,ije,ORG
16d017f74639,sfrj,rok,šta,ORG
16d017f74639,sfrj,rok,Zaspao je c,PER
16d017f74639,sfrj,rok,Zaspao j,ORG
16d017f74639,sfrj,rok,cijeli,LOC
16d017f74639,sfrj,rok,vijet ,LOC
16d017f74639,sfrj,rok,šta ne,LOC
16d017f74639,sfrj,rok,Zaspao je,PER
5f15709ac335,sfrj,rok,Kukunka,PER
5f15709ac335,sfrj,rok,Kukunka,PER
5f15709ac335,sfrj,rok, Kukunk,PER
5f15709ac335,sfrj,rok, Kukunk,PER
5f15709ac335,sfrj,rok,"a, Ku",PER
5f15709ac335,sfrj,rok,Kuk,LOC
5f15709ac335,sfrj,rok,tat,LOC
5f15709ac335,sfrj,rok,", K",LOC
5f15709ac335,sfrj,rok,o t,LOC
5f15709ac335,sfrj,rok,"ka, K",PER
5f15709ac335,sfrj,rok,"ukunka,",PER
5f15709ac335,sfrj,rok,"ukunka
",PER
5f15709ac335,sfrj,rok,"ukunka,",PER
5f15709ac335,sfrj,rok,"ukunka
",PER
5f15709ac335,sfrj,rok, Kuku,LOC
5f15709ac335,sfrj,rok,", K",LOC
5f15709ac335,sfrj,rok,o t,LOC
5f15709ac335,sfrj,rok,Kukunka,PER
5f15709ac335,sfrj,rok,Kukunka,PER
5f15709ac335,sfrj,rok,Kukunka,PER
5f15709ac335,sfrj,rok,Kukunka,PER
5f15709ac335,sfrj,rok,", K",LOC
5f15709ac335,sfrj,rok,o t,LOC
5f15709ac335,sfrj,rok,"a, Ku",PER
088f80624f2f,sfrj,rok,Lu,ORG
088f80624f2f,sfrj,rok,Luda,PER
2dbff97763bc,sfrj,rok,Lijepo,PER
2dbff97763bc,sfrj,rok,"i, opeg",PER
2dbff97763bc,sfrj,rok,Lijepo ,PER
2dbff97763bc,sfrj,rok,Lijep,PER
2dbff97763bc,sfrj,rok,"i, opeg",PER
677a100b6685,sfrj,rok,Ako si ljubo,PER
677a100b6685,sfrj,rok,Ako,PER
af6b897f08b7,sfrj,rok,Petroviću Petre,PER
af6b897f08b7,sfrj,rok,"oviću Petre
Dob",PER
af6b897f08b7,sfrj,rok,"Petre
D",PER
9e4c77fc06e1,sfrj,rok,"a ja ćutim
",MISC
9e4c77fc06e1,sfrj,rok,P,ORG
9e4c77fc06e1,sfrj,rok,"a ja ćutim
",MISC
9e4c77fc06e1,sfrj,rok,P,ORG
501125fdcb28,sfrj,rok,Ded,LOC
5a70aac9e253,sfrj,rok,Eva,PER
5a70aac9e253,sfrj,rok,Pr,ORG
5a70aac9e253,sfrj,rok,Pr,ORG
5a70aac9e253,sfrj,rok,i Eva i,LOC
5a70aac9e253,sfrj,rok,Pr,ORG
b847e4d3b492,sfrj,rok,U poč,PER
b847e4d3b492,sfrj,rok,ku ,PER
46ba38a80d6b,sfrj,rok,đurđevak zeleni,MISC
46ba38a80d6b,sfrj,rok,Proljeć,PER
46ba38a80d6b,sfrj,rok,ak zel,PER
46ba38a80d6b,sfrj,rok,moje r,PER
46ba38a80d6b,sfrj,rok, đurđevak zelen,MISC
46ba38a80d6b,sfrj,rok,e sl,PER
46ba38a80d6b,sfrj,rok,"jeće, đur",PER
46ba38a80d6b,sfrj,rok,"ijeće, đur",PER
74cd7cec479f,sfrj,rok,"dva,",PER
3672fd297465,sfrj,rok,nji p,ORG
3672fd297465,sfrj,rok,nji p,ORG
6af9a1e3ccf2,sfrj,rok,e mogu ,ORG
6af9a1e3ccf2,sfrj,rok,e mogu ,ORG
6af9a1e3ccf2,sfrj,rok,e mogu ,ORG
6af9a1e3ccf2,sfrj,rok,ovdje m,ORG
6af9a1e3ccf2,sfrj,rok,ovdje m,ORG
6af9a1e3ccf2,sfrj,rok, mogu k,ORG
6af9a1e3ccf2,sfrj,rok,e mogu ,ORG
6af9a1e3ccf2,sfrj,rok,e mogu ,ORG
6af9a1e3ccf2,sfrj,rok,e mogu ,ORG
6af9a1e3ccf2,sfrj,rok,ovdje m,ORG
6af9a1e3ccf2,sfrj,rok,ovdje m,ORG
6af9a1e3ccf2,sfrj,rok, mogu k,ORG
6af9a1e3ccf2,sfrj,rok,ovdje m,ORG
6af9a1e3ccf2,sfrj,rok,Sve ovdje mogu k,MISC
6af9a1e3ccf2,sfrj,rok,Sve ovdje mogu k,MISC
6af9a1e3ccf2,sfrj,rok,ovdje m,ORG
6af9a1e3ccf2,sfrj,rok,Sve ovdje mogu k,MISC
6af9a1e3ccf2,sfrj,rok,Sve ovdje mogu k,MISC
b4070d6ee2bf,sfrj,rok,Moje,PER
b4070d6ee2bf,sfrj,rok,Moje je,PER
b4070d6ee2bf,sfrj,rok,rane mj,LOC
b4070d6ee2bf,sfrj,rok,Moje,PER
b4070d6ee2bf,sfrj,rok,Moje je,PER
b4070d6ee2bf,sfrj,rok,Moje,PER
b4070d6ee2bf,sfrj,rok,Moj,PER
5a63e05e18e2,sfrj,rok,Hej,PER
5a63e05e18e2,sfrj,rok,Slaveni,PER
cfbd5bfa7a6d,sfrj,rok,"Ni tvoj akcent,",LOC
cfbd5bfa7a6d,sfrj,rok,"Ni tvoj akcent,",LOC
b51cb3ff773b,sfrj,rok,Ni,ORG
3063d24baa30,sfrj,rok,Mal,PER
a8a91fc7db0f,sfrj,rok,"adi
Se do ",ORG
5c231c0ff6b3,sfrj,rok,sanja,PER
5c231c0ff6b3,sfrj,rok,sanja,PER
ef4251889d38,sfrj,rok,ako si mi t,LOC
002af0b7524f,sfrj,rok,Šiznuću,PER
002af0b7524f,sfrj,rok,"Šiznuću
Evo ",PER
0028c74d6419,sfrj,rok,Nema,PER
0028c74d6419,sfrj,rok,alen,PER
0028c74d6419,sfrj,rok,"r
nema, ",PER
0028c74d6419,sfrj,rok,Nema,PER
0028c74d6419,sfrj,rok,alen,PER
0028c74d6419,sfrj,rok,"r
nema, ",PER
5cf3b8cb1a9a,sfrj,rok,U ,ORG
31788e890c55,sfrj,rok,Gnjave,DERIV-PER
238ade43625b,sfrj,rok,Tebi,PER
74aa098a7701,sfrj,rok,Ne gleda,PER
74aa098a7701,sfrj,rok,Ne gle,PER
696002500a79,sfrj,rok,Ne sp,PER
696002500a79,sfrj,rok,Ne sp,PER
696002500a79,sfrj,rok,Ne spavaj mal,MISC
696002500a79,sfrj,rok,Ne spavaj mal,MISC
9e08b0cee496,sfrj,rok,Pjesma laz,ORG
9e08b0cee496,sfrj,rok,Pjesma,LOC
9e08b0cee496,sfrj,rok,Pj,ORG
46825b4c569b,sfrj,rok,Oc,ORG
46825b4c569b,sfrj,rok,Oc,ORG
8b928db29d4d,sfrj,rok,Nocas,PER
8b928db29d4d,sfrj,rok,Nocas,PER
8b928db29d4d,sfrj,rok,Nocas,PER
8b928db29d4d,sfrj,rok,Nocas,PER
8b928db29d4d,sfrj,rok,Nocas,PER
bf2826b6943a,sfrj,rok,mnom d,PER
1c6ba84650df,sfrj,rok,Ovaj pl,ORG
f4e492853d0a,sfrj,rok,Ona sp,PER
e054ccd6bed4,sfrj,rok,Pat,PER
ac4b119140a4,sfrj,rok,Novembar,PER
ac4b119140a4,sfrj,rok,Bio,PER
ac4b119140a4,sfrj,rok,"mbar, il",LOC
ac4b119140a4,sfrj,rok,lače nebo i,ORG
ac4b119140a4,sfrj,rok,lače ne,LOC
ac4b119140a4,sfrj,rok,ebo il,PER
ac4b119140a4,sfrj,rok,"ar, ",PER
ac4b119140a4,sfrj,rok,i bo,LOC
ac4b119140a4,sfrj,rok,Bio je Novemba,PER
bc0e870da7e9,sfrj,rok,Grad Niš,LOC
bc0e870da7e9,sfrj,rok,Grad Niš,LOC
bc0e870da7e9,sfrj,rok,Grad Ni,PER
bc0e870da7e9,sfrj,rok,Grad Niš,PER
3cb98a2c2a76,sfrj,rok,Svu n,PER
3cb98a2c2a76,sfrj,rok,Svu n,PER
3cb98a2c2a76,sfrj,rok,Svu n,PER
3cb98a2c2a76,sfrj,rok,Svu n,PER
3cb98a2c2a76,sfrj,rok,Svu n,PER
d8b72653d9a0,sfrj,rok,Pada,PER
d8b72653d9a0,sfrj,rok,Padaj ,PER
d8b72653d9a0,sfrj,rok,van’o ti je,PER
d8b72653d9a0,sfrj,rok,Pada,LOC
d8b72653d9a0,sfrj,rok,silo i,PER
d8b72653d9a0,sfrj,rok,Padaj silo i nep,PER
d8b72653d9a0,sfrj,rok,P,ORG
d8b72653d9a0,sfrj,rok,Padaj silo i nep,PER
dd09446cf5f5,sfrj,rok,Ruzica,PER
dd09446cf5f5,sfrj,rok,Ruzica,PER
dd09446cf5f5,sfrj,rok,Ru,ORG
dd09446cf5f5,sfrj,rok,Ruzica,PER
dd09446cf5f5,sfrj,rok,Ru,ORG
dd09446cf5f5,sfrj,rok,Ruzica,PER
dd09446cf5f5,sfrj,rok,Ru,ORG
27d4cb995b32,sfrj,rok,Selma,PER
27d4cb995b32,sfrj,rok,Selma,PER
27d4cb995b32,sfrj,rok,utuje,PER
27d4cb995b32,sfrj,rok,"et
On",PER
27d4cb995b32,sfrj,rok,utuje,PER
27d4cb995b32,sfrj,rok,Selma,PER
27d4cb995b32,sfrj,rok,"et
On",PER
42473d74ebbd,sfrj,rok,Slatko,PER
edc1c5b76d78,sfrj,rok,Sv,ORG
950dc7ed4c3d,sfrj,rok,Jedn,PER
8c7e30fdaa9a,sfrj,rok,Moje,PER
8c7e30fdaa9a,sfrj,rok,rane mj,LOC
8c7e30fdaa9a,sfrj,rok,Moje,PER
8c7e30fdaa9a,sfrj,rok,Moje,PER
0297bd61f893,sfrj,rok,Jesi mal,PER
0297bd61f893,sfrj,rok,Jesi m,ORG
0297bd61f893,sfrj,rok,Jesi m,PER
0297bd61f893,sfrj,rok,Jesi ma,PER
0297bd61f893,sfrj,rok,Jesi ma,PER
0297bd61f893,sfrj,rok,Je,ORG
36f0ae024c5c,sfrj,rok,Ci,ORG
36f0ae024c5c,sfrj,rok,rinc ,PER
36f0ae024c5c,sfrj,rok,tvoje ,PER
36f0ae024c5c,sfrj,rok,rinc iz tvoje bajke,PER
18e48aab5ddd,sfrj,rok,"e smog, d",LOC
18e48aab5ddd,sfrj,rok,"e smog, d",LOC
faf74110e8a3,sfrj,rok,Ne r,PER
faf74110e8a3,sfrj,rok,naj ,MISC
faf74110e8a3,sfrj,rok,Ne r,PER
faf74110e8a3,sfrj,rok,na m,PER
faf74110e8a3,sfrj,rok,naj ,MISC
faf74110e8a3,sfrj,rok,Ne r,PER
faf74110e8a3,sfrj,rok,na m,PER
faf74110e8a3,sfrj,rok, na ,MISC
faf74110e8a3,sfrj,rok,aj n,PER
faf74110e8a3,sfrj,rok, na ,MISC
faf74110e8a3,sfrj,rok,aj n,PER
1c624119579a,sfrj,rok,Vidis da e,PER
9978f89e92b5,sfrj,rok,Upo,LOC
d100f237388a,sfrj,rok,Jos sa,PER
2ea7a2b4a9f3,sfrj,rok,Miruj,PER
2ea7a2b4a9f3,sfrj,rok,"dati
P",LOC
2ea7a2b4a9f3,sfrj,rok,Miruj,PER
2ea7a2b4a9f3,sfrj,rok,ti suzo n,PER
2ea7a2b4a9f3,sfrj,rok,j pada,LOC
2ea7a2b4a9f3,sfrj,rok,nje po,LOC
2ea7a2b4a9f3,sfrj,rok,e ti s,LOC
2ea7a2b4a9f3,sfrj,rok,nje po,LOC
2ea7a2b4a9f3,sfrj,rok,je po ,LOC
e67867955e59,sfrj,rok,n rubo,PER
e67867955e59,sfrj,rok,Lutam c,PER
173ff15280b8,sfrj,rok,jepoti,PER
173ff15280b8,sfrj,rok, lje,PER
173ff15280b8,sfrj,rok,Dobr,PER
173ff15280b8,sfrj,rok,"ce
V",PER
173ff15280b8,sfrj,rok,epot,PER
173ff15280b8,sfrj,rok,epot,PER
173ff15280b8,sfrj,rok,Do,ORG
173ff15280b8,sfrj,rok,Dobr,PER
173ff15280b8,sfrj,rok,"ice
",PER
173ff15280b8,sfrj,rok,epot,PER
173ff15280b8,sfrj,rok,Dobr,PER
173ff15280b8,sfrj,rok,"ice
",PER
173ff15280b8,sfrj,rok,epot,PER
45d2c006237b,sfrj,rok,Sa tob,PER
45d2c006237b,sfrj,rok,Sa t,PER
45d2c006237b,sfrj,rok,"guju
Iz r",PER
45d2c006237b,sfrj,rok,"ju
Iz",PER
45d2c006237b,sfrj,rok,Sa tobom dr,PER
45d2c006237b,sfrj,rok,Sa,ORG
6b9fbe546b8a,sfrj,rok,Lutkice,PER
6b9fbe546b8a,sfrj,rok,Lutkice,PER
6b9fbe546b8a,sfrj,rok,"kice, pož",PER
282313fa5419,sfrj,rok,Kao gro,PER
282313fa5419,sfrj,rok,Kao gro,PER
0a0ce4ff2e82,sfrj,rok,Strah na,ORG
0a0ce4ff2e82,sfrj,rok,rah na,ORG
0a0ce4ff2e82,sfrj,rok,"sti
Zabr",ORG
0a0ce4ff2e82,sfrj,rok,Strah n,PER
0a0ce4ff2e82,sfrj,rok,rah na,ORG
0a0ce4ff2e82,sfrj,rok,"sti
Zabr",ORG
0a0ce4ff2e82,sfrj,rok,"na cesti
Zab",MISC
93ceba1efd0c,sfrj,rok,Ja,ORG
9109df8f7948,sfrj,rok,Luda ,PER
9109df8f7948,sfrj,rok,c je ,PER
9109df8f7948,sfrj,rok,esava,PER
9109df8f7948,sfrj,rok, meni,PER
698b36f66ccf,sfrj,rok,Duga n,LOC
698b36f66ccf,sfrj,rok,", lj",PER
698b36f66ccf,sfrj,rok,Duga n,LOC
698b36f66ccf,sfrj,rok,Duga n,LOC
698b36f66ccf,sfrj,rok,", lj",PER
698b36f66ccf,sfrj,rok,Duga n,LOC
698b36f66ccf,sfrj,rok,juta ka,MISC
ed4894bea0e9,sfrj,rok,Ti i ja,PER
ed4894bea0e9,sfrj,rok,o sunc,PER
ed4894bea0e9,sfrj,rok,o sunc,PER
ed4894bea0e9,sfrj,rok,ja smo,PER
ed4894bea0e9,sfrj,rok,o sunc,PER
ed4894bea0e9,sfrj,rok,o sunc,PER
ed4894bea0e9,sfrj,rok,ja smo,PER
ed4894bea0e9,sfrj,rok,o sunc,PER
ed4894bea0e9,sfrj,rok,Ti i ja,PER
ed4894bea0e9,sfrj,rok,o sunc,PER
ed4894bea0e9,sfrj,rok,o sunc,PER
ed4894bea0e9,sfrj,rok,ja smo,PER
ed4894bea0e9,sfrj,rok,o sunc,PER
ed4894bea0e9,sfrj,rok,o sunc,PER
ed4894bea0e9,sfrj,rok,ja smo,PER
c868829e2a41,sfrj,rok,elil,PER
c868829e2a41,sfrj,rok,jelili s,LOC
023a16e392fb,sfrj,rok,", pozvano d",ORG
023a16e392fb,sfrj,rok,pozvano drustv,ORG
e45f248f5021,sfrj,rok,Nek,PER
e45f248f5021,sfrj,rok,Nek,PER
d24ac152fea3,sfrj,rok,Lijepa ,PER
d24ac152fea3,sfrj,rok,r s,PER
45191887f65c,sfrj,rok,Pr,ORG
45191887f65c,sfrj,rok,"bices ti
",PER
45191887f65c,sfrj,rok,"bices ti
",PER
45191887f65c,sfrj,rok,Princez,PER
0345037e608d,sfrj,rok,Londona,LOC
0345037e608d,sfrj,rok,Kalifornije,LOC
0345037e608d,sfrj,rok,li i,LOC
0345037e608d,sfrj,rok,dona,LOC
0345037e608d,sfrj,rok,London,LOC
0345037e608d,sfrj,rok, Kaliforni,LOC
0345037e608d,sfrj,rok,Londona,LOC
0345037e608d,sfrj,rok,"Kalifornije
",LOC
0345037e608d,sfrj,rok,"ifornije
iz",LOC
340340a6587d,sfrj,rok,Vise te,PER
340340a6587d,sfrj,rok,je n,PER
340340a6587d,sfrj,rok,Vise te,PER
ee3182045d8c,sfrj,rok,Nasa mj,PER
ee3182045d8c,sfrj,rok,ta ljub,PER
ee3182045d8c,sfrj,rok,ljubavi,PER
ee3182045d8c,sfrj,rok,Na,ORG
ee3182045d8c,sfrj,rok,Nasa mj,PER
ee3182045d8c,sfrj,rok,ta ljub,PER
ee3182045d8c,sfrj,rok,Nasa mje,LOC
ee3182045d8c,sfrj,rok,Nasa mje,LOC
c3ab771d5e4a,sfrj,rok,Oci t,PER
c3ab771d5e4a,sfrj,rok,Oci t,PER
38a8a18efd07,sfrj,rok,Kad u k,PER
d3bad12e53c5,sfrj,rok,Pogled,PER
f9f04766fcb2,sfrj,rok,si ti,ORG
36ffea9af25e,sfrj,rok,"Volim te, v",PER
608031da0cc8,sfrj,rok,Hej,PER
608031da0cc8,sfrj,rok," se
Ba",ORG
608031da0cc8,sfrj,rok,e do,ORG
cbcb13f84e17,sfrj,rok,Da,ORG
82c702c7ca97,sfrj,rok,Opet t,PER
82c702c7ca97,sfrj,rok,Op,ORG
ee316b83558d,sfrj,rok," briga
",PER
ee316b83558d,sfrj,rok,Baš m,PER
f290eb3b4bc9,sfrj,rok,im ,PER
f290eb3b4bc9,sfrj,rok,im ,PER
f290eb3b4bc9,sfrj,rok,im ,PER
f290eb3b4bc9,sfrj,rok,im ,PER
f290eb3b4bc9,sfrj,rok,im ,PER
f290eb3b4bc9,sfrj,rok,im ,PER
f290eb3b4bc9,sfrj,rok,im ,PER
f290eb3b4bc9,sfrj,rok,im ,PER
f290eb3b4bc9,sfrj,rok,im ,PER
f290eb3b4bc9,sfrj,rok,im ,PER
f290eb3b4bc9,sfrj,rok,im ,PER
6a6a2481459d,sfrj,rok,Još ,LOC
6a6a2481459d,sfrj,rok,Još ,LOC
806ca3640e55,sfrj,rok,Anj,PER
806ca3640e55,sfrj,rok,Anj,PER
806ca3640e55,sfrj,rok,Anj,PER
fe186e7a4291,sfrj,rok,Ja,ORG
6b24ee234624,sfrj,rok,Ev,ORG
6b24ee234624,sfrj,rok,Ev,ORG
6b24ee234624,sfrj,rok,Evo čeka,PER
1bc21e468601,sfrj,rok,la ,PER
596b0cf42597,sfrj,rok,Ka,ORG
596b0cf42597,sfrj,rok,Ka,ORG
596b0cf42597,sfrj,rok,edn,PER
596b0cf42597,sfrj,rok,Ka,ORG
596b0cf42597,sfrj,rok,Ka,ORG
596b0cf42597,sfrj,rok,Ka,ORG
7eb572c4883d,sfrj,rok,bilo,PER
7eb572c4883d,sfrj,rok,i,ORG
e2d26773a2ba,sfrj,rok,K,ORG
e76603b21d4d,sfrj,rok, nije,PER
b9f0a7862718,sfrj,rok, hodam k,DERIV-PER
91a5435ac866,sfrj,rok,Ona izvod,DERIV-PER
91a5435ac866,sfrj,rok,Ona iz,PER
91a5435ac866,sfrj,rok,Ona izvod,DERIV-PER
5cdd63e41916,sfrj,rok,Ti,ORG
ff6bd236513d,sfrj,rok,Stopoteci,LOC
ff6bd236513d,sfrj,rok,Sreo,LOC
ff6bd236513d,sfrj,rok,m je prvi,LOC
ff6bd236513d,sfrj,rok,"i
Gore u Lju",MISC
ff6bd236513d,sfrj,rok,Sreo sam ,PER
da697148eb1d,sfrj,rok,Šaren,PER
da697148eb1d,sfrj,rok,Šaren,PER
b5edfc269a1b,sfrj,rok,Spremam ,PER
178d8ef60f8c,sfrj,rok,"radio, ne ",PER
68b6f348f700,sfrj,rok,asaž,LOC
80530c38b080,sfrj,rok,ta pop,LOC
80530c38b080,sfrj,rok,put,PER
80530c38b080,sfrj,rok,Tiho z,PER
80530c38b080,sfrj,rok,put,PER
80530c38b080,sfrj,rok,Tiho ,PER
80530c38b080,sfrj,rok,ata poput nekog lopov,MISC
80530c38b080,sfrj,rok,put,PER
80530c38b080,sfrj,rok,Tiho z,PER
c431e5d8f6b6,sfrj,rok,Ia,ORG
f5b339aac81a,sfrj,rok,U ,ORG
e080cd9e833a,sfrj,rok,He,ORG
32f9342fda33,sfrj,rok,ba je,LOC
32f9342fda33,sfrj,rok,Ni,ORG
6bdb98d49a02,sfrj,rok,’ bo,PER
25d5b4d8ae7c,sfrj,rok,Pu,ORG
094e76e5ecf9,sfrj,rok,E,ORG
094e76e5ecf9,sfrj,rok,E da kn,LOC
094e76e5ecf9,sfrj,rok,E da kn,LOC
094e76e5ecf9,sfrj,rok,E da kn,LOC
094e76e5ecf9,sfrj,rok,E,ORG
9ac078ac2b29,sfrj,rok,eg prozo,PER
9ac078ac2b29,sfrj,rok, plast,LOC
9ac078ac2b29,sfrj,rok, moj,MISC
9ac078ac2b29,sfrj,rok, pr,MISC
9ac078ac2b29,sfrj,rok,", plas",PER
9ac078ac2b29,sfrj,rok,"ka, i",LOC
2dcfb612954c,sfrj,rok,Kad u k,PER
9633faa01565,sfrj,rok,St,ORG
dc21bd08790a,sfrj,rok,Na,ORG
dc21bd08790a,sfrj,rok,Na,ORG
e90e2223fb0a,sfrj,rok,Jedan kora,PER
21237575911b,sfrj,rok,Stavi ,PER
21237575911b,sfrj,rok,St,ORG
21237575911b,sfrj,rok,Stavi m,PER
21237575911b,sfrj,rok,St,ORG
21237575911b,sfrj,rok,Stavi ,PER
92b04a93236b,sfrj,rok,Ne gov,PER
4efc9f735d2c,sfrj,rok,me p,PER
48418301485a,sfrj,rok,A”,MISC
48418301485a,sfrj,rok,Sjeti ,LOC
48418301485a,sfrj,rok,t pod slovo “,LOC
bba2b971e3ea,sfrj,rok,Tko bi m,PER
bba2b971e3ea,sfrj,rok,Tk,ORG
bba2b971e3ea,sfrj,rok,sto mene br,PER
bba2b971e3ea,sfrj,rok,Tko bi m,PER
4d63bc36731b,sfrj,rok,Nogom ,PER
4d63bc36731b,sfrj,rok,Nogom ,PER
80d9f54b2dbc,sfrj,rok,Te sam,LOC
cca0ed853d8d,sfrj,rok,Ako,LOC
cca0ed853d8d,sfrj,rok,Ako,LOC
7b7b5e4df746,sfrj,rok,a la,PER
7b7b5e4df746,sfrj,rok,"a
Ja nis",PER
7b7b5e4df746,sfrj,rok,m nikad,LOC
7b7b5e4df746,sfrj,rok, nikad volio sat,ORG
7b7b5e4df746,sfrj,rok,ikad vo,PER
269675e7663b,sfrj,rok,U pomoć zv,PER
269675e7663b,sfrj,rok,U pomoć zv,PER
269675e7663b,sfrj,rok,U pomoć zv,PER
269675e7663b,sfrj,rok,U ,ORG
d718b469e9db,sfrj,rok,k,ORG
e812d631b142,sfrj,rok,Do-do-do,ORG
040e4fd6261d,sfrj,rok,Davorin Bogović,PER
9864727abf3f,sfrj,rok,"i brišem cipele
Pr",LOC
69f983a7253e,sfrj,rok,Je,ORG
69f983a7253e,sfrj,rok,"eta,
Pola",PER
69f983a7253e,sfrj,rok,"Jer devedeseta,
Pola",PER
b5dd8bee788a,sfrj,rok,"ori svijet
Izlaz",PER
b5dd8bee788a,sfrj,rok,Ne brini za ono ,PER
b5dd8bee788a,sfrj,rok, ono što govori ,PER
5b62d244edf9,sfrj,rok,Gospode,PER
5b62d244edf9,sfrj,rok,"spode
O",PER
5b62d244edf9,sfrj,rok, s,PER
5b62d244edf9,sfrj,rok,i ,PER
5b62d244edf9,sfrj,rok,"spode
O",PER
5b62d244edf9,sfrj,rok,"a, Gospod",PER
5b62d244edf9,sfrj,rok,"e
",PER
b9038d1aaa59,sfrj,rok,o u poli,LOC
fad47335f8f8,sfrj,rok,sam želio ,PER
fad47335f8f8,sfrj,rok,želio,PER
fad47335f8f8,sfrj,rok,"eroj
N",PER
fad47335f8f8,sfrj,rok,sam želio ,PER
fad47335f8f8,sfrj,rok,želio,PER
fad47335f8f8,sfrj,rok,"eroj
N",PER
fad47335f8f8,sfrj,rok,želio,PER
fad47335f8f8,sfrj,rok,"eroj
N",PER
46af8ad0a1a3,sfrj,rok,dame sv,LOC
7cbec0712d2f,sfrj,rok,Jedan,PER
7cbec0712d2f,sfrj,rok,ko obi,PER
f67a5d90ecd9,sfrj,rok,Tebi Zagrebe,LOC
f67a5d90ecd9,sfrj,rok,d “l,PER
f67a5d90ecd9,sfrj,rok,d ,PER
f67a5d90ecd9,sfrj,rok, Teb,LOC
f67a5d90ecd9,sfrj,rok,ebi,ORG
f67a5d90ecd9,sfrj,rok,sad “l,LOC
f67a5d90ecd9,sfrj,rok,i Za,LOC
f67a5d90ecd9,sfrj,rok,ebi,ORG
f67a5d90ecd9,sfrj,rok,sad “l,LOC
f67a5d90ecd9,sfrj,rok,Tebi Zagrebe,LOC
f67a5d90ecd9,sfrj,rok,noć” Teb,PER
f67a5d90ecd9,sfrj,rok,” Tebi ,PER
416da7279200,sfrj,rok,"završi
J",LOC
416da7279200,sfrj,rok,"završi
J",LOC
416da7279200,sfrj,rok,"završi
J",LOC
416da7279200,sfrj,rok,"završi
J",LOC
416da7279200,sfrj,rok,"rši
Jedv",LOC
416da7279200,sfrj,rok,"završi
J",LOC
d0b29f64357d,sfrj,rok,Boga,PER
d0b29f64357d,sfrj,rok,a teb,PER
d0b29f64357d,sfrj,rok,"itaju
",PER
d0b29f64357d,sfrj,rok,a teb,PER
d0b29f64357d,sfrj,rok,"itaju
",PER
4b53d31166fe,sfrj,rok,Božićno,PER
4b53d31166fe,sfrj,rok,kaputu,PER
4b53d31166fe,sfrj,rok,u očev,LOC
4b53d31166fe,sfrj,rok,",
U ka",LOC
4b53d31166fe,sfrj,rok,ićno,PER
4b53d31166fe,sfrj,rok,ićno,PER
4b53d31166fe,sfrj,rok,eno i mut,PER
4b53d31166fe,sfrj,rok,ićno,PER
fd368e5bfdd5,sfrj,rok,I baš m,PER
fd368e5bfdd5,sfrj,rok,I baš m,PER
fd368e5bfdd5,sfrj,rok,I baš m,PER
fd368e5bfdd5,sfrj,rok,I baš m,PER
b02536f91ddc,sfrj,rok,po kao n,LOC
b02536f91ddc,sfrj,rok,po kao n,LOC
b02536f91ddc,sfrj,rok,po kao n,LOC
a74a850bf51e,sfrj,rok,U nj,PER
a74a850bf51e,sfrj,rok,U nj,PER
9831a258dbd7,sfrj,rok,Na,ORG
9831a258dbd7,sfrj,rok,Na,ORG
9831a258dbd7,sfrj,rok,Na bad,PER
759ac435ca17,sfrj,rok,Ne brini se niš,PER
5b2231ca4e41,sfrj,rok,Ja,ORG
5b2231ca4e41,sfrj,rok,Ja,ORG
5b2231ca4e41,sfrj,rok,Ja,ORG
5b2231ca4e41,sfrj,rok,ljubio ,DERIV-PER
5b2231ca4e41,sfrj,rok,"h te,
Al’ dušo",PER
5b2231ca4e41,sfrj,rok,Ja,ORG
5b2231ca4e41,sfrj,rok,Ja,ORG
a0bf7a1fa12e,sfrj,rok,ut u ži,DERIV-PER
c11fd8c29409,sfrj,rok,oj,PER
63aafc9f83d7,sfrj,rok, koju prvu ,DERIV-PER
63aafc9f83d7,sfrj,rok, koju prvu ,DERIV-PER
866d31505f4d,sfrj,rok,"ći,
L",PER
866d31505f4d,sfrj,rok, dan,PER
866d31505f4d,sfrj,rok,a,ORG
866d31505f4d,sfrj,rok,ima,PER
6bb756a089d4,sfrj,rok,Svi ,PER
2cfe20b18d22,sfrj,rok, kuca ,PER
2cfe20b18d22,sfrj,rok,a kraj ul,PER
2cfe20b18d22,sfrj,rok, kuca na kra,PER
2cfe20b18d22,sfrj,rok, kuca ,PER
2cfe20b18d22,sfrj,rok,a kraj ul,PER
2cfe20b18d22,sfrj,rok, kuca na kra,PER
e1853687ebca,sfrj,rok, sam ,ORG
e1853687ebca,sfrj,rok,Tiho,PER
e1853687ebca,sfrj,rok,Tiho,MISC
e1853687ebca,sfrj,rok,reko sa,MISC
e1853687ebca,sfrj,rok,Tiho,PER
e1853687ebca,sfrj,rok,Tiho,MISC
e1853687ebca,sfrj,rok,reko sa,MISC
e1853687ebca,sfrj,rok,Tiho,PER
e1853687ebca,sfrj,rok,reko sam j,LOC
2914f3273c7e,sfrj,rok,Ja noć,PER
d0d004fea1b8,sfrj,rok,Dubrava,LOC
d0d004fea1b8,sfrj,rok,Hrvatska,LOC
d0d004fea1b8,sfrj,rok,Dubrava,LOC
d0d004fea1b8,sfrj,rok,Hrvatska,LOC
d0d004fea1b8,sfrj,rok,Dubrava,LOC
d0d004fea1b8,sfrj,rok,Hrvatska,LOC
d0d004fea1b8,sfrj,rok,Dubrava,LOC
d0d004fea1b8,sfrj,rok,Hrvatska,LOC
d0d004fea1b8,sfrj,rok,Ovdje ra,PER
d0d004fea1b8,sfrj,rok,Dubrava,LOC
d0d004fea1b8,sfrj,rok,Hrvatska,LOC
d0d004fea1b8,sfrj,rok,Dubrava,LOC
d0d004fea1b8,sfrj,rok,Hrvatska,LOC
a07b846377b6,sfrj,rok,mi,ORG
a07b846377b6,sfrj,rok," se, k",PER
0158b9bb8b0b,sfrj,rok,Sanj,PER
0158b9bb8b0b,sfrj,rok,isam ni,PER
0158b9bb8b0b,sfrj,rok,Sa,PER
0158b9bb8b0b,sfrj,rok,ikad re,PER
6c4c158c61c3,sfrj,rok,Bog,PER
6c4c158c61c3,sfrj,rok,nati,LOC
6c4c158c61c3,sfrj,rok,", sa",LOC
6c4c158c61c3,sfrj,rok,riznati d,LOC
6c4c158c61c3,sfrj,rok,sam,PER
6c4c158c61c3,sfrj,rok,sam,PER
6c4c158c61c3,sfrj,rok, vam moram,MISC
6c4c158c61c3,sfrj,rok,A j,PER
6c4c158c61c3,sfrj,rok,mor,PER
6c4c158c61c3,sfrj,rok,"znati da, ",MISC
95d86b55fbc8,sfrj,rok,Sretan Božić,PER
95d86b55fbc8,sfrj,rok,Sretan Božić,PER
95d86b55fbc8,sfrj,rok,Sretan Božić,PER
95d86b55fbc8,sfrj,rok,Sretan ,PER
95d86b55fbc8,sfrj,rok,ić g,PER
be4bb86dd973,sfrj,rok,No,ORG
be4bb86dd973,sfrj,rok,Nosiš,ORG
be4bb86dd973,sfrj,rok,mod,ORG
be4bb86dd973,sfrj,rok, ha,ORG
be4bb86dd973,sfrj,rok,"u
onu",ORG
be4bb86dd973,sfrj,rok,Nosiš mo,ORG
be4bb86dd973,sfrj,rok,u,ORG
be4bb86dd973,sfrj,rok,"haljinu
",PER
be4bb86dd973,sfrj,rok,Nosiš,ORG
be4bb86dd973,sfrj,rok,mod,ORG
be4bb86dd973,sfrj,rok, ha,ORG
be4bb86dd973,sfrj,rok,"u
onu",ORG
be4bb86dd973,sfrj,rok,iš mo,ORG
be4bb86dd973,sfrj,rok,u,ORG
be4bb86dd973,sfrj,rok,"haljinu
o",PER
be4bb86dd973,sfrj,rok,No,ORG
df061119a040,sfrj,rok,U mo,PER
df061119a040,sfrj,rok,"o neštima,
Ja",PER
df061119a040,sfrj,rok,"štima,
Ja i",LOC
df061119a040,sfrj,rok,j glavi ne,PER
df061119a040,sfrj,rok,"ima,
Ja ",PER
df061119a040,sfrj,rok,j glavi ,LOC
df061119a040,sfrj,rok,što ne,LOC
df061119a040,sfrj,rok,U mojoj glavi ne,PER
df061119a040,sfrj,rok,"ima,
Ja ",PER
df061119a040,sfrj,rok,j glavi nešt,PER
df061119a040,sfrj,rok,",
Ja imam s",LOC
ded6b592f18c,sfrj,rok, gdj,PER
ded6b592f18c,sfrj,rok, gdj,PER
f497bc428727,sfrj,rok,St,ORG
aab65dfd28b2,sfrj,rok,U l,ORG
aab65dfd28b2,sfrj,rok,U lj,ORG
10626f0ee730,sfrj,rok,Vrij,PER
10626f0ee730,sfrj,rok,Vrij,PER
4d4947fae9ad,sfrj,rok,viču ,LOC
4d4947fae9ad,sfrj,rok,dni viču,PER
4d4947fae9ad,sfrj,rok,iču h,PER
4d4947fae9ad,sfrj,rok,edni,LOC
88c4dab446fb,sfrj,rok,A sad ,PER
88c4dab446fb,sfrj,rok,A sad ,PER
88c4dab446fb,sfrj,rok,A sad ,PER
88c4dab446fb,sfrj,rok,"atelji
",PER
88c4dab446fb,sfrj,rok,A sa,PER
f095df11fddc,sfrj,rok, us,PER
67a304d9fd7b,sfrj,rok,Dunave,PER
67a304d9fd7b,sfrj,rok,Dunave,DERIV-PER
67a304d9fd7b,sfrj,rok,Dunave,PER
67a304d9fd7b,sfrj,rok,Dunave,DERIV-PER
67a304d9fd7b,sfrj,rok,Dunave,PER
67a304d9fd7b,sfrj,rok,Dunave,DERIV-PER
15f7d3539fc2,sfrj,rok,Kosava,LOC
7f2f464bdc4f,sfrj,rok,Kao,PER
d4eba4c901d4,sfrj,rok,Ispod sunca,PER
d4eba4c901d4,sfrj,rok,"ame
z",PER
d4eba4c901d4,sfrj,rok,sunca,PER
f245da6f452e,sfrj,rok,Hej,PER
f245da6f452e,sfrj,rok,Hej,PER
f245da6f452e,sfrj,rok,Hej,PER
bd36b78313b1,sfrj,rok,Moravo,PER
bd36b78313b1,sfrj,rok,"oravo,",PER
bd36b78313b1,sfrj,rok,s li M,PER
bd36b78313b1,sfrj,rok,", reko",DERIV-PER
bd36b78313b1,sfrj,rok,Moravo,PER
bd36b78313b1,sfrj,rok,Znas li M,PER
bd36b78313b1,sfrj,rok,", reko",DERIV-PER
bd36b78313b1,sfrj,rok,Znas l,PER
bd36b78313b1,sfrj,rok,ljut,PER
bd36b78313b1,sfrj,rok,Znas li M,PER
bd36b78313b1,sfrj,rok,", reko",DERIV-PER
bd36b78313b1,sfrj,rok,Znas l,PER
bd36b78313b1,sfrj,rok,Znas l,PER
bd36b78313b1,sfrj,rok,Znas li M,PER
bd36b78313b1,sfrj,rok,", reko",DERIV-PER
5830faa4bf81,sfrj,rok, su od,LOC
ad433350109a,sfrj,rok,Lutas mislima,MISC
09fe62545c09,sfrj,rok,"lima
t",LOC
09fe62545c09,sfrj,rok,Dok’ ,PER
09fe62545c09,sfrj,rok,"lima
t",LOC
fa9efee3c80c,sfrj,rok,Sr,ORG
fa9efee3c80c,sfrj,rok,k ti s,PER
fa9efee3c80c,sfrj,rok,an s,ORG
fa9efee3c80c,sfrj,rok, bio j,ORG
fa9efee3c80c,sfrj,rok,an s,ORG
fa9efee3c80c,sfrj,rok, bio j,ORG
fa9efee3c80c,sfrj,rok,k ti s,PER
fa9efee3c80c,sfrj,rok,tan ,ORG
fa9efee3c80c,sfrj,rok,m bio ,ORG
fa9efee3c80c,sfrj,rok,sam bi,PER
83b27d3cc479,sfrj,rok,Kao,PER
83b27d3cc479,sfrj,rok,Kao,PER
ddf911c69ae6,sfrj,rok,Boga kamenja,MISC
ddf911c69ae6,sfrj,rok,Boga,PER
ddf911c69ae6,sfrj,rok,Boga kamenja,MISC
9eb9e010cfc4,sfrj,rok,Femme fatale,MISC
9eb9e010cfc4,sfrj,rok,Femm,LOC
9eb9e010cfc4,sfrj,rok,"fatale, z",LOC
9eb9e010cfc4,sfrj,rok,m da si,LOC
9eb9e010cfc4,sfrj,rok,"le, znam da s",PER
9eb9e010cfc4,sfrj,rok," fatale, znam d",ORG
4bcb9629d4e9,sfrj,rok,Sv,ORG
4bcb9629d4e9,sfrj,rok,Sve s,PER
800cc5e78726,sfrj,rok,Vin,LOC
800cc5e78726,sfrj,rok,Vin,PER
800cc5e78726,sfrj,rok,Vin,LOC
6fa5f4b30df6,sfrj,rok,Da se javi,PER
6fa5f4b30df6,sfrj,rok,"avim
N",LOC
6fa5f4b30df6,sfrj,rok,"javim
",LOC
6fa5f4b30df6,sfrj,rok,Da s,MISC
58b37f9f0eda,sfrj,rok,Sto s,PER
94cd1644a75a,sfrj,rok,Jovano,PER
94cd1644a75a,sfrj,rok,Jovanke,PER
94cd1644a75a,sfrj,rok,"vanke
",PER
94cd1644a75a,sfrj,rok,Jovano,PER
94cd1644a75a,sfrj,rok,Jovanke,PER
94cd1644a75a,sfrj,rok,"vanke
",PER
94cd1644a75a,sfrj,rok,Jovano,PER
94cd1644a75a,sfrj,rok,Jovanke,PER
94cd1644a75a,sfrj,rok,"vanke
",PER
5a976bbe4ecc,sfrj,rok,Mi smo ti,PER
5a976bbe4ecc,sfrj,rok,Mi smo ti,PER
5a976bbe4ecc,sfrj,rok,Mi s,PER
5a976bbe4ecc,sfrj,rok,Mi smo ti,PER
cd67b8b32716,sfrj,rok,"Eto,",MISC
cd67b8b32716,sfrj,rok,"Eto, vi",ORG
cd67b8b32716,sfrj,rok,"Eto, vi",ORG
5630fef3b181,sfrj,rok,Na,ORG
a311d26326f9,sfrj,rok,Sunce,LOC
ec6501e3f02e,sfrj,rok,Si,ORG
ec6501e3f02e,sfrj,rok,Si,ORG
6a0c0d181cfb,sfrj,rok,Dedali,PER
6a0c0d181cfb,sfrj,rok,kari ,LOC
a4930dc55185,sfrj,rok,Dan,ORG
a4930dc55185,sfrj,rok,Danas ,PER
7aa65728e228,sfrj,rok,Ljubav,PER
7aa65728e228,sfrj,rok,Lj,ORG
7aa65728e228,sfrj,rok,Lj,ORG
de6f4a1dc2a2,sfrj,rok,ikad ,LOC
d2a2ca8c236a,sfrj,rok,Gura,PER
084dfbbeed2e,sfrj,rok,otik,PER
084dfbbeed2e,sfrj,rok,Egz,LOC
6dfd60b3a90c,sfrj,rok,UFO u ,PER
6dfd60b3a90c,sfrj,rok,UFO u bel,PER
6dfd60b3a90c,sfrj,rok,UFO u bel,PER
6dfd60b3a90c,sfrj,rok,UFO u bel,PER
031481f1273d,sfrj,rok,Iz,ORG
1b5077956a34,sfrj,rok,Skopje,LOC
1b5077956a34,sfrj,rok,Skopje ima m,LOC
1b5077956a34,sfrj,rok,Skopje,LOC
1b5077956a34,sfrj,rok,Skopje,LOC
1b5077956a34,sfrj,rok,li gol,LOC
1b5077956a34,sfrj,rok,Skopje,PER
1b5077956a34,sfrj,rok,gli go,LOC
1b5077956a34,sfrj,rok,Sko,PER
1b5077956a34,sfrj,rok,gli go,LOC
fa438f4def18,sfrj,rok,"i
Zel",LOC
ed2bd2e2d172,sfrj,rok,Zn,ORG
ed2bd2e2d172,sfrj,rok,Znam te to,PER
ed2bd2e2d172,sfrj,rok,Zn,ORG
241bb02f3e13,sfrj,rok,Trac-da,PER
241bb02f3e13,sfrj,rok,"Trac-da, ",PER
241bb02f3e13,sfrj,rok,"Trac-da, d",PER
60c9326061fc,sfrj,rok,"aj me
k",PER
60c9326061fc,sfrj,rok,Uči ,PER
60c9326061fc,sfrj,rok,"aj me
k",PER
60c9326061fc,sfrj,rok,Uči me ,PER
60c9326061fc,sfrj,rok,"aj me
k",PER
60c9326061fc,sfrj,rok,i me majk,PER
60c9326061fc,sfrj,rok,"majko, kar",PER
60c9326061fc,sfrj,rok,"ajko, karaj ",PER
60c9326061fc,sfrj,rok,i me majk,PER
60c9326061fc,sfrj,rok," majko,",PER
60c9326061fc,sfrj,rok,"aj me
k",PER
60c9326061fc,sfrj,rok,Uči me ,PER
60c9326061fc,sfrj,rok,Uči me ,PER
60c9326061fc,sfrj,rok,Uči me ,PER
60c9326061fc,sfrj,rok,Uči me ,PER
60c9326061fc,sfrj,rok,Uči me ,PER
60c9326061fc,sfrj,rok,"me
kako da ",MISC
60c9326061fc,sfrj,rok,"j me
ka",MISC
60c9326061fc,sfrj,rok,me majk,ORG
60c9326061fc,sfrj,rok,"o, karaj me
kako da j",MISC
60c9326061fc,sfrj,rok,me majk,ORG
60c9326061fc,sfrj,rok,"raj me
",ORG
a61ffc2cfdc0,sfrj,rok,Ob,ORG
a61ffc2cfdc0,sfrj,rok,Obukl,PER
a61ffc2cfdc0,sfrj,rok,Ob,ORG
299c64b8585e,sfrj,rok,Pomozi,PER
091e46a8f11a,sfrj,rok,"ala,
",LOC
091e46a8f11a,sfrj,rok,"a,
da ",LOC
98afbc3cb31b,sfrj,rok,Kad m,PER
dd52911fae64,sfrj,rok,svet,LOC
dd52911fae64,sfrj,rok,kraju sv,LOC
dd52911fae64,sfrj,rok,si na dr,PER
dd52911fae64,sfrj,rok,aju svet,LOC
dd52911fae64,sfrj,rok,si na dr,PER
854cba4f3611,sfrj,rok,nekim dru,LOC
32a52ec03116,sfrj,rok,Do,ORG
32a52ec03116,sfrj,rok,naiv,PER
32a52ec03116,sfrj,rok,"na
D",PER
32a52ec03116,sfrj,rok,tak ,PER
6a55583391f5,sfrj,rok,e imala godi,LOC
6a55583391f5,sfrj,rok,Drsko je ,PER
1d691b972070,sfrj,rok,se nikad nism,LOC
1d691b972070,sfrj,rok, nikad nismo ,LOC
932ba37a9bd0,sfrj,rok,Bila j,LOC
932ba37a9bd0,sfrj,rok,tim br,LOC
932ba37a9bd0,sfrj,rok, pamti,PER
932ba37a9bd0,sfrj,rok,"a, ne p",LOC
932ba37a9bd0,sfrj,rok,"tim broj
Moskv",PER
932ba37a9bd0,sfrj,rok,e pamti,LOC
3ebe4f7c9af0,sfrj,rok,svetli,PER
3ebe4f7c9af0,sfrj,rok,Zve,LOC
3c408b972b95,sfrj,rok,", ti mo",PER
2a503ec10fd1,sfrj,novi_talas,Plamene,PER
2a503ec10fd1,sfrj,novi_talas,e me iz,ORG
2a503ec10fd1,sfrj,novi_talas,bude me ,ORG
0977c6af159b,sfrj,novi_talas,Crni ,LOC
0977c6af159b,sfrj,novi_talas,ntine,PER
0977c6af159b,sfrj,novi_talas,jako me pr,PER
0977c6af159b,sfrj,novi_talas,ivlaci,LOC
0977c6af159b,sfrj,novi_talas,Crni k,LOC
8827167eefe6,sfrj,novi_talas,Ju,ORG
8827167eefe6,sfrj,novi_talas,Jutro,PER
8827167eefe6,sfrj,novi_talas,Jutro,PER
532c17046ba7,sfrj,novi_talas,nas nik,LOC
532c17046ba7,sfrj,novi_talas,s ,ORG
532c17046ba7,sfrj,novi_talas,iko nije ,ORG
0e7357ae728e,sfrj,novi_talas,Tako,PER
f11aacb1d99f,sfrj,novi_talas,Dan,LOC
f11aacb1d99f,sfrj,novi_talas,Danas,PER
b29a263cd923,sfrj,novi_talas,Cvetaju ,PER
b900c06aa603,sfrj,novi_talas,"oc
duso",PER
6f90d8f1f883,sfrj,novi_talas,vas vod,LOC
6f90d8f1f883,sfrj,novi_talas,vas vo,PER
6f90d8f1f883,sfrj,novi_talas,"imo
Na",PER
6f90d8f1f883,sfrj,novi_talas,as v,PER
6f90d8f1f883,sfrj,novi_talas,Veceras vas vodi,PER
6f90d8f1f883,sfrj,novi_talas,as vodim,PER
20b6fb251ccb,sfrj,novi_talas,Oko mene pun,ORG
20b6fb251ccb,sfrj,novi_talas,Oko mene pun,ORG
20b6fb251ccb,sfrj,novi_talas,Oko mene pun,ORG
d087eeda8583,sfrj,novi_talas,Crni Bombarder,MISC
25a413b3a48e,sfrj,novi_talas,Pokupim,ORG
25a413b3a48e,sfrj,novi_talas,padaju sa n,LOC
25a413b3a48e,sfrj,novi_talas,Pokupim,ORG
25a413b3a48e,sfrj,novi_talas,padaju sa n,LOC
25a413b3a48e,sfrj,novi_talas,padaju sa n,LOC
38af22c76c43,sfrj,novi_talas,Sv,ORG
01f60784c752,sfrj,novi_talas,o konj,PER
12751be00168,sfrj,novi_talas,Ja stoji,PER
9e4d1250b62b,sfrj,novi_talas,Sad,LOC
9e4d1250b62b,sfrj,novi_talas,Sad,LOC
d73fa4c2af26,sfrj,novi_talas, da r,PER
2de4d2e6f652,sfrj,novi_talas,Danju plovim,PER
2de4d2e6f652,sfrj,novi_talas,",
Ka",PER
2de4d2e6f652,sfrj,novi_talas,Danju plovim,PER
2de4d2e6f652,sfrj,novi_talas,",
Ka",PER
2de4d2e6f652,sfrj,novi_talas,Danju plovim,PER
2de4d2e6f652,sfrj,novi_talas,",
Ka",PER
2de4d2e6f652,sfrj,novi_talas,Danju plovim,PER
2de4d2e6f652,sfrj,novi_talas,",
Ka",PER
2de4d2e6f652,sfrj,novi_talas,lake,PER
2de4d2e6f652,sfrj,novi_talas,plov,PER
2de4d2e6f652,sfrj,novi_talas,Danju plovim,PER
2de4d2e6f652,sfrj,novi_talas,",
Ka",PER
2de4d2e6f652,sfrj,novi_talas,Danju plovim,PER
2de4d2e6f652,sfrj,novi_talas,",
Ka",PER
2de4d2e6f652,sfrj,novi_talas,Danju plovim,PER
2de4d2e6f652,sfrj,novi_talas,",
Ka",PER
2de4d2e6f652,sfrj,novi_talas,Danju plovim,PER
2de4d2e6f652,sfrj,novi_talas,",
Ka",PER
906e610cb40b,sfrj,novi_talas,Ja,ORG
0f2d2d302230,sfrj,novi_talas,Zov,PER
0f2d2d302230,sfrj,novi_talas, ce,PER
d18caffbb078,sfrj,novi_talas,Mo,ORG
6374183eae8c,sfrj,novi_talas,Ko sam,PER
08518462aef4,sfrj,novi_talas,Sad,LOC
84965af7550c,sfrj,novi_talas,Secern,PER
84965af7550c,sfrj,novi_talas,Secerno,PER
ad9a3c08d620,sfrj,novi_talas,Sas,LOC
9086f398ddc5,sfrj,novi_talas,Skloke,PER
dee623f95ef1,sfrj,novi_talas,va noc,PER
dee623f95ef1,sfrj,novi_talas,va noc,PER
f8d454484add,sfrj,novi_talas, ve,LOC
f8d454484add,sfrj,novi_talas, rod,LOC
9e9dea9653df,sfrj,novi_talas,Svi ljudi,PER
9e9dea9653df,sfrj,novi_talas, zen,PER
ca8c1f23438a,sfrj,novi_talas,Sad,LOC
ca8c1f23438a,sfrj,novi_talas,Sad,LOC
40fbaa0b6af2,sfrj,novi_talas,Svi s,PER
40fbaa0b6af2,sfrj,novi_talas,Svi su tv,PER
40fbaa0b6af2,sfrj,novi_talas,Svi s,PER
40fbaa0b6af2,sfrj,novi_talas,Svi su tv,PER
09b0e1ff990e,sfrj,novi_talas,Zagreb,LOC
09b0e1ff990e,sfrj,novi_talas,Sanja,PER
09b0e1ff990e,sfrj,novi_talas,agreb g,PER
09b0e1ff990e,sfrj,novi_talas,m Za,PER
09b0e1ff990e,sfrj,novi_talas, Zagre,LOC
914cb769a845,sfrj,novi_talas,Zlatni papagaj,MISC
914cb769a845,sfrj,novi_talas,"gaj, ",ORG
914cb769a845,sfrj,novi_talas,Zlatni papagaj,MISC
914cb769a845,sfrj,novi_talas,atni,LOC
914cb769a845,sfrj,novi_talas,"sve racune
Zl",ORG
914cb769a845,sfrj,novi_talas,Zlatni papagaj,MISC
914cb769a845,sfrj,novi_talas,Zlatni papagaj,MISC
c752f76dd9bd,sfrj,novi_talas,Pos,PER
281c922642f8,sfrj,novi_talas,zlet ,PER
281c922642f8,sfrj,novi_talas,"
U su",PER
281c922642f8,sfrj,novi_talas,et skup,PER
281c922642f8,sfrj,novi_talas, na izl,LOC
281c922642f8,sfrj,novi_talas,Pošli smo na,ORG
281c922642f8,sfrj,novi_talas,"upa
",LOC
281c922642f8,sfrj,novi_talas,Pošli s,PER
281c922642f8,sfrj,novi_talas,Pošli,PER
57424ced8b60,sfrj,novi_talas,Ja,ORG
57424ced8b60,sfrj,novi_talas,vol,PER
57424ced8b60,sfrj,novi_talas,Ja svo,PER
57424ced8b60,sfrj,novi_talas,še ,PER
57424ced8b60,sfrj,novi_talas,Ja svo,PER
57424ced8b60,sfrj,novi_talas,e v,PER
57424ced8b60,sfrj,novi_talas,Ja svo,PER
e1e61a8198e3,sfrj,novi_talas,Mijenjam,PER
e1e61a8198e3,sfrj,novi_talas,Mijenjam,PER
e1e61a8198e3,sfrj,novi_talas,Mijenjam,PER
e1e61a8198e3,sfrj,novi_talas,Mijenjam,PER
e1e61a8198e3,sfrj,novi_talas,Mij,PER
e1e61a8198e3,sfrj,novi_talas,Mijenjam,PER
5a7828c58bbe,sfrj,novi_talas,Nenu,LOC
5a7828c58bbe,sfrj,novi_talas,Na bici,PER
5a7828c58bbe,sfrj,novi_talas,Na bici,PER
5a7828c58bbe,sfrj,novi_talas,Na bicik,PER
5a7828c58bbe,sfrj,novi_talas, vozim,PER
5a7828c58bbe,sfrj,novi_talas,"Na biciklu vozim Nenu
U",PER
5a7828c58bbe,sfrj,novi_talas,Na b,LOC
5a7828c58bbe,sfrj,novi_talas,Nenu,LOC
5a7828c58bbe,sfrj,novi_talas,Na bici,PER
5a7828c58bbe,sfrj,novi_talas,Na bicik,PER
ba941a6ae50c,sfrj,novi_talas,Otvar,PER
ba941a6ae50c,sfrj,novi_talas, za nocni z,ORG
eeb38391a8b8,sfrj,novi_talas,Kako,MISC
eeb38391a8b8,sfrj,novi_talas,Kako,MISC
eeb38391a8b8,sfrj,novi_talas,Kako,PER
eeb38391a8b8,sfrj,novi_talas,Kak,LOC
eeb38391a8b8,sfrj,novi_talas,Kak,LOC
eeb38391a8b8,sfrj,novi_talas,Kak,LOC
eeb38391a8b8,sfrj,novi_talas,Kak,LOC
eeb38391a8b8,sfrj,novi_talas,Kak,LOC
eeb38391a8b8,sfrj,novi_talas,Kak,LOC
eeb38391a8b8,sfrj,novi_talas,Kak,LOC
eeb38391a8b8,sfrj,novi_talas,Kak,LOC
eeb38391a8b8,sfrj,novi_talas,Kak,LOC
5cee86871d38,sfrj,novi_talas,li z,PER
5cee86871d38,sfrj,novi_talas,Ja,ORG
5cee86871d38,sfrj,novi_talas,eli ,PER
5cee86871d38,sfrj,novi_talas,eli ,PER
5cee86871d38,sfrj,novi_talas,li z,PER
5cee86871d38,sfrj,novi_talas,li z,PER
5cee86871d38,sfrj,novi_talas,Ja,ORG
5cee86871d38,sfrj,novi_talas,eli ,PER
5cee86871d38,sfrj,novi_talas,eli ,PER
5cee86871d38,sfrj,novi_talas,li z,PER
f5ae79e63f25,sfrj,novi_talas,Pos,PER
f5ae79e63f25,sfrj,novi_talas,ji ta,PER
f5ae79e63f25,sfrj,novi_talas,"
U njemu ni",ORG
f5ae79e63f25,sfrj,novi_talas,Po,ORG
cd01c14fecc1,sfrj,novi_talas,There is no re,MISC
cd01c14fecc1,sfrj,novi_talas,There is no re,MISC
cd01c14fecc1,sfrj,novi_talas,There,PER
cd01c14fecc1,sfrj,novi_talas,There,PER
00b2bfaaa0e2,sfrj,novi_talas,Sljeme,PER
00b2bfaaa0e2,sfrj,novi_talas,ojeo,LOC
14c132f3bbd9,sfrj,novi_talas,Re,ORG
e2971b6859e1,sfrj,pop,Pro,LOC
e2971b6859e1,sfrj,pop,Pro,PER
3ac72c5e51bc,sfrj,pop,Ti,ORG
3ac72c5e51bc,sfrj,pop,o u ,PER
3ac72c5e51bc,sfrj,pop,"u,
",PER
3ac72c5e51bc,sfrj,pop,ivis,PER
3ac72c5e51bc,sfrj,pop,o u,PER
3ac72c5e51bc,sfrj,pop,ivis,PER
3ac72c5e51bc,sfrj,pop,o u,PER
3ac72c5e51bc,sfrj,pop,ivis,PER
3ac72c5e51bc,sfrj,pop,o u,PER
d6f2295d9e91,sfrj,pop,ijeli str,PER
d6f2295d9e91,sfrj,pop,"Jutro,",LOC
d6f2295d9e91,sfrj,pop,"Jutro,",LOC
d6f2295d9e91,sfrj,pop,"Jutro,",LOC
d6f2295d9e91,sfrj,pop,"Jutro,",LOC
d6f2295d9e91,sfrj,pop,"Jutro,",LOC
d6f2295d9e91,sfrj,pop,"Jutro,",LOC
d6f2295d9e91,sfrj,pop,"Jutro,",LOC
d6f2295d9e91,sfrj,pop,"Jutro,",LOC
d6f2295d9e91,sfrj,pop,"Jutro,",LOC
d6f2295d9e91,sfrj,pop,"Jutro,",LOC
d6f2295d9e91,sfrj,pop,"Jutro,",LOC
d6f2295d9e91,sfrj,pop,"Jutro,",LOC
30af36fac1b4,sfrj,pop,Ljubav,PER
30af36fac1b4,sfrj,pop,Ljubav,PER
fefdbb3a41a3,sfrj,pop,emlja s,PER
05aaccb65992,sfrj,pop,raj prozora ,PER
8119b2ea8a08,sfrj,pop,Zelena j,PER
acfb8cf351d0,sfrj,pop,i vracaj,LOC
acfb8cf351d0,sfrj,pop,i vracaj,LOC
acfb8cf351d0,sfrj,pop,e i vracaju s,LOC
acfb8cf351d0,sfrj,pop,Pr,ORG
acfb8cf351d0,sfrj,pop,i vracaj,LOC
acfb8cf351d0,sfrj,pop,i vracaj,LOC
eaf48d88bcc0,sfrj,pop,s bi,LOC
eaf48d88bcc0,sfrj,pop, fil,MISC
eaf48d88bcc0,sfrj,pop,"ka diva, a",MISC
eaf48d88bcc0,sfrj,pop,as ,LOC
eaf48d88bcc0,sfrj,pop,N,ORG
cc0aaed7cf36,sfrj,pop,Ljeto ,LOC
cc0aaed7cf36,sfrj,pop,"…
Il’ s",ORG
cc0aaed7cf36,sfrj,pop,dani du,ORG
cc0aaed7cf36,sfrj,pop,"ad…
Il’",PER
cc0aaed7cf36,sfrj,pop,u dani ,PER
cc0aaed7cf36,sfrj,pop,duze ne,PER
cc0aaed7cf36,sfrj,pop,Il’ su ,ORG
cc0aaed7cf36,sfrj,pop,ni duzi,ORG
cc0aaed7cf36,sfrj,pop,duze ne,PER
cc0aaed7cf36,sfrj,pop,Ljeto b,PER
7973cecf4d99,sfrj,pop,Sap,LOC
5cf81e3d59f4,sfrj,pop,"ri…
J",PER
5cf81e3d59f4,sfrj,pop,"Jen’,",PER
5cf81e3d59f4,sfrj,pop,", tri…
J",LOC
5cf81e3d59f4,sfrj,pop,e zovem,LOC
5cf81e3d59f4,sfrj,pop,"dva, tri",LOC
5cf81e3d59f4,sfrj,pop,Ja s,LOC
5cf81e3d59f4,sfrj,pop,ovem Iv,LOC
5cf81e3d59f4,sfrj,pop," dva,",LOC
5cf81e3d59f4,sfrj,pop,e zove,LOC
5cf81e3d59f4,sfrj,pop,"dva,",LOC
5cf81e3d59f4,sfrj,pop,"i…
Ja ",LOC
5cf81e3d59f4,sfrj,pop,"Jen’, dv",LOC
5cf81e3d59f4,sfrj,pop," tri…
",LOC
5cf81e3d59f4,sfrj,pop,ovem Iv,LOC
5cf81e3d59f4,sfrj,pop,"ri…
Ja s",LOC
5cf81e3d59f4,sfrj,pop,"Jen’, dva, tri…
",LOC
5cf81e3d59f4,sfrj,pop,ovem ,LOC
5cf81e3d59f4,sfrj,pop,"va, t",LOC
084396d5b413,sfrj,pop,Dugo t,PER
084396d5b413,sfrj,pop,Dugo t,PER
084396d5b413,sfrj,pop,Dugo t,PER
084396d5b413,sfrj,pop,Dugo t,PER
084396d5b413,sfrj,pop,Dugo t,PER
084396d5b413,sfrj,pop,Dugo t,PER
8252d35eacfe,sfrj,pop,Cija j,PER
8252d35eacfe,sfrj,pop,Cija ,PER
8252d35eacfe,sfrj,pop,Cija je,MISC
8252d35eacfe,sfrj,pop,Cija,PER
8252d35eacfe,sfrj,pop,Cija ,PER
8252d35eacfe,sfrj,pop,Cija j,PER
486a0ef772fc,sfrj,pop,Kao prv,MISC
bddb2504aff3,sfrj,pop,Najljepsa,PER
bddb2504aff3,sfrj,pop,Najlje,PER
bddb2504aff3,sfrj,pop,Najl,PER
bddb2504aff3,sfrj,pop,a je p,LOC
bddb2504aff3,sfrj,pop,e prir,LOC
28910ff6e3c6,sfrj,pop,Ku,ORG
3534de119ae7,sfrj,pop,Ne,ORG
3534de119ae7,sfrj,pop,Ne,ORG
3534de119ae7,sfrj,pop,Da traz,LOC
3534de119ae7,sfrj,pop,Ne,ORG
424d9b88cf5f,sfrj,pop,Godine su ,PER
424d9b88cf5f,sfrj,pop,Go,ORG
424d9b88cf5f,sfrj,pop,Godine su ,PER
424d9b88cf5f,sfrj,pop,Godine su ,PER
eb610611b273,sfrj,pop,"
ov",PER
eb610611b273,sfrj,pop,vd,PER
40e008505ce1,sfrj,pop,mlad i sn,LOC
40e008505ce1,sfrj,pop,Bio ,PER
40e008505ce1,sfrj,pop,"m zelen, mlad ",PER
40e008505ce1,sfrj,pop,"m zelen, mlad ",PER
4fe49b79744d,sfrj,pop,Sun,LOC
4fe49b79744d,sfrj,pop,a stra,LOC
4fe49b79744d,sfrj,pop,a stra,LOC
4fe49b79744d,sfrj,pop,strana,LOC
4fe49b79744d,sfrj,pop,S,ORG
4fe49b79744d,sfrj,pop,S,ORG
f14799b91152,sfrj,pop,Rob,PER
f14799b91152,sfrj,pop, ,ORG
a8cf8bf02efe,sfrj,pop,Vojvodjanske zime,ORG
a8cf8bf02efe,sfrj,pop,Vojvodjanske zime,ORG
a8cf8bf02efe,sfrj,pop,Jedne pr,PER
a8cf8bf02efe,sfrj,pop,te Vojvo,PER
a8cf8bf02efe,sfrj,pop, proste ,PER
a8cf8bf02efe,sfrj,pop,odjanske,PER
63ef8330b244,sfrj,pop,Sv,ORG
a350e6faee00,sfrj,pop,Najlje,PER
a350e6faee00,sfrj,pop,e su o,PER
a350e6faee00,sfrj,pop,Najlje,PER
a350e6faee00,sfrj,pop,e su o,PER
a350e6faee00,sfrj,pop,Najlje,PER
a350e6faee00,sfrj,pop,e su o,PER
a350e6faee00,sfrj,pop,Najlje,PER
a350e6faee00,sfrj,pop,e su o,PER
a350e6faee00,sfrj,pop,Najlje,PER
a350e6faee00,sfrj,pop,Najlje,PER
a350e6faee00,sfrj,pop,e su o,PER
a350e6faee00,sfrj,pop,Najlje,PER
a350e6faee00,sfrj,pop,e su o,PER
a350e6faee00,sfrj,pop,Najlje,PER
a350e6faee00,sfrj,pop,e su o,PER
a350e6faee00,sfrj,pop,Najlje,PER
a350e6faee00,sfrj,pop,e su o,PER
a350e6faee00,sfrj,pop,Najlje,PER
05feee2df4b6,sfrj,pop, biva,PER
05feee2df4b6,sfrj,pop, biva,PER
1af1788eaaa6,sfrj,pop,Dunav,LOC
1af1788eaaa6,sfrj,pop,Kaz,PER
1af1788eaaa6,sfrj,pop, da ti ,ORG
1af1788eaaa6,sfrj,pop,Kaz,PER
1af1788eaaa6,sfrj,pop, da ti,ORG
1af1788eaaa6,sfrj,pop,Kaz,PER
1af1788eaaa6,sfrj,pop, da ti ,ORG
1af1788eaaa6,sfrj,pop,ledam ko D,LOC
1af1788eaaa6,sfrj,pop,Dunav,LOC
1af1788eaaa6,sfrj,pop,s da ti,ORG
1af1788eaaa6,sfrj,pop,s da t,ORG
1af1788eaaa6,sfrj,pop,Kazes da ti,PER
1af1788eaaa6,sfrj,pop,ledam ko D,LOC
93e76f446bf4,sfrj,pop,Lagan,PER
c47abc736166,sfrj,pop,am odak,PER
c47abc736166,sfrj,pop,am odak,PER
c47abc736166,sfrj,pop,Znam ja,PER
c47abc736166,sfrj,pop,Znam ja,PER
c47abc736166,sfrj,pop,Znam ja,PER
c47abc736166,sfrj,pop,Znam ja,PER
c47abc736166,sfrj,pop,am odak,PER
cd63641a5618,sfrj,pop,odjanske,ORG
cd63641a5618,sfrj,pop,"ime,
Na sala",ORG
cd63641a5618,sfrj,pop,odjanske,ORG
cd63641a5618,sfrj,pop,"ime,
Na sal",ORG
cd63641a5618,sfrj,pop, salasu ,ORG
cd63641a5618,sfrj,pop,vodjansk,ORG
1c31e015871d,sfrj,pop,Ne mora,PER
1c31e015871d,sfrj,pop,mora,LOC
1c31e015871d,sfrj,pop,budes dam,PER
1c31e015871d,sfrj,pop,Ne moras da b,PER
1c31e015871d,sfrj,pop,mora,LOC
1c31e015871d,sfrj,pop,budes dam,PER
566fdf500ea6,sfrj,pop,"Ti, mla",PER
566fdf500ea6,sfrj,pop,"Ti, mla",PER
b9f024327594,sfrj,pop,Ljubav,PER
724e21877559,sfrj,pop, gl,PER
ed454046d073,sfrj,pop,Dir?,PER
ed454046d073,sfrj,pop,Warum ging ic,PER
ed454046d073,sfrj,pop,War,ORG
ed454046d073,sfrj,pop,on Di,ORG
ed454046d073,sfrj,pop,jemal,PER
ed454046d073,sfrj,pop,hte es so wi,PER
ed454046d073,sfrj,pop,Warum gin,PER
ed454046d073,sfrj,pop,s fort von,PER
ed454046d073,sfrj,pop,Warum gin,PER
ed454046d073,sfrj,pop,"Dir?
W",PER
ed454046d073,sfrj,pop,Warum ging ich jem,ORG
ed454046d073,sfrj,pop,ort ,ORG
ed454046d073,sfrj,pop,"on Dir?
War",PER
ed454046d073,sfrj,pop,War,ORG
ed454046d073,sfrj,pop,Warum,PER
ed454046d073,sfrj,pop,War,PER
ed454046d073,sfrj,pop,t von Dir?,PER
ed454046d073,sfrj,pop,n Di,LOC
ed454046d073,sfrj,pop,"Dir?
",LOC
ed454046d073,sfrj,pop,m ging ich jema,ORG
ed454046d073,sfrj,pop,"t von Dir?
War",ORG
ed454046d073,sfrj,pop,g ich,PER
ed454046d073,sfrj,pop,Warum gin,PER
ed454046d073,sfrj,pop,s fort von,PER
ed454046d073,sfrj,pop,Warum gin,PER
ed454046d073,sfrj,pop,"Dir?
W",PER
ed454046d073,sfrj,pop,m ging ic,PER
5bfe00e8b5f0,sfrj,pop, prija,LOC
5bfe00e8b5f0,sfrj,pop, je vec ,PER
5bfe00e8b5f0,sfrj,pop,"
kad s",LOC
5bfe00e8b5f0,sfrj,pop, prija,LOC
85403dd6ade6,sfrj,pop,uva ko,MISC
85403dd6ade6,sfrj,pop,uv,ORG
85403dd6ade6,sfrj,pop,uv,ORG
85403dd6ade6,sfrj,pop,uv,ORG
85403dd6ade6,sfrj,pop,uv,ORG
85403dd6ade6,sfrj,pop,uv,ORG
85403dd6ade6,sfrj,pop,uv,ORG
85403dd6ade6,sfrj,pop,uv,ORG
85403dd6ade6,sfrj,pop,uv,ORG
85403dd6ade6,sfrj,pop,uva ko,MISC
85403dd6ade6,sfrj,pop,uv,ORG
85403dd6ade6,sfrj,pop,uv,ORG
85403dd6ade6,sfrj,pop,uv,ORG
85403dd6ade6,sfrj,pop,uv,ORG
85403dd6ade6,sfrj,pop,uv,ORG
85403dd6ade6,sfrj,pop,uv,ORG
85403dd6ade6,sfrj,pop,uv,ORG
85403dd6ade6,sfrj,pop,uv,ORG
d6a21c8da069,sfrj,pop,Stize ,PER
3ecc970ac7cb,sfrj,pop,Kad je z,LOC
3ecc970ac7cb,sfrj,pop,Kad j,PER
afab702293c3,sfrj,pop,Da l` je,LOC
afab702293c3,sfrj,pop,dobro na,LOC
afab702293c3,sfrj,pop, je dobr,LOC
afab702293c3,sfrj,pop, na sjev,LOC
afab702293c3,sfrj,pop, l` je d,LOC
065007678268,sfrj,pop,"Osjecam,",PER
4470733f332a,sfrj,pop,",
proz",PER
f504b1d7cd3b,sfrj,pop,to m,PER
f504b1d7cd3b,sfrj,pop,je h,PER
f504b1d7cd3b,sfrj,pop, mi ,PER
16b8d536014b,sfrj,pop,Dolaz,PER
16b8d536014b,sfrj,pop,Dolazi,PER
618895b80f99,sfrj,pop,Od,ORG
2b17846c5f10,sfrj,pop,", pro",PER
2b17846c5f10,sfrj,pop,", pro",PER
d73f9f04f1e7,sfrj,pop,Padace,PER
d73f9f04f1e7,sfrj,pop,Padace,PER
cf70f8330ce3,sfrj,pop,Hej,PER
cf70f8330ce3,sfrj,pop,"Hej, sa ",PER
cf70f8330ce3,sfrj,pop,ih stran,LOC
cf70f8330ce3,sfrj,pop,ih strana,PER
cf70f8330ce3,sfrj,pop,"Hej, sa",PER
cf70f8330ce3,sfrj,pop,vih str,PER
cf70f8330ce3,sfrj,pop,"h strana,",PER
171f6847f949,sfrj,pop,Moj mje,PER
171f6847f949,sfrj,pop, mjese,LOC
171f6847f949,sfrj,pop,vo pad,LOC
171f6847f949,sfrj,pop, mjese,LOC
171f6847f949,sfrj,pop,", evo",LOC
171f6847f949,sfrj,pop,ada ,LOC
171f6847f949,sfrj,pop, evo ,LOC
171f6847f949,sfrj,pop,da v,LOC
b343d9c48ba6,sfrj,pop,Do,ORG
b343d9c48ba6,sfrj,pop,v,ORG
b343d9c48ba6,sfrj,pop,Donedavno ,PER
b343d9c48ba6,sfrj,pop,D,ORG
b343d9c48ba6,sfrj,pop,v,ORG
b343d9c48ba6,sfrj,pop,Donedav,PER
b343d9c48ba6,sfrj,pop,Donedav,PER
bc6acc2d2662,sfrj,pop,Pjevaj,PER
bc6acc2d2662,sfrj,pop,"Pjevaj,",PER
7ab8127d21a2,sfrj,pop,Livala,PER
7ab8127d21a2,sfrj,pop,Livala,PER
c18a68b5b554,sfrj,pop,Sada,PER
33b667b0a21b,sfrj,pop,Trsta,LOC
360a0813a60a,sfrj,pop,Ruzice,PER
360a0813a60a,sfrj,pop,Ruska,LOC
360a0813a60a,sfrj,pop,Ruzice,PER
360a0813a60a,sfrj,pop,moja,PER
360a0813a60a,sfrj,pop,uska ,LOC
360a0813a60a,sfrj,pop,Ruzice,PER
360a0813a60a,sfrj,pop,moja,PER
360a0813a60a,sfrj,pop,uska ,LOC
f54b0eba6f02,sfrj,pop,zetv,PER
f54b0eba6f02,sfrj,pop,zetv,PER
376c8dbff3fb,sfrj,pop,Da l` je,LOC
376c8dbff3fb,sfrj,pop,dobro na,LOC
376c8dbff3fb,sfrj,pop, je dobr,LOC
376c8dbff3fb,sfrj,pop, na sjev,LOC
376c8dbff3fb,sfrj,pop, l` je d,LOC
e129cf34a5fc,sfrj,pop,a vjec,PER
50abddd9e534,sfrj,pop,Sp,ORG
02551829be88,sfrj,pop,Da,ORG
ecfd5b59fdf6,sfrj,pop,? /Sta mi,MISC
ecfd5b59fdf6,sfrj,pop,/Sta mi r,MISC
ecfd5b59fdf6,sfrj,pop,i? /Sta m,MISC
ecfd5b59fdf6,sfrj,pop,Sta mi ra,MISC
ecfd5b59fdf6,sfrj,pop,? /Sta mi,MISC
ecfd5b59fdf6,sfrj,pop,/Sta mi r,MISC
ecfd5b59fdf6,sfrj,pop, /S,ORG
ecfd5b59fdf6,sfrj,pop,i? /Sta m,MISC
7a75d2cfc08f,sfrj,pop,sa puno snij,LOC
7a75d2cfc08f,sfrj,pop,puno ,LOC
aed086a6853d,sfrj,pop,Ko,ORG
cf52be7ea5ef,sfrj,pop, tab,PER
9c35553697a8,sfrj,pop,"es, k’",PER
9c35553697a8,sfrj,pop,"lujes, k’o da ",PER
0df5fcee81a6,sfrj,pop,pote,PER
0df5fcee81a6,sfrj,pop,e na,PER
0df5fcee81a6,sfrj,pop,h sn,PER
0df5fcee81a6,sfrj,pop,pote,PER
f34e47fb7870,sfrj,pop,Go,ORG
f272bebf2804,sfrj,pop,rovite,LOC
a2af882cce64,sfrj,pop,Go,ORG
a2af882cce64,sfrj,pop,Gov,LOC
a2af882cce64,sfrj,pop,Govorila si,MISC
47a719c78eb4,sfrj,pop,"Avlija, i",LOC
47a719c78eb4,sfrj,pop,tara za,PER
47a719c78eb4,sfrj,pop,tara za,LOC
47a719c78eb4,sfrj,pop,"Avlija,",PER
47a719c78eb4,sfrj,pop,"Avlija, i",LOC
5101eefacc46,sfrj,pop, bio s,LOC
61fd31a974be,sfrj,pop,Ivana,PER
61fd31a974be,sfrj,pop,Zbogo,PER
61fd31a974be,sfrj,pop, Ivan,PER
61fd31a974be,sfrj,pop,Ivana,PER
61fd31a974be,sfrj,pop,Zbogo,PER
61fd31a974be,sfrj,pop, Ivan,PER
7674cd2ff2f0,sfrj,pop,"koj zemlji
j",PER
7674cd2ff2f0,sfrj,pop,"ekoj zemlji
",PER
7674cd2ff2f0,sfrj,pop,"ekoj zemlji
",PER
7674cd2ff2f0,sfrj,pop,"koj zemlji
j",PER
1d0eabffd704,sfrj,pop,Moj,PER
1d0eabffd704,sfrj,pop,"od
",PER
6f7281faa2a9,sfrj,pop,me da,PER
6f7281faa2a9,sfrj,pop,me da,PER
6f7281faa2a9,sfrj,pop,me da ,PER
dacbf43758dc,sfrj,pop,Misec,LOC
dacbf43758dc,sfrj,pop,mo poć,LOC
dacbf43758dc,sfrj,pop,mo poć,LOC
dacbf43758dc,sfrj,pop,ćemo ,LOC
dacbf43758dc,sfrj,pop,mo poć,LOC
dacbf43758dc,sfrj,pop,mo poć,LOC
fa15c2a8589e,sfrj,pop,Vapor,PER
fa15c2a8589e,sfrj,pop,Vapor je u,PER
fa15c2a8589e,sfrj,pop,Vapo,PER
fa15c2a8589e,sfrj,pop,me č,PER
fa15c2a8589e,sfrj,pop,Vapor je u,PER
cd933ef005d2,sfrj,pop,Teš,LOC
cd933ef005d2,sfrj,pop,Teš,LOC
cd933ef005d2,sfrj,pop,Teš,LOC
aec5dfada60a,sfrj,pop,Ako,LOC
a369b1566c82,sfrj,pop,I kobn,PER
a369b1566c82,sfrj,pop,dođe d,PER
a369b1566c82,sfrj,pop,dođe d,PER
243446e3056d,sfrj,pop,I kobn,PER
243446e3056d,sfrj,pop,"dođe dan
da",PER
243446e3056d,sfrj,pop,I kobn,PER
243446e3056d,sfrj,pop,"dođe dan
da",PER
b01e898929df,sfrj,pop,U ma,PER
b01e898929df,sfrj,pop,ija siromaj je pra,ORG
b01e898929df,sfrj,pop,",
A jema ",PER
b01e898929df,sfrj,pop,alon j,PER
b01e898929df,sfrj,pop,U malon,PER
b01e898929df,sfrj,pop,e živij,PER
b01e898929df,sfrj,pop,mistu i,PER
b01e898929df,sfrj,pop,ija sir,PER
c49fe1f3e90b,sfrj,pop,Ev,PER
c49fe1f3e90b,sfrj,pop,Ev,PER
c49fe1f3e90b,sfrj,pop,Ev,PER
c49fe1f3e90b,sfrj,pop,Ev,PER
c49fe1f3e90b,sfrj,pop,grad,DERIV-PER
53ab9b683fce,sfrj,pop,Ćaća,PER
53ab9b683fce,sfrj,pop,Ćaća,PER
d2fcda64cf39,sfrj,pop,Lipo,PER
d2fcda64cf39,sfrj,pop,po je,LOC
d2fcda64cf39,sfrj,pop,po je,LOC
d2fcda64cf39,sfrj,pop,po je,LOC
d2fcda64cf39,sfrj,pop,po je,LOC
d2fcda64cf39,sfrj,pop,Lipo,PER
d2fcda64cf39,sfrj,pop,po je,LOC
d2fcda64cf39,sfrj,pop,po je,LOC
d2fcda64cf39,sfrj,pop,po je,LOC
d2fcda64cf39,sfrj,pop,po je,LOC
d2fcda64cf39,sfrj,pop,Lipo,PER
d2fcda64cf39,sfrj,pop,kad sretoh te ,LOC
d2fcda64cf39,sfrj,pop,po je,LOC
d2fcda64cf39,sfrj,pop,po je,LOC
d2fcda64cf39,sfrj,pop,po je,LOC
d2fcda64cf39,sfrj,pop,po je,LOC
d2fcda64cf39,sfrj,pop,po je,LOC
f0622535eb20,sfrj,pop,a mu ,LOC
42d96d7f498e,sfrj,pop,Bijel,PER
d6e9fae6fb9c,sfrj,pop,Ponoć,PER
d6e9fae6fb9c,sfrj,pop, hladn,LOC
d6e9fae6fb9c,sfrj,pop,Ponoć,PER
d6e9fae6fb9c,sfrj,pop,u moj,PER
d6e9fae6fb9c,sfrj,pop,Ponoć,PER
d6e9fae6fb9c,sfrj,pop,Ponoć,PER
d6e9fae6fb9c,sfrj,pop,u moj,PER
44323eebf645,sfrj,pop,"ra
vi",LOC
44323eebf645,sfrj,pop," mora
v",LOC
44323eebf645,sfrj,pop, mora,LOC
44323eebf645,sfrj,pop,a mora,LOC
44323eebf645,sfrj,pop,va mor,LOC
44323eebf645,sfrj,pop," sva mora
",PER
44323eebf645,sfrj,pop,va mor,LOC
44323eebf645,sfrj,pop,"san sva mora
v",PER
44323eebf645,sfrj,pop,Obaša sa,PER
44323eebf645,sfrj,pop, mora,LOC
44323eebf645,sfrj,pop,sva mor,PER
44323eebf645,sfrj,pop,sva m,LOC
44323eebf645,sfrj,pop,n sva ,PER
44323eebf645,sfrj,pop,va mor,LOC
08219dd4651a,sfrj,pop,Roko,PER
08219dd4651a,sfrj,pop,Cicibela,PER
3f403a41696a,sfrj,pop,Pape,PER
3f403a41696a,sfrj,pop,Pape j,PER
3f403a41696a,sfrj,pop,ape jo,PER
3f403a41696a,sfrj,pop,Pape jo,PER
3f403a41696a,sfrj,pop,Pape j,PER
3f403a41696a,sfrj,pop,o’ zanat,LOC
bb8ec6a8d390,sfrj,pop,Zlatni,PER
bb8ec6a8d390,sfrj,pop,Zlatni,PER
e5aa8582dd8f,sfrj,pop,Po,ORG
e5aa8582dd8f,sfrj,pop,Pole,PER
e5aa8582dd8f,sfrj,pop,"galebe, poleti
Od sv",ORG
e5aa8582dd8f,sfrj,pop,Pole,PER
e5aa8582dd8f,sfrj,pop,"galebe, poleti
Od sv",ORG
2238cb0edf43,sfrj,pop,Ako me s,PER
e9761077a413,sfrj,pop,ijeme su,LOC
e9761077a413,sfrj,pop,jeme sun,LOC
e9761077a413,sfrj,pop,Bilo je ,PER
e9761077a413,sfrj,pop,ijeme su,PER
e9761077a413,sfrj,pop,Bilo je ,PER
e9761077a413,sfrj,pop,ijeme su,PER
e9761077a413,sfrj,pop,Bi,ORG
e9761077a413,sfrj,pop,Bilo je ,PER
e9761077a413,sfrj,pop,ijeme su,PER
82e4d5695f5d,sfrj,pop,Bud,LOC
80928865b7c7,sfrj,pop,Dženi,PER
80928865b7c7,sfrj,pop,Dženi,PER
80928865b7c7,sfrj,pop,Dženi,PER
80928865b7c7,sfrj,pop,Dženi,PER
80928865b7c7,sfrj,pop,Dženi,PER
3c0373dc0641,sfrj,pop,lijesak ,PER
3c0373dc0641,sfrj,pop,"ža
svud ",PER
3c0373dc0641,sfrj,pop,lijesak ,PER
3c0373dc0641,sfrj,pop,"ža
svud ",PER
3c0373dc0641,sfrj,pop,Ona nosi,PER
3c0373dc0641,sfrj,pop,lijesak ,PER
3c0373dc0641,sfrj,pop,lijesak ,PER
3c0373dc0641,sfrj,pop,"ža
svud ",PER
3c0373dc0641,sfrj,pop,lijesak ,PER
3c0373dc0641,sfrj,pop,"ža
svud ",PER
3c0373dc0641,sfrj,pop,lijesak ,PER
3c0373dc0641,sfrj,pop,"ža
svud ",PER
e9148c8dbf70,sfrj,pop,Sa us,PER
e9148c8dbf70,sfrj,pop,"a, na",PER
e9148c8dbf70,sfrj,pop,Sa us,PER
e9148c8dbf70,sfrj,pop,"a, na",PER
e9148c8dbf70,sfrj,pop,Sa us,PER
e9148c8dbf70,sfrj,pop,"a, na",PER
e9148c8dbf70,sfrj,pop,Sa us,PER
e9148c8dbf70,sfrj,pop,"a, na",MISC
c0968452319a,sfrj,pop,d jed,ORG
c0968452319a,sfrj,pop,d jed,ORG
c0968452319a,sfrj,pop,d jed,ORG
c0968452319a,sfrj,pop,d jed,ORG
c0968452319a,sfrj,pop,Kad j,PER
c0968452319a,sfrj,pop,Kad j,PER
c0968452319a,sfrj,pop,Kad j,PER
c0968452319a,sfrj,pop,Kad j,PER
908c1369ad59,sfrj,pop,L,ORG
1c522f9febb6,sfrj,pop,Ne ,LOC
3c86faa88a37,sfrj,pop,Sad,LOC
3c86faa88a37,sfrj,pop,Sad se ti,PER
3c86faa88a37,sfrj,pop,Sad,PER
b3c417c8bbe9,sfrj,pop,Ne pitaj ,PER
89aa89f210bc,sfrj,pop,Nije bi,PER
89aa89f210bc,sfrj,pop,Nije bi,PER
2782f86fd9f0,sfrj,pop,Infiša,PER
2782f86fd9f0,sfrj,pop,Infiš,PER
2782f86fd9f0,sfrj,pop,Infiša,PER
314523a8be27,sfrj,pop,Ispod ,PER
314523a8be27,sfrj,pop,Ispod ,PER
314523a8be27,sfrj,pop,Ispod ,PER
314523a8be27,sfrj,pop,Ispod ,PER
afd795a011b4,sfrj,pop,Jesen ,PER
afd795a011b4,sfrj,pop,Jesen ,PER
afd795a011b4,sfrj,pop,Jes,LOC
afd795a011b4,sfrj,pop,Jesen sti,PER
045f6a23ff8b,sfrj,pop,Laku,PER
bc0b9bdde744,sfrj,pop,Iz,PER
bc0b9bdde744,sfrj,pop,Iz,PER
bc0b9bdde744,sfrj,pop,Iz,PER
22c4be82b655,sfrj,pop,Jubavi,PER
22c4be82b655,sfrj,pop,Jubavi,DERIV-PER
22c4be82b655,sfrj,pop,Jubavi,DERIV-PER
0e6edfd048bf,sfrj,pop,Plovi,PER
81d0418e85e2,sfrj,pop,Moja Jube,PER
81d0418e85e2,sfrj,pop," Jube,",LOC
81d0418e85e2,sfrj,pop,Moja Jube,PER
81d0418e85e2,sfrj,pop," Jube,",LOC
81d0418e85e2,sfrj,pop,Moja Jube,PER
67072cf57733,sfrj,pop,Sve god,PER
67072cf57733,sfrj,pop,Sve godin,PER
dad8a2f1e7b9,sfrj,pop,Kad,LOC
dad8a2f1e7b9,sfrj,pop,Kad,LOC
dad8a2f1e7b9,sfrj,pop,Kad,LOC
dad8a2f1e7b9,sfrj,pop,Kad,LOC
f46ff220fd7c,sfrj,pop,Da l’ ,PER
c85deec9515e,sfrj,pop,Lady Luna,ORG
c85deec9515e,sfrj,pop,Lady Luna,ORG
c85deec9515e,sfrj,pop,Lady Luna,ORG
c85deec9515e,sfrj,pop,Lady Luna,ORG
c85deec9515e,sfrj,pop,Lady Luna,ORG
c85deec9515e,sfrj,pop,Lady Luna,ORG
c85deec9515e,sfrj,pop,Lady Luna,MISC
c85deec9515e,sfrj,pop,Lady Luna,MISC
c85deec9515e,sfrj,pop,Lady Luna,MISC
c85deec9515e,sfrj,pop,Lady Luna,MISC
c85deec9515e,sfrj,pop,pi nježno,PER
f1a2797aae81,sfrj,pop,Luigi,MISC
f1a2797aae81,sfrj,pop,Bepina,MISC
f1a2797aae81,sfrj,pop,"Luigi,",MISC
f1a2797aae81,sfrj,pop,epina,MISC
f1a2797aae81,sfrj,pop,Luigi,MISC
f1a2797aae81,sfrj,pop,Bepina,MISC
f1a2797aae81,sfrj,pop,Luigi,MISC
f1a2797aae81,sfrj,pop,Bepina,MISC
f788ecf06b5f,sfrj,pop,Lip,PER
f788ecf06b5f,sfrj,pop,Lip,PER
f788ecf06b5f,sfrj,pop,si ,PER
f788ecf06b5f,sfrj,pop,Lip,PER
f788ecf06b5f,sfrj,pop,si ,PER
de33e6d280a9,sfrj,pop,Živ,PER
8aa7a68e5fb3,sfrj,pop,Nisi m,PER
8aa7a68e5fb3,sfrj,pop,Nisi m,PER
8aa7a68e5fb3,sfrj,pop,Nisi m,PER
8aa7a68e5fb3,sfrj,pop,Nisi m,PER
8aa7a68e5fb3,sfrj,pop,Nisi m,PER
116f9f2601dd,sfrj,pop,Bačve,PER
116f9f2601dd,sfrj,pop,Bačve ,PER
2ca98bebbc86,sfrj,pop,je s,PER
2ca98bebbc86,sfrj,pop,ebon,PER
2ca98bebbc86,sfrj,pop,je s,PER
2ca98bebbc86,sfrj,pop,ebon,PER
2ca98bebbc86,sfrj,pop,je s,PER
2ca98bebbc86,sfrj,pop,ebon,PER
2ca98bebbc86,sfrj,pop,je s,PER
2ca98bebbc86,sfrj,pop,ebon,PER
2ca98bebbc86,sfrj,pop,Ča,MISC
2ca98bebbc86,sfrj,pop,je s,PER
2ca98bebbc86,sfrj,pop,ebon,PER
6ad06ccac267,sfrj,pop,Lučija,PER
6ad06ccac267,sfrj,pop,Lučija,PER
6ad06ccac267,sfrj,pop,Lučija,PER
6ad06ccac267,sfrj,pop,Lučija,PER
6ad06ccac267,sfrj,pop,Lučija,PER
6ad06ccac267,sfrj,pop,Lučija,PER
6ad06ccac267,sfrj,pop,Lučija,PER
6ad06ccac267,sfrj,pop,Lučija,PER
6ad06ccac267,sfrj,pop,Lučija,PER
6ad06ccac267,sfrj,pop,Lučija,PER
6ad06ccac267,sfrj,pop,Lučija,PER
6ad06ccac267,sfrj,pop,Lučija,PER
f47dca926015,sfrj,pop,"Sunce,",PER
f47dca926015,sfrj,pop,Sunce,PER
f47dca926015,sfrj,pop,Sunce,PER
f47dca926015,sfrj,pop,Sunce,PER
e3bc46a3d732,sfrj,pop,Još je,PER
e3bc46a3d732,sfrj,pop,Još jednom ,PER
e3bc46a3d732,sfrj,pop,Još jednom ,PER
e3bc46a3d732,sfrj,pop,Još jednom ,PER
54f8be34297f,sfrj,pop,oje m,PER
54f8be34297f,sfrj,pop,e rič,PER
54f8be34297f,sfrj,pop,oje m,PER
54f8be34297f,sfrj,pop,oje m,PER
54f8be34297f,sfrj,pop,e rič,PER
54f8be34297f,sfrj,pop,oje m,PER
54f8be34297f,sfrj,pop,oje m,PER
54f8be34297f,sfrj,pop,oje m,PER
54f8be34297f,sfrj,pop,oje m,PER
54f8be34297f,sfrj,pop,e rič,PER
54f8be34297f,sfrj,pop,oje m,PER
4af6db089a58,sfrj,pop,o u tvo,PER
4af6db089a58,sfrj,pop,tvoju d,PER
4af6db089a58,sfrj,pop,o u tvo,PER
4af6db089a58,sfrj,pop, u tvoj,PER
4af6db089a58,sfrj,pop,dušu di,PER
4af6db089a58,sfrj,pop,Ko ,LOC
4af6db089a58,sfrj,pop,Ko u te,PER
4af6db089a58,sfrj,pop, tiho s,PER
4af6db089a58,sfrj,pop,Ko u te,PER
4af6db089a58,sfrj,pop, tiho s,PER
4af6db089a58,sfrj,pop,o u tvo,PER
4af6db089a58,sfrj,pop, u tvoj,PER
4af6db089a58,sfrj,pop,dušu di,PER
14a035dbcf1e,sfrj,pop,Margarita,PER
14a035dbcf1e,sfrj,pop,zva san o,PER
14a035dbcf1e,sfrj,pop,zva san o,PER
14a035dbcf1e,sfrj,pop,zva san o,PER
422becaa453c,sfrj,pop,o hrv,LOC
422becaa453c,sfrj,pop,vog mora ,LOC
422becaa453c,sfrj,pop,o hrv,LOC
422becaa453c,sfrj,pop,vog mora,LOC
422becaa453c,sfrj,pop,o hrv,LOC
422becaa453c,sfrj,pop,vog mora ,LOC
422becaa453c,sfrj,pop,o hrv,LOC
422becaa453c,sfrj,pop,vog mora,LOC
61627afa556f,sfrj,pop,Gospodin,PER
61627afa556f,sfrj,pop,blagoslo,PER
61627afa556f,sfrj,pop,Go,ORG
52d1b42f5671,sfrj,pop,I bez zl,PER
52d1b42f5671,sfrj,pop,I bez,PER
52d1b42f5671,sfrj,pop,I bez,PER
52d1b42f5671,sfrj,pop,I bez zl,PER
52d1b42f5671,sfrj,pop,ez luši,PER
52d1b42f5671,sfrj,pop,I bez zl,PER
52d1b42f5671,sfrj,pop,I bez,PER
52d1b42f5671,sfrj,pop,I bez,PER
52d1b42f5671,sfrj,pop,I bez zl,PER
6b026f49987f,sfrj,pop,Nekako ,PER
307fbecb2ab6,sfrj,pop,Sve nježn,PER
307fbecb2ab6,sfrj,pop,riječi sv,PER
307fbecb2ab6,sfrj,pop,Sve nježn,PER
307fbecb2ab6,sfrj,pop,riječi sv,PER
307fbecb2ab6,sfrj,pop,Sve nježn,PER
307fbecb2ab6,sfrj,pop,riječi sv,PER
307fbecb2ab6,sfrj,pop,Sve nježn,PER
307fbecb2ab6,sfrj,pop,riječi sv,PER
307fbecb2ab6,sfrj,pop,eči svije,PER
307fbecb2ab6,sfrj,pop,eči svije,PER
d0d91683374a,sfrj,pop,Nem,PER
d0d91683374a,sfrj,pop,Nem,LOC
21eff7c380b4,sfrj,pop,Nadalini,PER
21eff7c380b4,sfrj,pop,Nadalinu,LOC
21eff7c380b4,sfrj,pop,van je š,PER
21eff7c380b4,sfrj,pop,re bit d,PER
21eff7c380b4,sfrj,pop,Ovo van ,PER
21eff7c380b4,sfrj,pop, štorija,PER
21eff7c380b4,sfrj,pop,More bit,PER
21eff7c380b4,sfrj,pop,adalini.,PER
21eff7c380b4,sfrj,pop,ore bit ,PER
21eff7c380b4,sfrj,pop,la bi on,LOC
21eff7c380b4,sfrj,pop,van je š,PER
21eff7c380b4,sfrj,pop, More bi,PER
21eff7c380b4,sfrj,pop,karonju ,LOC
21eff7c380b4,sfrj,pop,Ovo van je š,PER
21eff7c380b4,sfrj,pop, More bi,PER
21eff7c380b4,sfrj,pop,t da vi ,PER
21eff7c380b4,sfrj,pop,"ja, a na",LOC
21eff7c380b4,sfrj,pop,kole kad,PER
21eff7c380b4,sfrj,pop,Ovo van je š,PER
21eff7c380b4,sfrj,pop,ore bit ,PER
21eff7c380b4,sfrj,pop, štorija,PER
21eff7c380b4,sfrj,pop,re bit d,PER
41e410435c90,sfrj,pop,Ne,ORG
41e410435c90,sfrj,pop,Ne mogu ti ,PER
3db4c19b9a72,sfrj,pop,Ništ,PER
bb16a159a886,sfrj,pop,od obal,LOC
7f3ecda1870c,sfrj,pop,"ebi,",PER
768217e191c0,sfrj,pop,pusto ,PER
49f208870d85,sfrj,pop,Lj,ORG
27058641f93f,sfrj,pop, zadnj,PER
2a58c34a88b8,sfrj,pop,o voće ,PER
2a58c34a88b8,sfrj,pop,a u t,PER
2a58c34a88b8,sfrj,pop,a u t,PER
2a58c34a88b8,sfrj,pop,a u t,PER
f036a6331a82,sfrj,pop,am i,PER
b7dc47e8443a,sfrj,pop,Sad,LOC
161cb01c6332,sfrj,pop,Nemoj.,PER
161cb01c6332,sfrj,pop,lin ,PER
161cb01c6332,sfrj,pop,Nemo,PER
161cb01c6332,sfrj,pop,Nemoj,PER
161cb01c6332,sfrj,pop,Nemoj,PER
161cb01c6332,sfrj,pop,moli,PER
161cb01c6332,sfrj,pop,Nemoj,PER
161cb01c6332,sfrj,pop,Nemoj,PER
161cb01c6332,sfrj,pop,Nemo,PER
161cb01c6332,sfrj,pop,oj o,PER
161cb01c6332,sfrj,pop,Nemoj,PER
161cb01c6332,sfrj,pop,moli,PER
161cb01c6332,sfrj,pop,oj mo,LOC
8bea7bb80fcb,sfrj,pop,sve,PER
8bea7bb80fcb,sfrj,pop,Ve,ORG
5dd3b4ef9849,sfrj,pop,"onom
s",PER
5dd3b4ef9849,sfrj,pop,"fonom
",PER
5dd3b4ef9849,sfrj,pop,"onom
s",LOC
5dc1de6a20be,sfrj,pop,Brod,PER
5dc1de6a20be,sfrj,pop,Bro,LOC
ac4e62c48287,sfrj,pop,Uvik ka,PER
0cce5f5ce65a,sfrj,pop,Samo ,PER
a1c7e481cf0c,sfrj,pop, li,ORG
a1c7e481cf0c,sfrj,pop, li,ORG
c89866f0d3d6,sfrj,pop,I ,ORG
929a5f9a0eea,sfrj,pop,Mirno,PER
929a5f9a0eea,sfrj,pop,Mirno spa,PER
929a5f9a0eea,sfrj,pop,Mirno spa,PER
d84f7a4739f9,sfrj,pop,Diga ,PER
dea6d046dbd4,sfrj,pop,je kale i ,ORG
dea6d046dbd4,sfrj,pop, kontra,LOC
6f5b156c0b8f,sfrj,pop, zlato,PER
6f5b156c0b8f,sfrj,pop,cukar i,LOC
efd9a12b1968,sfrj,pop,"Ljubavi, l",PER
241b85724182,sfrj,pop,Nem,LOC
15ff9963227b,sfrj,pop,Dalmacij,PER
f09686eb34dc,sfrj,pop,za gorkih a,LOC
f09686eb34dc,sfrj,pop,za gorkih a,LOC
f09686eb34dc,sfrj,pop,"aki hir
Iza gork",MISC
f09686eb34dc,sfrj,pop,Poslije ,PER
f09686eb34dc,sfrj,pop,za gorkih a,LOC
f09686eb34dc,sfrj,pop,"aki hir
Iza gork",MISC
f09686eb34dc,sfrj,pop,Poslije k,PER
f09686eb34dc,sfrj,pop,za gorkih a,LOC
f09686eb34dc,sfrj,pop,"aki hir
Iza gork",MISC
f09686eb34dc,sfrj,pop,on bura kad,LOC
f09686eb34dc,sfrj,pop,"aki hir
Iza gork",MISC
f09686eb34dc,sfrj,pop,on bura kad,LOC
f09686eb34dc,sfrj,pop,"aki hir
Iza gork",MISC
f09686eb34dc,sfrj,pop,on bura kad,LOC
02c01313fe8f,sfrj,pop,đelozija,PER
02c01313fe8f,sfrj,pop,đelozija,PER
02c01313fe8f,sfrj,pop,Sve je k,PER
02c01313fe8f,sfrj,pop,Sve je k,PER
02c01313fe8f,sfrj,pop,Sve je kriva,PER
02c01313fe8f,sfrj,pop,Sve je k,PER
02c01313fe8f,sfrj,pop,Sve je k,PER
02c01313fe8f,sfrj,pop,đelozija,PER
02c01313fe8f,sfrj,pop,đelozija,PER
e28f3b192a16,sfrj,pop,Ja,ORG
7d330a3aa2fb,sfrj,pop,Ka,ORG
7d330a3aa2fb,sfrj,pop,Ka,ORG
8a417b6278dc,sfrj,pop,Sad,LOC
03620b362702,sfrj,pop,U polut,PER
30bad5d99538,sfrj,pop,Kao,LOC
30bad5d99538,sfrj,pop,Kao,LOC
9f51dc9dd4c5,sfrj,pop,Na,ORG
f535b6d28ce2,sfrj,pop,Dolazi,PER
1ffa3c055a82,sfrj,pop,Tuga,PER
8e0d7b384f65,sfrj,pop,Ti n,ORG
180a0d0ad576,sfrj,pop,Lista,PER
7334fe4620a5,sfrj,pop,Sa,ORG
7334fe4620a5,sfrj,pop,Sad ,PER
61d4dc92577c,sfrj,pop,U pušku ,PER
724ea8a64c42,sfrj,pop,Sidrin te,PER
0c284a793218,sfrj,pop,"ja
Kad ću",PER
0c284a793218,sfrj,pop, ću ope,PER
0c284a793218,sfrj,pop,"n ja
",PER
0c284a793218,sfrj,pop,Kad ću op,PER
0c284a793218,sfrj,pop,Kad,PER
0c284a793218,sfrj,pop,Kad ću o,PER
0c284a793218,sfrj,pop, ću ope,PER
0c284a793218,sfrj,pop,"n ja
",PER
0c284a793218,sfrj,pop,Kad ću op,PER
43fcf2113700,sfrj,pop,Vjeruj,PER
43fcf2113700,sfrj,pop,Vjeruj,PER
c2ad363a7cac,sfrj,pop,Pronađi t,DERIV-PER
3ae126a38bc5,sfrj,pop,Nevera,PER
3ae126a38bc5,sfrj,pop,pa šk,PER
3ae126a38bc5,sfrj,pop,spr,PER
342810091afa,sfrj,pop,Vrime,PER
342810091afa,sfrj,pop,Vrime,PER
342810091afa,sfrj,pop,Vrime,PER
342810091afa,sfrj,pop,Vrime,PER
342810091afa,sfrj,pop,Vrime,PER
342810091afa,sfrj,pop,Vrime,PER
342810091afa,sfrj,pop,Vrime,PER
342810091afa,sfrj,pop,Vrime,PER
342810091afa,sfrj,pop,Vrime,PER
342810091afa,sfrj,pop,Vrime,PER
342810091afa,sfrj,pop,Vrime,PER
342810091afa,sfrj,pop,Vrime,PER
aafe40914304,sfrj,pop,Ostali s,PER
e3371ac56d67,sfrj,pop,"ugom žuta voća
u ka",ORG
e3371ac56d67,sfrj,pop,Ze,ORG
2ab51afdbace,sfrj,pop,Zimska,PER
37e8f9ef6f13,sfrj,pop,i pep,PER
37e8f9ef6f13,sfrj,pop,i pep,PER
4bd69108c7a2,sfrj,pop,i dobra vi,LOC
1a6497c85c70,sfrj,pop,Ta ,PER
1a6497c85c70,sfrj,pop,tje,PER
1a6497c85c70,sfrj,pop, ka,PER
1a6497c85c70,sfrj,pop,"vo,",PER
1a6497c85c70,sfrj,pop,Ta ,PER
1a6497c85c70,sfrj,pop,tje,PER
1a6497c85c70,sfrj,pop, ka,PER
1a6497c85c70,sfrj,pop,"vo,",PER
1a6497c85c70,sfrj,pop,Ta ,PER
1a6497c85c70,sfrj,pop,tje,PER
1a6497c85c70,sfrj,pop, ka,PER
1a6497c85c70,sfrj,pop,"vo,
",PER
3ee7144ed9bf,sfrj,pop,Hvala,PER
3ee7144ed9bf,sfrj,pop,Naz,LOC
3ee7144ed9bf,sfrj,pop,Na,ORG
3ee7144ed9bf,sfrj,pop,Na,ORG
3ee7144ed9bf,sfrj,pop,Naz,LOC
3ee7144ed9bf,sfrj,pop,Na,ORG
3ee7144ed9bf,sfrj,pop,Na,ORG
d8d3fce9e3a7,sfrj,pop,vijet,LOC
015fffde8aee,sfrj,pop,Bi,ORG
015fffde8aee,sfrj,pop,Bit ćeš,PER
8a904a873ed0,sfrj,pop,ovela je ,PER
8a904a873ed0,sfrj,pop,"putu
",LOC
af551c3eef84,sfrj,pop,Vidjeces,ORG
af551c3eef84,sfrj,pop,Vidjeces,PER
af551c3eef84,sfrj,pop,"
U ",PER
a8efb16d57af,sfrj,pop,o mlados,PER
a8efb16d57af,sfrj,pop,Zbog koje sam,PER
a8efb16d57af,sfrj,pop,sam produ,LOC
a8efb16d57af,sfrj,pop,Zbog koje sam,PER
a8efb16d57af,sfrj,pop,Zbog koje sam,PER
a8efb16d57af,sfrj,pop,Zbog koje sam,PER
a8efb16d57af,sfrj,pop,roduž,LOC
a8efb16d57af,sfrj,pop,koje sam,PER
a8efb16d57af,sfrj,pop,Zbog koje sam,PER
a8efb16d57af,sfrj,pop,Zbog koje sam,PER
a8efb16d57af,sfrj,pop,koje sam,PER
63f2e8f99abf,sfrj,pop,Ra,ORG
15cbcc22cfbd,sfrj,pop,Irenom,LOC
15cbcc22cfbd,sfrj,pop,no lje,PER
15cbcc22cfbd,sfrj,pop, Ireno,LOC
15cbcc22cfbd,sfrj,pop,Irenom,LOC
15cbcc22cfbd,sfrj,pop,no lje,PER
15cbcc22cfbd,sfrj,pop, Ireno,LOC
15cbcc22cfbd,sfrj,pop,Jed,LOC
15cbcc22cfbd,sfrj,pop,Jed,LOC
15cbcc22cfbd,sfrj,pop,a Iren,LOC
15cbcc22cfbd,sfrj,pop,no lje,PER
15cbcc22cfbd,sfrj,pop, Ireno,LOC
1e76155a61e2,sfrj,pop,Jos je,PER
1e76155a61e2,sfrj,pop,ila ta,PER
1e76155a61e2,sfrj,pop,Jos je,PER
1e76155a61e2,sfrj,pop,ila ta,PER
1e76155a61e2,sfrj,pop,Jos je,PER
1e76155a61e2,sfrj,pop,ila ta,PER
1e76155a61e2,sfrj,pop,Jos je,PER
1e76155a61e2,sfrj,pop,ila ta,PER
1d44552acb63,sfrj,pop,Rijeka,LOC
3906a75a9349,sfrj,pop,U plan,PER
6508caca1f70,sfrj,pop,va sun,PER
6508caca1f70,sfrj,pop,"ca,
d",PER
1d059824af90,sfrj,pop,Ni,ORG
1d059824af90,sfrj,pop,Nis,LOC
1d059824af90,sfrj,pop,Nis,LOC
5ac66ce05c3d,sfrj,pop,Već,LOC
5bdf91fb907e,sfrj,pop,", u č",LOC
5bdf91fb907e,sfrj,pop,nji dalji,PER
4ab7dacb9953,sfrj,pop,Prvi put,PER
4ab7dacb9953,sfrj,pop, ov,ORG
4ab7dacb9953,sfrj,pop,Prvi put,PER
4ab7dacb9953,sfrj,pop, ov,ORG
4ab7dacb9953,sfrj,pop,Prvi put,PER
4ab7dacb9953,sfrj,pop, ov,ORG
4ab7dacb9953,sfrj,pop,Prvi put,PER
4ab7dacb9953,sfrj,pop, ov,ORG
4ab7dacb9953,sfrj,pop,Prvi put,PER
4ab7dacb9953,sfrj,pop, ov,ORG
4ab7dacb9953,sfrj,pop,Prvi put,PER
4ab7dacb9953,sfrj,pop, ov,ORG
5f09d99374b3,sfrj,pop,V beli v,DERIV-PER
4a0ee52c782f,sfrj,pop, okusom ko,PER
4a0ee52c782f,sfrj,pop,c sa o,LOC
4a0ee52c782f,sfrj,pop,jubac ,PER
4a0ee52c782f,sfrj,pop,Poljubac ,PER
4a0ee52c782f,sfrj,pop, okus,LOC
4a0ee52c782f,sfrj,pop,kolača,LOC
4a0ee52c782f,sfrj,pop,Poljubac sa ok,ORG
4a0ee52c782f,sfrj,pop,Poljubac s,PER
4a0ee52c782f,sfrj,pop,c sa oku,PER
4a0ee52c782f,sfrj,pop,jubac sa,LOC
4a0ee52c782f,sfrj,pop,som k,PER
19824a1c5641,sfrj,pop,Kao skitni,PER
19824a1c5641,sfrj,pop,Kao skitnic,PER
38cb38b1a5c1,sfrj,pop,Ako po ,LOC
38cb38b1a5c1,sfrj,pop, stanovnik,LOC
23a19c52c1f1,sfrj,pop,Marineli,PER
23a19c52c1f1,sfrj,pop,Marineli,PER
287a747b36f3,sfrj,pop,Lju,LOC
7f44d4d4a3cf,sfrj,pop,"topi,
sv",PER
7f44d4d4a3cf,sfrj,pop,"topi,
sv",PER
57b2b3d82b3a,sfrj,pop,Sve,ORG
57b2b3d82b3a,sfrj,pop,Sve,ORG
71efc29f4566,sfrj,pop,Tak,LOC
d8661e3ceebb,sfrj,pop,Gov,LOC
6b532766f495,sfrj,pop,To,ORG
b56440248ee4,sfrj,pop,Skupim,PER
b56440248ee4,sfrj,pop,"jutro
",PER
3509f76f2a05,sfrj,pop,Noć,ORG
3509f76f2a05,sfrj,pop, gr,ORG
3509f76f2a05,sfrj,pop,Noć,ORG
3509f76f2a05,sfrj,pop, gr,ORG
3509f76f2a05,sfrj,pop,Noć,ORG
3509f76f2a05,sfrj,pop, gr,ORG
3509f76f2a05,sfrj,pop,Noć,ORG
3509f76f2a05,sfrj,pop, gr,ORG
c9c889af0f10,sfrj,pop,m se,LOC
c9c889af0f10,sfrj,pop,znatoj d,LOC
c9c889af0f10,sfrj,pop,ao sam se ne,PER
c9c889af0f10,sfrj,pop,ao sam se ne,PER
c9c889af0f10,sfrj,pop,Udvara,PER
c9c889af0f10,sfrj,pop,ao sam se ne,PER
c9c889af0f10,sfrj,pop,Udvarao,PER
c9c889af0f10,sfrj,pop,ao sam se ne,PER
c9c889af0f10,sfrj,pop,ao sam se ne,PER
d74a3f894657,sfrj,pop,Zi,ORG
74c6ab7099b7,sfrj,pop,i nec,PER
82c5df009eb2,sfrj,pop,Da,ORG
8444534a9226,sfrj,pop,Ave Maria,PER
8444534a9226,sfrj,pop,"Ave, Ave Mar",ORG
8444534a9226,sfrj,pop,"Ave, Ave Mari",ORG
8444534a9226,sfrj,pop,us te,LOC
8444534a9226,sfrj,pop,"Ave, A",PER
8444534a9226,sfrj,pop, Maria grati,PER
8444534a9226,sfrj,pop,"Ave,",PER
8444534a9226,sfrj,pop,"Ave, Ave Mar",PER
8444534a9226,sfrj,pop,"Ave,",PER
8444534a9226,sfrj,pop,"Ave, Ave Mar",PER
8444534a9226,sfrj,pop,"Ave,",PER
8444534a9226,sfrj,pop,"Ave, Ave ",PER
7a1ed4507401,sfrj,pop,dž za ro,PER
7a1ed4507401,sfrj,pop,edž ,PER
7a1ed4507401,sfrj,pop, rock ,PER
7a1ed4507401,sfrj,pop,’ rol,PER
7a1ed4507401,sfrj,pop,"Da, ",PER
7a1ed4507401,sfrj,pop,Ovaj ,PER
7a1ed4507401,sfrj,pop,dž za ,PER
7a1ed4507401,sfrj,pop,k ‘n,PER
7a1ed4507401,sfrj,pop,"oll
",PER
7a1ed4507401,sfrj,pop,Ovaj ,PER
7a1ed4507401,sfrj,pop,dž za ,PER
7a1ed4507401,sfrj,pop,k ‘n,PER
7a1ed4507401,sfrj,pop,"oll
",PER
7d35d2cc8aa7,sfrj,pop,U ,ORG
1fa8a8ff95dc,sfrj,pop,Sa,ORG
1fa8a8ff95dc,sfrj,pop,Samo o,PER
1fa8a8ff95dc,sfrj,pop,Samo o,PER
118704e12ca5,sfrj,pop,Dje,PER
118704e12ca5,sfrj,pop,etesc,LOC
118704e12ca5,sfrj,pop,Djetesc,PER
118704e12ca5,sfrj,pop,Djete,ORG
118704e12ca5,sfrj,pop,e ti,PER
118704e12ca5,sfrj,pop,ti,PER
11c4eeb6e3d5,sfrj,pop,Jos,PER
11c4eeb6e3d5,sfrj,pop,Jo,ORG
b5e63d0b02b6,sfrj,pop, jast,LOC
03da2b97b48a,sfrj,pop,Od rođe,PER
92302a23815d,sfrj,pop,Od poč,PER
92302a23815d,sfrj,pop,Od po,PER
cbdb7f96dd24,sfrj,pop,Ti ,PER
457821a589c0,sfrj,pop,Po,ORG
f987c7c5f393,sfrj,pop,Bi,ORG
26bfc03c80b9,sfrj,pop,Jutr,PER
8e6f0ecd3ea8,sfrj,pop,kro,PER
5911306624bb,sfrj,pop,Vec dug,PER
7c5bef3ea48f,sfrj,pop,Vec dug,PER
b26fc5b8c311,sfrj,pop,Zi,ORG
b26fc5b8c311,sfrj,pop,Zi,ORG
11ddba466741,sfrj,pop,Ve,ORG
11ddba466741,sfrj,pop,Ve,ORG
11ddba466741,sfrj,pop,Vec,LOC
11ddba466741,sfrj,pop,Ve,ORG
11ddba466741,sfrj,pop,Ve,ORG
99c058f9e9d3,sfrj,pop,Pogle,PER
99c058f9e9d3,sfrj,pop,Pogle,PER
99c058f9e9d3,sfrj,pop,Pogle,PER
99c058f9e9d3,sfrj,pop,Pogle,PER
98b36a15f28f,sfrj,pop,Lezaj,PER
98b36a15f28f,sfrj,pop,Lezaj,PER
98b36a15f28f,sfrj,pop,Lezaj,PER
98b36a15f28f,sfrj,pop,Lezaj,PER
98b36a15f28f,sfrj,pop,Lezaj,PER
98b36a15f28f,sfrj,pop,Lezaj,PER
98b36a15f28f,sfrj,pop,Lezaj,PER
98b36a15f28f,sfrj,pop,Lezaj,PER
98b36a15f28f,sfrj,pop,Lezaj,PER
98b36a15f28f,sfrj,pop,Lezaj,PER
db996784880e,sfrj,pop,Snivao,PER
db996784880e,sfrj,pop,Sniva,PER
db996784880e,sfrj,pop,Sniva,PER
9a0e3a652f11,sfrj,pop,"Ljudi,",PER
1bd576353ab9,sfrj,pop,Tvoje tij,PER
6d674cbefa9a,sfrj,pop,maska ,PER
6d674cbefa9a,sfrj,pop,licu,PER
6d674cbefa9a,sfrj,pop,"Make up,",PER
6d674cbefa9a,sfrj,pop,"Make up, ",PER
6d674cbefa9a,sfrj,pop,"Make up, ",PER
13ad7c5e454f,sfrj,pop,To je fac,PER
13ad7c5e454f,sfrj,pop,To ,PER
13ad7c5e454f,sfrj,pop,"-seta,
Hig",PER
13ad7c5e454f,sfrj,pop,To je fac,PER
13ad7c5e454f,sfrj,pop,To je faca,PER
13ad7c5e454f,sfrj,pop,"jet-seta,
High",PER
13ad7c5e454f,sfrj,pop,je faca,PER
13ad7c5e454f,sfrj,pop,iz jet-seta,PER
13ad7c5e454f,sfrj,pop,To ,PER
13ad7c5e454f,sfrj,pop,"-seta,
Hig",PER
13ad7c5e454f,sfrj,pop,To je fac,PER
13ad7c5e454f,sfrj,pop,z jet-set,PER
13ad7c5e454f,sfrj,pop,je faca iz,PER
13ad7c5e454f,sfrj,pop,To ,PER
13ad7c5e454f,sfrj,pop,"-seta,
Hig",PER
13ad7c5e454f,sfrj,pop,"jet-seta,
High",PER
13ad7c5e454f,sfrj,pop,"z jet-seta,
H",PER
13ad7c5e454f,sfrj,pop,To ,PER
13ad7c5e454f,sfrj,pop,"-seta,
Hig",PER
13ad7c5e454f,sfrj,pop,To je fac,PER
13ad7c5e454f,sfrj,pop,To ,PER
13ad7c5e454f,sfrj,pop,"-seta,
Hig",PER
13ad7c5e454f,sfrj,pop,To je fac,PER
13ad7c5e454f,sfrj,pop,"-seta,
High",PER
13ad7c5e454f,sfrj,pop,To ,PER
13ad7c5e454f,sfrj,pop,"-seta,
Hig",PER
13ad7c5e454f,sfrj,pop,To je fac,PER
f43856ac7d1e,sfrj,pop,Mo,ORG
f43856ac7d1e,sfrj,pop,Mo,ORG
0eea8360c46b,sfrj,pop,odi na,PER
0eea8360c46b,sfrj,pop,Narodi nam se ,PER
0eea8360c46b,sfrj,pop,"eski,
O",PER
0eea8360c46b,sfrj,pop, kralj nebes,PER
0eea8360c46b,sfrj,pop,Narodi nam se ,PER
0eea8360c46b,sfrj,pop,am se kralj ,MISC
0eea8360c46b,sfrj,pop,Narodi nam se ,PER
dc733e7b53b4,sfrj,pop,Id,ORG
dc733e7b53b4,sfrj,pop,Id,ORG
dc733e7b53b4,sfrj,pop,Id,ORG
21e5d5ab50d4,sfrj,pop,U noci,PER
4a79acb84f7f,sfrj,pop,"u, babo, sejm",PER
4a79acb84f7f,sfrj,pop,"u, babo, sejm",PER
4a79acb84f7f,sfrj,pop," babo, sejmen",PER
c8f99fb8e6cf,sfrj,pop,Je,ORG
c8f99fb8e6cf,sfrj,pop,Je,ORG
04e0f0fbabe6,sfrj,pop,Omere bez,PER
04e0f0fbabe6,sfrj,pop,Omere bez,PER
04e0f0fbabe6,sfrj,pop,Omere bez,PER
1da698942d89,sfrj,pop,Kud g,PER
7ccc1eadbe04,sfrj,pop,Zelje,PER
7ccc1eadbe04,sfrj,pop,Ze,ORG
5ac962cd14ca,sfrj,pop,Ista,PER
5ef9941865c3,sfrj,pop,Pl,ORG
e67541f5d8c9,sfrj,pop,Ipak n,PER
4236c36f523f,sfrj,pop,Postao ,PER
195e74ff4ef2,sfrj,pop,e se,PER
195e74ff4ef2,sfrj,pop,dujte s,PER
195e74ff4ef2,sfrj,pop,Radujte se,PER
195e74ff4ef2,sfrj,pop,narod,MISC
db5e4180af0e,sfrj,pop,jera to,ORG
db5e4180af0e,sfrj,pop,Ne znam sad,PER
db5e4180af0e,sfrj,pop,jera to,ORG
db5e4180af0e,sfrj,pop,Ne znam sad,PER
db5e4180af0e,sfrj,pop,znam sa,ORG
db5e4180af0e,sfrj,pop,znam sad sto me tje,ORG
db5e4180af0e,sfrj,pop,Ne zna,PER
db5e4180af0e,sfrj,pop,tjera t,LOC
db5e4180af0e,sfrj,pop,Ne znam sad,PER
6f3eec0f5d27,sfrj,pop,Jos po,ORG
6f3eec0f5d27,sfrj,pop,Jo,ORG
6f3eec0f5d27,sfrj,pop,Jos po,PER
6f3eec0f5d27,sfrj,pop,Jos po,ORG
54fc949cef1f,sfrj,pop,Sanjal,PER
a41eaea0204f,sfrj,pop,Sreca,PER
a41eaea0204f,sfrj,pop,Sr,ORG
a41eaea0204f,sfrj,pop,Sreca,PER
a41eaea0204f,sfrj,pop,Sreca,PER
2c9c15f3b0e7,sfrj,pop,Otkad ,PER
2c9c15f3b0e7,sfrj,pop,Otkad ,PER
ccc3961ee711,sfrj,pop,Zemlji mir,MISC
ccc3961ee711,sfrj,pop,lji m,DERIV-PER
ccc3961ee711,sfrj,pop,"r, v",PER
ccc3961ee711,sfrj,pop,i mi,PER
ccc3961ee711,sfrj,pop,m na Z,PER
97d11bf4d009,sfrj,pop,Kad se ,ORG
65fbb69363cd,sfrj,pop,Ja sam,PER
203409bc7eff,sfrj,pop,"noc, s",PER
203409bc7eff,sfrj,pop,"a noc, pono",PER
03d81ca08694,sfrj,pop,Budim,PER
03d81ca08694,sfrj,pop,Bu,ORG
03d81ca08694,sfrj,pop,Bu,ORG
e93fb1fa951d,sfrj,pop,Ti u,LOC
e93fb1fa951d,sfrj,pop,Ti u,LOC
bbb302fe28c7,sfrj,pop," jahahu
S",LOC
bbb302fe28c7,sfrj,pop,Tri kra,PER
bbb302fe28c7,sfrj,pop,hahu,PER
bbb302fe28c7,sfrj,pop,"jahahu
",PER
be8a519bdd66,sfrj,pop,Dr,ORG
be8a519bdd66,sfrj,pop,Dr,ORG
be8a519bdd66,sfrj,pop,Dr,ORG
6d16b30f9e1d,sfrj,pop,e godi,PER
6d16b30f9e1d,sfrj,pop, godis,PER
6d16b30f9e1d,sfrj,pop, godis,PER
6d16b30f9e1d,sfrj,pop,U s,PER
6d16b30f9e1d,sfrj,pop,U se ,PER
6d16b30f9e1d,sfrj,pop, godis,PER
41a8841ff9c2,sfrj,pop,Majko Bozja,PER
41a8841ff9c2,sfrj,pop,"ja
P",PER
41a8841ff9c2,sfrj,pop,"a
Puna milo",PER
41a8841ff9c2,sfrj,pop,Vesel,ORG
41a8841ff9c2,sfrj,pop,Ve,ORG
0e8e6b8f9798,sfrj,pop,Willie,PER
0e8e6b8f9798,sfrj,pop,Laura Mae Jones,PER
0e8e6b8f9798,sfrj,pop,Willie,PER
0e8e6b8f9798,sfrj,pop,Wi,ORG
0e8e6b8f9798,sfrj,pop, Mae Jone,DERIV-PER
0e8e6b8f9798,sfrj,pop,Wil,PER
0e8e6b8f9798,sfrj,pop,llie i La,PER
0e8e6b8f9798,sfrj,pop,Willie,PER
0e8e6b8f9798,sfrj,pop,Laura,PER
0e8e6b8f9798,sfrj,pop,Wi,ORG
0e8e6b8f9798,sfrj,pop,Willie,PER
0e8e6b8f9798,sfrj,pop,Laura Mae,PER
0e8e6b8f9798,sfrj,pop,Wi,ORG
cbb99a3f95b7,sfrj,pop,Ma,ORG
d41b1208edc0,sfrj,pop,ja sam d,PER
39fe6df1a312,sfrj,pop,Djeca,PER
a1cf58fe468c,sfrj,pop,Badnju,PER
a1cf58fe468c,sfrj,pop,Badnju,PER
ea3a6157ac76,sfrj,pop,O,ORG
ea3a6157ac76,sfrj,pop,O,ORG
ea3a6157ac76,sfrj,pop,O,ORG
5b5ffa17fbb8,sfrj,pop,E,ORG
5b5ffa17fbb8,sfrj,pop,Saša,PER
5b5ffa17fbb8,sfrj,pop,Saša,PER
5b5ffa17fbb8,sfrj,pop,j Sa,PER
5b5ffa17fbb8,sfrj,pop,j Sa,PER
5b5ffa17fbb8,sfrj,pop,E,ORG
5b5ffa17fbb8,sfrj,pop,Saša,PER
5b5ffa17fbb8,sfrj,pop,"E,",ORG
5b5ffa17fbb8,sfrj,pop,"E,",ORG
5b5ffa17fbb8,sfrj,pop,E,ORG
5b5ffa17fbb8,sfrj,pop,Saša,PER
5b5ffa17fbb8,sfrj,pop,Saša,PER
5b5ffa17fbb8,sfrj,pop,j Sa,PER
5b5ffa17fbb8,sfrj,pop,j Sa,PER
5b5ffa17fbb8,sfrj,pop,E,ORG
5b5ffa17fbb8,sfrj,pop,Saša,PER
5b5ffa17fbb8,sfrj,pop,Saša,PER
5b5ffa17fbb8,sfrj,pop,j Sa,PER
5b5ffa17fbb8,sfrj,pop,j Sa,PER
5b5ffa17fbb8,sfrj,pop,E,ORG
5b5ffa17fbb8,sfrj,pop,Saša,PER
5b5ffa17fbb8,sfrj,pop,"E,",ORG
cf90c5a56138,sfrj,pop,Peri,PER
cf90c5a56138,sfrj,pop, i P,PER
cf90c5a56138,sfrj,pop, i P,PER
cf90c5a56138,sfrj,pop,Čići,PER
cf90c5a56138,sfrj,pop,Čići,PER
cf90c5a56138,sfrj,pop, i P,PER
cf90c5a56138,sfrj,pop,Čići s,PER
cf90c5a56138,sfrj,pop," Peri
",PER
cf90c5a56138,sfrj,pop,ći s,PER
cf90c5a56138,sfrj,pop,Čići,PER
64e8dacc2722,sfrj,pop,Hej,PER
03b116d2b997,sfrj,pop,Ka,ORG
68ad6b9b4433,sfrj,pop,i dani,PER
90d29b296d71,sfrj,pop,U poce,PER
13371d84ec94,sfrj,pop,Ne,ORG
5d90714cc5de,sfrj,pop,I kad,PER
5d90714cc5de,sfrj,pop,I kad ,PER
66ff8d0e3660,sfrj,pop,U neb,PER
66ff8d0e3660,sfrj,pop,U ,ORG
66ff8d0e3660,sfrj,pop,U ne,PER
66ff8d0e3660,sfrj,pop,"nom
",PER
66ff8d0e3660,sfrj,pop,U neboder,PER
66ff8d0e3660,sfrj,pop,"
U p",PER
66ff8d0e3660,sfrj,pop,U neboder,PER
66ff8d0e3660,sfrj,pop,"
U p",PER
66ff8d0e3660,sfrj,pop,u jed,PER
66ff8d0e3660,sfrj,pop,u je,PER
66ff8d0e3660,sfrj,pop, jedn,PER
66ff8d0e3660,sfrj,pop,U nebode,PER
3d890847b638,sfrj,pop,Imala ,PER
3d890847b638,sfrj,pop,Imala ,PER
3d890847b638,sfrj,pop,Imala ,PER
3d890847b638,sfrj,pop,Imala ,PER
3d890847b638,sfrj,pop,Imala ,PER
3d890847b638,sfrj,pop,Imala ,PER
3d890847b638,sfrj,pop,Imala ,PER
8340098eb3c6,sfrj,pop,da bi,PER
8340098eb3c6,sfrj,pop,mogli,PER
8340098eb3c6,sfrj,pop,da bi,PER
8340098eb3c6,sfrj,pop,mogli,PER
28cc1bda28ff,sfrj,pop,jutro ,PER
28cc1bda28ff,sfrj,pop,jutro ,PER
28cc1bda28ff,sfrj,pop,jutro ,PER
28cc1bda28ff,sfrj,pop,jutro ,PER
04072a89ca4f,sfrj,pop,a i ,PER
04072a89ca4f,sfrj,pop,an g,PER
04072a89ca4f,sfrj,pop,a i ,PER
04072a89ca4f,sfrj,pop,an g,PER
04072a89ca4f,sfrj,pop,Noc j,PER
b71252a5b50e,sfrj,pop,e ne ,DERIV-PER
b71252a5b50e,sfrj,pop,Moj,LOC
b71252a5b50e,sfrj,pop,"e uci,
I ",PER
b71252a5b50e,sfrj,pop,tel,PER
b71252a5b50e,sfrj,pop,"e ne uci,",PER
b71252a5b50e,sfrj,pop,sno je ne,PER
586ff4900cd7,sfrj,pop,Bog,PER
586ff4900cd7,sfrj,pop,g ne,PER
9749178a635f,sfrj,pop,Niz,LOC
17d86f34ae8d,sfrj,pop,Hej,PER
17d86f34ae8d,sfrj,pop,Hej,PER
17d86f34ae8d,sfrj,pop,Hej,PER
17d86f34ae8d,sfrj,pop,Hej,PER
f261408bd105,sfrj,pop,Jos,PER
f261408bd105,sfrj,pop,Jos,PER
2bde305fd365,sfrj,pop,Sam,PER
2bde305fd365,sfrj,pop,Sam,PER
2bde305fd365,sfrj,pop,Sam,PER
2bde305fd365,sfrj,pop,Sam,PER
9f8dd0af2fdf,sfrj,pop,Id,ORG
3be24438f955,sfrj,pop,U n,LOC
b12798da7ce2,sfrj,pop,laze na vrije,LOC
b12798da7ce2,sfrj,pop,Prijatelji dolaze na vr,LOC
b8fc34b92887,sfrj,pop,ke s,LOC
872000371535,sfrj,pop,Pon,LOC
872000371535,sfrj,pop,Pon,LOC
316e37de1b52,sfrj,pop,Kad sa,PER
316e37de1b52,sfrj,pop,Kad s,PER
0552bb6442f1,sfrj,pop,Ug,ORG
bf342e18781d,sfrj,pop,sam m,PER
bf342e18781d,sfrj,pop,sam m,PER
5790d4e6eed7,sfrj,pop,Davno n,PER
e3fff383b84c,sfrj,pop,Jedno,PER
e3fff383b84c,sfrj,pop,Jedno,PER
e3fff383b84c,sfrj,pop,semo ,PER
e3fff383b84c,sfrj,pop,Jedno p,PER
e3fff383b84c,sfrj,pop,Jedno,PER
e3fff383b84c,sfrj,pop,isemo,PER
e3fff383b84c,sfrj,pop,Jedno,PER
486e83506220,sfrj,pop,Tri ,PER
486e83506220,sfrj,pop,Tri p,PER
e173e16abe59,sfrj,pop,in,ORG
e173e16abe59,sfrj,pop,in,ORG
f40c0257a9c4,sfrj,pop,Vri,LOC
f40c0257a9c4,sfrj,pop,Vrijem,PER
6a5ffa0596f7,sfrj,pop,Bi,ORG
6a5ffa0596f7,sfrj,pop,na t,PER
6a5ffa0596f7,sfrj,pop,Bil,LOC
cb28b1e40045,sfrj,pop,Za dom,PER
9ed5c1e0a5de,sfrj,pop,Sad,LOC
548ef66d404b,sfrj,narodna_narodnjacka,to m,PER
548ef66d404b,sfrj,narodna_narodnjacka,to m,PER
548ef66d404b,sfrj,narodna_narodnjacka,to m,PER
0c96e060d92a,sfrj,narodna_narodnjacka,Kad ,LOC
0c96e060d92a,sfrj,narodna_narodnjacka, setim ,LOC
0c96e060d92a,sfrj,narodna_narodnjacka,olski,LOC
0c96e060d92a,sfrj,narodna_narodnjacka,"dana
",LOC
0c96e060d92a,sfrj,narodna_narodnjacka, dan,PER
0c96e060d92a,sfrj,narodna_narodnjacka, dan,PER
0c96e060d92a,sfrj,narodna_narodnjacka,seti,PER
0c96e060d92a,sfrj,narodna_narodnjacka,škol,PER
0c96e060d92a,sfrj,narodna_narodnjacka,ih d,PER
0c96e060d92a,sfrj,narodna_narodnjacka,kih ,PER
0c96e060d92a,sfrj,narodna_narodnjacka,olski,PER
92e157b8c823,sfrj,narodna_narodnjacka,Sad,LOC
92e157b8c823,sfrj,narodna_narodnjacka,Sa,ORG
92e157b8c823,sfrj,narodna_narodnjacka,Sad,LOC
92e157b8c823,sfrj,narodna_narodnjacka,Sa,ORG
92e157b8c823,sfrj,narodna_narodnjacka,Sa,ORG
dbd3a2869ec4,sfrj,narodna_narodnjacka,Boga,PER
d080624f8bd3,sfrj,narodna_narodnjacka,Avlijama behar,PER
d080624f8bd3,sfrj,narodna_narodnjacka,beha,PER
d080624f8bd3,sfrj,narodna_narodnjacka,ijama b,PER
d080624f8bd3,sfrj,narodna_narodnjacka,ijama ,PER
d080624f8bd3,sfrj,narodna_narodnjacka,ehar mirisao,PER
d080624f8bd3,sfrj,narodna_narodnjacka,"o
u ka",PER
d080624f8bd3,sfrj,narodna_narodnjacka,Avlijama b,PER
d080624f8bd3,sfrj,narodna_narodnjacka,ar mirisao,PER
5fd6745b729f,sfrj,narodna_narodnjacka,nano,PER
321933dc928c,sfrj,narodna_narodnjacka,Gde to ,PER
5e541ec33cfc,sfrj,narodna_narodnjacka,Verovah,DERIV-PER
1dd715914883,sfrj,narodna_narodnjacka,im u ,LOC
1dd715914883,sfrj,narodna_narodnjacka,im u ,LOC
c5f809503408,sfrj,narodna_narodnjacka,Cekaj,PER
c5f809503408,sfrj,narodna_narodnjacka,Cekaj,PER
09d4b2cb47d6,sfrj,narodna_narodnjacka,Mi,ORG
91d8b68c591f,sfrj,narodna_narodnjacka,Danka,PER
91d8b68c591f,sfrj,narodna_narodnjacka,ti si,PER
91d8b68c591f,sfrj,narodna_narodnjacka,"nka
t",PER
91d8b68c591f,sfrj,narodna_narodnjacka,ama p,PER
91d8b68c591f,sfrj,narodna_narodnjacka,lutam,PER
91d8b68c591f,sfrj,narodna_narodnjacka,licam,PER
91d8b68c591f,sfrj,narodna_narodnjacka,i si ,PER
91d8b68c591f,sfrj,narodna_narodnjacka,i si ,PER
91d8b68c591f,sfrj,narodna_narodnjacka,Danka,PER
f5b3fdf68304,sfrj,narodna_narodnjacka,Sanjala ,PER
f5b3fdf68304,sfrj,narodna_narodnjacka,Sanjala ,PER
f5b3fdf68304,sfrj,narodna_narodnjacka,Sanjal,PER
f5b3fdf68304,sfrj,narodna_narodnjacka,Sanjala ,PER
fccc974a92fe,sfrj,narodna_narodnjacka,U ,ORG
fccc974a92fe,sfrj,narodna_narodnjacka,U ,ORG
4917cec7c9f9,sfrj,narodna_narodnjacka,Kad naslo,PER
3e55e60efc8c,sfrj,narodna_narodnjacka,Pr,PER
3e55e60efc8c,sfrj,narodna_narodnjacka,Pr,PER
3e55e60efc8c,sfrj,narodna_narodnjacka,Pr,PER
09a0ac7c3b9c,sfrj,narodna_narodnjacka,Ti si ,PER
dafedb0504b1,sfrj,narodna_narodnjacka,Godina ,PER
6aa80400861c,sfrj,narodna_narodnjacka, ne,PER
ff32bdf2e191,sfrj,narodna_narodnjacka,Cezne,PER
ed524926b799,sfrj,narodna_narodnjacka,a mala,LOC
ed524926b799,sfrj,narodna_narodnjacka, velika,LOC
c6d1bde731d6,sfrj,narodna_narodnjacka,Teb,PER
e8e13a47b108,sfrj,narodna_narodnjacka,e da,PER
11243e6b23e0,sfrj,narodna_narodnjacka,as zas,LOC
209ddb8523a8,sfrj,narodna_narodnjacka, zna,DERIV-PER
e35a468e7ba1,sfrj,narodna_narodnjacka,Za teb,PER
b642d6f4b18c,sfrj,narodna_narodnjacka,Svitace,PER
4432b293e8bc,sfrj,narodna_narodnjacka,Cujem,PER
11a95483f03f,sfrj,narodna_narodnjacka,sal,PER
62492fbbed81,sfrj,narodna_narodnjacka,Ceznula,PER
7c303651931d,sfrj,narodna_narodnjacka,šta da,PER
7c303651931d,sfrj,narodna_narodnjacka, prič,PER
6d5eed2c0992,sfrj,narodna_narodnjacka,Mile,PER
6d5eed2c0992,sfrj,narodna_narodnjacka, ima vo,PER
919491c0996e,sfrj,narodna_narodnjacka,Prema ,PER
86712c77d930,sfrj,narodna_narodnjacka,Uci,LOC
e54480cfe092,sfrj,narodna_narodnjacka,Sta ost,PER
e54480cfe092,sfrj,narodna_narodnjacka,Sta ost,PER
b2b74f9de714,sfrj,narodna_narodnjacka,Rastaju,PER
88adfb8dc3e1,sfrj,narodna_narodnjacka,Tebi,PER
88adfb8dc3e1,sfrj,narodna_narodnjacka,Tebi,PER
88adfb8dc3e1,sfrj,narodna_narodnjacka,Tebi,PER
0392c43cac0d,sfrj,narodna_narodnjacka," kuca
ni is",PER
15c59e4e6141,sfrj,narodna_narodnjacka,orni rat,LOC
81e1d1618bf5,sfrj,narodna_narodnjacka,Vetar du,PER
951bcdc2364e,sfrj,narodna_narodnjacka,Zna,PER
951bcdc2364e,sfrj,narodna_narodnjacka,Zna,PER
951bcdc2364e,sfrj,narodna_narodnjacka,Zna,PER
33b8d7a85562,sfrj,narodna_narodnjacka,Te,ORG
33b8d7a85562,sfrj,narodna_narodnjacka,"Tece, ",PER
ec4e5c8e45f7,sfrj,narodna_narodnjacka,Zbo,LOC
338c4cb9bb66,sfrj,narodna_narodnjacka,a nema niko,LOC
338c4cb9bb66,sfrj,narodna_narodnjacka, sam ja nem,LOC
338c4cb9bb66,sfrj,narodna_narodnjacka,da set,LOC
338c4cb9bb66,sfrj,narodna_narodnjacka,a nema niko,LOC
c94f6b030e19,sfrj,narodna_narodnjacka, te,PER
c87ea9f18a28,sfrj,narodna_narodnjacka,Moj,LOC
caf0c4e5deb1,sfrj,narodna_narodnjacka,raj sel,PER
caf0c4e5deb1,sfrj,narodna_narodnjacka,raj sel,PER
84055b77373f,sfrj,narodna_narodnjacka,Mihajlo,PER
84055b77373f,sfrj,narodna_narodnjacka,"jlo, m",PER
84055b77373f,sfrj,narodna_narodnjacka,"jlo, m",PER
84055b77373f,sfrj,narodna_narodnjacka,"ajlo, m",LOC
84055b77373f,sfrj,narodna_narodnjacka,li brat,PER
84055b77373f,sfrj,narodna_narodnjacka,"jlo, m",PER
3066e867e98c,sfrj,narodna_narodnjacka,Tvoje ,PER
e4901820e615,sfrj,narodna_narodnjacka,o sunce ze,LOC
e4901820e615,sfrj,narodna_narodnjacka,Sto j,LOC
e4901820e615,sfrj,narodna_narodnjacka,Sto je t,PER
e4901820e615,sfrj,narodna_narodnjacka,lo su,PER
e4901820e615,sfrj,narodna_narodnjacka, zeml,PER
e4901820e615,sfrj,narodna_narodnjacka,o sunce ze,LOC
e4901820e615,sfrj,narodna_narodnjacka,Sto j,LOC
e4901820e615,sfrj,narodna_narodnjacka,je to,LOC
e4901820e615,sfrj,narodna_narodnjacka,Sto j,LOC
80f3d0f9c545,sfrj,narodna_narodnjacka,Ti nik,PER
80f3d0f9c545,sfrj,narodna_narodnjacka,Ti nik,PER
80f3d0f9c545,sfrj,narodna_narodnjacka,Ti nik,PER
80f3d0f9c545,sfrj,narodna_narodnjacka,Ti nik,PER
80f3d0f9c545,sfrj,narodna_narodnjacka,Ti nik,PER
80f3d0f9c545,sfrj,narodna_narodnjacka,Ti nik,PER
80f3d0f9c545,sfrj,narodna_narodnjacka,Ti nik,PER
80f3d0f9c545,sfrj,narodna_narodnjacka,Ti nik,PER
594c4b9a107b,sfrj,narodna_narodnjacka,Mjesecina,PER
594c4b9a107b,sfrj,narodna_narodnjacka,Mjese,PER
7ca2c32e86dc,sfrj,narodna_narodnjacka,Jedina,PER
9a48df38c404,sfrj,narodna_narodnjacka,Znas d,PER
5e5de403a551,sfrj,narodna_narodnjacka,Pitaces,ORG
5e5de403a551,sfrj,narodna_narodnjacka,Pitaces,ORG
d2b26c8fc04d,sfrj,narodna_narodnjacka,Kao s,PER
791533991365,sfrj,narodna_narodnjacka,Jo,ORG
791533991365,sfrj,narodna_narodnjacka,Jos samo,PER
791533991365,sfrj,narodna_narodnjacka,Jos samo,PER
791533991365,sfrj,narodna_narodnjacka,Jos samo,PER
70530fa49332,sfrj,narodna_narodnjacka,uce mozda v,LOC
70530fa49332,sfrj,narodna_narodnjacka,uce mozda v,LOC
ebc142ce8c00,sfrj,narodna_narodnjacka, sile,LOC
ebc142ce8c00,sfrj,narodna_narodnjacka,Neke mra,LOC
ebc142ce8c00,sfrj,narodna_narodnjacka,e sile,LOC
ebc142ce8c00,sfrj,narodna_narodnjacka,pusti,LOC
ebc142ce8c00,sfrj,narodna_narodnjacka, se sad,LOC
ebc142ce8c00,sfrj,narodna_narodnjacka,Neke mra,PER
ebc142ce8c00,sfrj,narodna_narodnjacka, sil,PER
ebc142ce8c00,sfrj,narodna_narodnjacka, sile,LOC
ebc142ce8c00,sfrj,narodna_narodnjacka,Neke ,PER
ebc142ce8c00,sfrj,narodna_narodnjacka,acne ,LOC
ebc142ce8c00,sfrj,narodna_narodnjacka,le sp,LOC
ebc142ce8c00,sfrj,narodna_narodnjacka,tile,LOC
ebc142ce8c00,sfrj,narodna_narodnjacka,"e sad
i",LOC
ebc142ce8c00,sfrj,narodna_narodnjacka,Neke mr,PER
ebc142ce8c00,sfrj,narodna_narodnjacka,e sile ,PER
ebc142ce8c00,sfrj,narodna_narodnjacka, sile,LOC
ebc142ce8c00,sfrj,narodna_narodnjacka,Neke mra,PER
ebc142ce8c00,sfrj,narodna_narodnjacka, sile,PER
ebc142ce8c00,sfrj,narodna_narodnjacka,pusti,PER
ebc142ce8c00,sfrj,narodna_narodnjacka, se sad,PER
ebc142ce8c00,sfrj,narodna_narodnjacka,ne si,LOC
ebc142ce8c00,sfrj,narodna_narodnjacka, sile,LOC
a92ae873a0aa,sfrj,narodna_narodnjacka,"m, ve",PER
a92ae873a0aa,sfrj,narodna_narodnjacka,isa,PER
a92ae873a0aa,sfrj,narodna_narodnjacka,"m, ve",PER
a92ae873a0aa,sfrj,narodna_narodnjacka,isa,PER
a92ae873a0aa,sfrj,narodna_narodnjacka,li sa,PER
a92ae873a0aa,sfrj,narodna_narodnjacka,ala,PER
a92ae873a0aa,sfrj,narodna_narodnjacka,li sa,PER
a92ae873a0aa,sfrj,narodna_narodnjacka,ala,PER
3ab07524eefe,sfrj,narodna_narodnjacka,Zensk,PER
3ab07524eefe,sfrj,narodna_narodnjacka,Zensk,PER
6d0032bfddf4,sfrj,narodna_narodnjacka,Mi ,LOC
52d389153ce0,sfrj,narodna_narodnjacka,Slavices,ORG
52d389153ce0,sfrj,narodna_narodnjacka,Slavices,ORG
ee349ebac785,sfrj,narodna_narodnjacka,Ne,ORG
ee349ebac785,sfrj,narodna_narodnjacka,Ne da ,PER
ee349ebac785,sfrj,narodna_narodnjacka,Ne,ORG
95e2d5cd660f,sfrj,narodna_narodnjacka,Mene n,PER
95e2d5cd660f,sfrj,narodna_narodnjacka,a pi,PER
8e9c7d2b667b,sfrj,narodna_narodnjacka,Vo,ORG
8e9c7d2b667b,sfrj,narodna_narodnjacka,Vo,ORG
8e9c7d2b667b,sfrj,narodna_narodnjacka,Volj,PER
035a338db336,sfrj,narodna_narodnjacka,Pi,ORG
9e50c9e3561b,sfrj,narodna_narodnjacka, svi,PER
9e50c9e3561b,sfrj,narodna_narodnjacka,a sa,PER
c6d79aea6a0a,sfrj,narodna_narodnjacka,si mi t,PER
eda4b6163d41,sfrj,narodna_narodnjacka,Pus,PER
27409a352313,sfrj,narodna_narodnjacka,Latif aga,PER
27409a352313,sfrj,narodna_narodnjacka,"Latif aga
",PER
27409a352313,sfrj,narodna_narodnjacka,Latif aga,PER
27409a352313,sfrj,narodna_narodnjacka,"Latif aga
",LOC
27409a352313,sfrj,narodna_narodnjacka,Put putuje ,PER
27409a352313,sfrj,narodna_narodnjacka,"utuje Latif aga
",ORG
27409a352313,sfrj,narodna_narodnjacka,"utuje Latif aga
",ORG
55c9e53934f8,sfrj,narodna_narodnjacka,Ub,ORG
55c9e53934f8,sfrj,narodna_narodnjacka, sta,PER
55c9e53934f8,sfrj,narodna_narodnjacka,Ub,ORG
55c9e53934f8,sfrj,narodna_narodnjacka, sta,PER
d27a70b296c8,sfrj,narodna_narodnjacka,Jesil,PER
d27a70b296c8,sfrj,narodna_narodnjacka,l’,LOC
d27a70b296c8,sfrj,narodna_narodnjacka,olan dol,LOC
d27a70b296c8,sfrj,narodna_narodnjacka,Jesil,PER
d27a70b296c8,sfrj,narodna_narodnjacka,il’ bol,PER
d27a70b296c8,sfrj,narodna_narodnjacka,Jesil,PER
d27a70b296c8,sfrj,narodna_narodnjacka, bola,PER
d27a70b296c8,sfrj,narodna_narodnjacka,Jesil’ b,LOC
d27a70b296c8,sfrj,narodna_narodnjacka,l’,LOC
d27a70b296c8,sfrj,narodna_narodnjacka,olan dol,LOC
d27a70b296c8,sfrj,narodna_narodnjacka,sil’ bolan do,LOC
341f5f4d99bd,sfrj,narodna_narodnjacka,Dosao si,PER
555992f4bc2c,sfrj,narodna_narodnjacka,smo m,PER
555992f4bc2c,sfrj,narodna_narodnjacka,pjesmo m,LOC
555992f4bc2c,sfrj,narodna_narodnjacka,Leti moja pje,LOC
555992f4bc2c,sfrj,narodna_narodnjacka,Leti moja pje,LOC
555992f4bc2c,sfrj,narodna_narodnjacka,jesmo mil,PER
555992f4bc2c,sfrj,narodna_narodnjacka,Leti moja pje,LOC
9e9edd41eff0,sfrj,narodna_narodnjacka,Najdrazi,LOC
9e9edd41eff0,sfrj,narodna_narodnjacka,Najdrazi,LOC
9e9edd41eff0,sfrj,narodna_narodnjacka,Najdrazi,LOC
9e9edd41eff0,sfrj,narodna_narodnjacka,Najdrazi mi gr,LOC
9e9edd41eff0,sfrj,narodna_narodnjacka,Najdrazi,LOC
807cf8097719,sfrj,narodna_narodnjacka,Sarajevo,LOC
807cf8097719,sfrj,narodna_narodnjacka,Sarajevo,LOC
807cf8097719,sfrj,narodna_narodnjacka,Sarajevo,LOC
807cf8097719,sfrj,narodna_narodnjacka,ajevo o,PER
807cf8097719,sfrj,narodna_narodnjacka,Sarajevo,LOC
807cf8097719,sfrj,narodna_narodnjacka,Sarajevo,LOC
494539395eaa,sfrj,narodna_narodnjacka,"na
n",PER
494539395eaa,sfrj,narodna_narodnjacka,"a
na",PER
21233895480e,sfrj,narodna_narodnjacka,Sjecas,ORG
2933a580d66a,sfrj,narodna_narodnjacka,Hej,PER
2933a580d66a,sfrj,narodna_narodnjacka,kad ,PER
ca69b49f8125,sfrj,narodna_narodnjacka,eher-Sara,PER
ca69b49f8125,sfrj,narodna_narodnjacka,her-Saraj,PER
ca69b49f8125,sfrj,narodna_narodnjacka,r-Saraj’vu,PER
ca69b49f8125,sfrj,narodna_narodnjacka,u seher-Saraj,LOC
ce8bfd6ca636,sfrj,narodna_narodnjacka,On,ORG
ce8bfd6ca636,sfrj,narodna_narodnjacka,On,ORG
d704164d8ca6,sfrj,narodna_narodnjacka,inov,PER
d704164d8ca6,sfrj,narodna_narodnjacka,Dala maj,PER
d704164d8ca6,sfrj,narodna_narodnjacka,sino,PER
06dc5fc7ff6e,sfrj,narodna_narodnjacka,Tr,ORG
06dc5fc7ff6e,sfrj,narodna_narodnjacka,Tr,ORG
ceff3563d35f,sfrj,narodna_narodnjacka,Oti,LOC
ceff3563d35f,sfrj,narodna_narodnjacka,Otis’o,ORG
93806bd1216d,sfrj,narodna_narodnjacka,Kol’ko,PER
93806bd1216d,sfrj,narodna_narodnjacka,"
Nema",PER
93806bd1216d,sfrj,narodna_narodnjacka,Ko,ORG
93806bd1216d,sfrj,narodna_narodnjacka,Kol’ko,PER
b38483473734,sfrj,narodna_narodnjacka,zasto s,PER
b575f7b84d87,sfrj,narodna_narodnjacka,Vo,ORG
b575f7b84d87,sfrj,narodna_narodnjacka,Vo,ORG
b575f7b84d87,sfrj,narodna_narodnjacka,Vo,ORG
b575f7b84d87,sfrj,narodna_narodnjacka,Vo,ORG
b575f7b84d87,sfrj,narodna_narodnjacka,Vol,LOC
5ef7965a10e6,sfrj,narodna_narodnjacka,Moz,LOC
5ef7965a10e6,sfrj,narodna_narodnjacka,Moz,LOC
c252a60fbbf0,sfrj,narodna_narodnjacka,svome htio,MISC
c252a60fbbf0,sfrj,narodna_narodnjacka, svome hti,MISC
c74ab3d7fc97,sfrj,narodna_narodnjacka,"danas
",PER
a29280846ee7,sfrj,narodna_narodnjacka,da s tobom nazd,LOC
6ed896c0f8c8,sfrj,narodna_narodnjacka,Hej,PER
6ed896c0f8c8,sfrj,narodna_narodnjacka,He,ORG
6ed896c0f8c8,sfrj,narodna_narodnjacka,"Hej, c",PER
6ed896c0f8c8,sfrj,narodna_narodnjacka,"Hej, c",PER
089e953ed12f,sfrj,narodna_narodnjacka,Od,ORG
338aed5ef2c0,sfrj,narodna_narodnjacka,bos,PER
338aed5ef2c0,sfrj,narodna_narodnjacka,bos,PER
66e7bcaad5a1,sfrj,narodna_narodnjacka,Ja,ORG
66e7bcaad5a1,sfrj,narodna_narodnjacka,Ja,ORG
c262f75c038c,sfrj,narodna_narodnjacka,Dosta,PER
f8f6756688f2,sfrj,narodna_narodnjacka,"Gordana,",PER
f8f6756688f2,sfrj,narodna_narodnjacka,"ko si
G",PER
c94c45d19a48,sfrj,narodna_narodnjacka,Grade mo,PER
c94c45d19a48,sfrj,narodna_narodnjacka,da li ti,LOC
05f4030fe649,sfrj,narodna_narodnjacka,Sve u me,PER
05f4030fe649,sfrj,narodna_narodnjacka, u m,PER
0d7cb823eaba,sfrj,narodna_narodnjacka,Ran,PER
0d7cb823eaba,sfrj,narodna_narodnjacka,Ran,PER
a1dc0060e313,sfrj,narodna_narodnjacka,Hiljad,ORG
a1dc0060e313,sfrj,narodna_narodnjacka,Hil,PER
a1dc0060e313,sfrj,narodna_narodnjacka,Hiljad,ORG
6bdc2053d7e2,sfrj,narodna_narodnjacka,Put,PER
5fee8b9a1048,sfrj,narodna_narodnjacka,Ako j,PER
5fee8b9a1048,sfrj,narodna_narodnjacka,Ako je ,PER
5fee8b9a1048,sfrj,narodna_narodnjacka,Ako j,PER
28728480a04e,sfrj,narodna_narodnjacka,Bas u vr,PER
acc430a7211d,sfrj,narodna_narodnjacka,"e meni, ",LOC
acc430a7211d,sfrj,narodna_narodnjacka, meni,LOC
acc430a7211d,sfrj,narodna_narodnjacka, meni,LOC
ff9bff364b5b,sfrj,narodna_narodnjacka,Ja,ORG
ff9bff364b5b,sfrj,narodna_narodnjacka,Ja zalim ,PER
ff9bff364b5b,sfrj,narodna_narodnjacka,Ja zalim ,PER
bc23495a4b81,sfrj,narodna_narodnjacka,Pešte,LOC
bc23495a4b81,sfrj,narodna_narodnjacka,Stambola,LOC
bc23495a4b81,sfrj,narodna_narodnjacka,Sve od ,PER
bc23495a4b81,sfrj,narodna_narodnjacka,Sve od,PER
bc23495a4b81,sfrj,narodna_narodnjacka,Sve od ,PER
7ba11e74a1e8,sfrj,narodna_narodnjacka,Poneka,ORG
7ba11e74a1e8,sfrj,narodna_narodnjacka,Poneka,ORG
847fc5cf7a97,sfrj,narodna_narodnjacka,Im,ORG
847fc5cf7a97,sfrj,narodna_narodnjacka,Ima,LOC
dcc57580249e,sfrj,narodna_narodnjacka,Cigani,PER
dcc57580249e,sfrj,narodna_narodnjacka,"Cigani
",PER
dcc57580249e,sfrj,narodna_narodnjacka,Stari,PER
dcc57580249e,sfrj,narodna_narodnjacka,"i
Opasn",PER
dcc57580249e,sfrj,narodna_narodnjacka, Cigan,PER
5712572ace00,sfrj,narodna_narodnjacka,Tamo ,PER
c649d69299cc,sfrj,narodna_narodnjacka,Ne slu,PER
55b05929849b,sfrj,narodna_narodnjacka,Mozda ,PER
c29a7ba047c4,sfrj,narodna_narodnjacka,Sunce,PER
da329b709bad,sfrj,narodna_narodnjacka,Zapjevaj,PER
724514cf8f53,sfrj,narodna_narodnjacka,sve ove ,PER
a6aa5573aad7,sfrj,narodna_narodnjacka,Prodje,PER
a6aa5573aad7,sfrj,narodna_narodnjacka, ta hl,PER
a6aa5573aad7,sfrj,narodna_narodnjacka,na dug,PER
a6aa5573aad7,sfrj,narodna_narodnjacka,adna d,PER
a6aa5573aad7,sfrj,narodna_narodnjacka,Prodje i ,PER
7387c3c89a50,sfrj,narodna_narodnjacka,Žao mi ,ORG
2cda819619a3,sfrj,narodna_narodnjacka,Mnogi ,PER
2cda819619a3,sfrj,narodna_narodnjacka,Mnogi,PER
a2f0fb038a82,sfrj,narodna_narodnjacka,"sam,",PER
a2f0fb038a82,sfrj,narodna_narodnjacka, je Vi,PER
a2f0fb038a82,sfrj,narodna_narodnjacka,Gledao sam,PER
a2f0fb038a82,sfrj,narodna_narodnjacka, sam,PER
a2f0fb038a82,sfrj,narodna_narodnjacka, je Vi,PER
a2f0fb038a82,sfrj,narodna_narodnjacka,e Vila,PER
a2f0fb038a82,sfrj,narodna_narodnjacka,Gledao ,PER
4ddf666b303b,sfrj,narodna_narodnjacka,Zapadu,LOC
4ddf666b303b,sfrj,narodna_narodnjacka,Zapadu nista novo,LOC
4ddf666b303b,sfrj,narodna_narodnjacka,du ni,LOC
4ddf666b303b,sfrj,narodna_narodnjacka,"novo
Na",LOC
4ddf666b303b,sfrj,narodna_narodnjacka,ta nov,LOC
4ddf666b303b,sfrj,narodna_narodnjacka,"ovo
Na",LOC
e45cf1b08ff3,sfrj,narodna_narodnjacka,Hajde,PER
27b248afcbc2,sfrj,narodna_narodnjacka,Otisla si,ORG
27b248afcbc2,sfrj,narodna_narodnjacka,Otisla si,ORG
e2d1ec2f921f,sfrj,narodna_narodnjacka,Posl,PER
0e8327df4127,sfrj,narodna_narodnjacka,da ,PER
98b42f6f825a,sfrj,narodna_narodnjacka,Stani no,PER
76d6caf183e6,sfrj,narodna_narodnjacka,Nekad s,ORG
fd9ea46cf4fd,sfrj,narodna_narodnjacka,Neg,PER
fd9ea46cf4fd,sfrj,narodna_narodnjacka,Neg,PER
e5bf3e1a3396,sfrj,narodna_narodnjacka,raspl,PER
44a3d362b4e8,sfrj,narodna_narodnjacka,Ljuba,PER
44a3d362b4e8,sfrj,narodna_narodnjacka,Ljubav,PER
e6613c1e3da5,sfrj,narodna_narodnjacka,"a
Ti s",PER
e6613c1e3da5,sfrj,narodna_narodnjacka,Ti,ORG
baa3fb88e66b,sfrj,narodna_narodnjacka,Zar za me,PER
f5f9fd7ec6e9,sfrj,narodna_narodnjacka,Ori,PER
f5f9fd7ec6e9,sfrj,narodna_narodnjacka,"Orilo, g",PER
f5f9fd7ec6e9,sfrj,narodna_narodnjacka,as ,PER
c56543783677,sfrj,narodna_narodnjacka,Pitaju ,PER
c56543783677,sfrj,narodna_narodnjacka,Pitaju m,PER
7b45dd53f112,sfrj,narodna_narodnjacka,Jos se ,PER
4f4b203678a6,sfrj,narodna_narodnjacka, mn,PER
1037d33eb38e,sfrj,narodna_narodnjacka,Rastaje,PER
1037d33eb38e,sfrj,narodna_narodnjacka,Ra,ORG
1037d33eb38e,sfrj,narodna_narodnjacka,Ra,ORG
cae55cebdfe1,sfrj,narodna_narodnjacka,Proklet,PER
cae55cebdfe1,sfrj,narodna_narodnjacka,Pr,ORG
da01098a12c2,sfrj,narodna_narodnjacka,Gdj,LOC
da01098a12c2,sfrj,narodna_narodnjacka,Gdj,LOC
e5bdef4b3171,sfrj,narodna_narodnjacka,Vidim ,PER
e5bdef4b3171,sfrj,narodna_narodnjacka,Vidim ,PER
45cb8f891373,sfrj,narodna_narodnjacka,"Prolazi,",PER
8042e5845cf9,sfrj,narodna_narodnjacka,jednu zenu,PER
8042e5845cf9,sfrj,narodna_narodnjacka,jedn,PER
b6a6b08e28a5,sfrj,narodna_narodnjacka,St,ORG
b6a6b08e28a5,sfrj,narodna_narodnjacka,jelo,PER
b6a6b08e28a5,sfrj,narodna_narodnjacka,St,ORG
f0d3b8c93344,sfrj,narodna_narodnjacka,Sarajevo,LOC
f0d3b8c93344,sfrj,narodna_narodnjacka,Sarajevo,LOC
f0d3b8c93344,sfrj,narodna_narodnjacka,"Sarajevo, g",PER
f0d3b8c93344,sfrj,narodna_narodnjacka,Sarajevo,LOC
f0d3b8c93344,sfrj,narodna_narodnjacka,grade mo,LOC
f0d3b8c93344,sfrj,narodna_narodnjacka,"Sarajevo, g",PER
f0d3b8c93344,sfrj,narodna_narodnjacka,"Sarajevo, g",PER
f0d3b8c93344,sfrj,narodna_narodnjacka,Sara,PER
f0d3b8c93344,sfrj,narodna_narodnjacka,Sarajevo,LOC
d87e74ee7a5e,sfrj,narodna_narodnjacka,"irise
Dok se bud",PER
d87e74ee7a5e,sfrj,narodna_narodnjacka,iris,PER
4f2d7ec7c7c5,sfrj,narodna_narodnjacka,U avli,PER
4f2d7ec7c7c5,sfrj,narodna_narodnjacka,U avli,PER
76c323200f30,sfrj,narodna_narodnjacka,Sjecam se,PER
76c323200f30,sfrj,narodna_narodnjacka,Sje,PER
76c323200f30,sfrj,narodna_narodnjacka,Sjecam se,PER
76c323200f30,sfrj,narodna_narodnjacka,Sje,PER
76c323200f30,sfrj,narodna_narodnjacka,Sjecam se,PER
76c323200f30,sfrj,narodna_narodnjacka,Sje,PER
9fab504e141a,sfrj,narodna_narodnjacka,istra,LOC
9fab504e141a,sfrj,narodna_narodnjacka,istra,LOC
7dcacaa4e9fb,sfrj,narodna_narodnjacka,Snjeg,PER
e7ac413bf6cc,sfrj,narodna_narodnjacka,ma stigl,LOC
e7ac413bf6cc,sfrj,narodna_narodnjacka,", evo
Hl",PER
e7ac413bf6cc,sfrj,narodna_narodnjacka,o moja,PER
a8ac2653c26b,sfrj,narodna_narodnjacka,"sec
Pol",PER
a8ac2653c26b,sfrj,narodna_narodnjacka,Sre,PER
294bf687f240,sfrj,narodna_narodnjacka,Tvoj p,PER
d5c98b286015,sfrj,narodna_narodnjacka,Visoka,PER
d5c98b286015,sfrj,narodna_narodnjacka,Visoka,PER
fd34dcb7b86f,sfrj,narodna_narodnjacka,Su,ORG
b67affbfbf02,sfrj,narodna_narodnjacka,Ti si m,PER
b67affbfbf02,sfrj,narodna_narodnjacka,Ti si m,PER
b67affbfbf02,sfrj,narodna_narodnjacka,pje,PER
b67affbfbf02,sfrj,narodna_narodnjacka,pje,PER
b67affbfbf02,sfrj,narodna_narodnjacka,Ti si m,PER
b7a64679f1d2,sfrj,narodna_narodnjacka,Sva,LOC
54eb6f2598b9,sfrj,narodna_narodnjacka,Zaljubih,PER
54eb6f2598b9,sfrj,narodna_narodnjacka,Zal,PER
a707c3f6d327,sfrj,narodna_narodnjacka,Necu ,PER
a707c3f6d327,sfrj,narodna_narodnjacka,Necu da,PER
a707c3f6d327,sfrj,narodna_narodnjacka,Ne,ORG
a707c3f6d327,sfrj,narodna_narodnjacka,Necu da,PER
a707c3f6d327,sfrj,narodna_narodnjacka,Ne,ORG
c9eb938222dd,sfrj,narodna_narodnjacka,Vo,ORG
c770f8ffdad1,sfrj,narodna_narodnjacka,Sesn’est,PER
2fb613e46879,sfrj,narodna_narodnjacka,"
Ne ",PER
2fb613e46879,sfrj,narodna_narodnjacka,susk,PER
2fb613e46879,sfrj,narodna_narodnjacka,ju s,ORG
2fb613e46879,sfrj,narodna_narodnjacka,Ne c,PER
2fb613e46879,sfrj,narodna_narodnjacka,Ne cuju se ,PER
501aa83fe6e2,sfrj,narodna_narodnjacka,ije m,LOC
501aa83fe6e2,sfrj,narodna_narodnjacka,e sre,LOC
501aa83fe6e2,sfrj,narodna_narodnjacka, mal,LOC
501aa83fe6e2,sfrj,narodna_narodnjacka,"e malo
Nebi ",LOC
654b9e39a8e2,sfrj,narodna_narodnjacka,Nem,LOC
7a374bce43ff,sfrj,narodna_narodnjacka,Nisam ,PER
7a374bce43ff,sfrj,narodna_narodnjacka,Nisam,PER
7a374bce43ff,sfrj,narodna_narodnjacka,Nisam z,PER
224380fd226c,sfrj,narodna_narodnjacka,Mnogo ,ORG
34e2eec8fba7,sfrj,narodna_narodnjacka,Nes,LOC
6097727b19c5,sfrj,narodna_narodnjacka,", zima j",LOC
6097727b19c5,sfrj,narodna_narodnjacka," je, ",LOC
6097727b19c5,sfrj,narodna_narodnjacka,de se,LOC
6097727b19c5,sfrj,narodna_narodnjacka," je, ",LOC
6097727b19c5,sfrj,narodna_narodnjacka,de se,LOC
6097727b19c5,sfrj,narodna_narodnjacka,"ma je, srca ",LOC
6097727b19c5,sfrj,narodna_narodnjacka,de se,LOC
38f7b0a7d266,sfrj,narodna_narodnjacka,Ov,ORG
3b2c6f2a261f,sfrj,narodna_narodnjacka,Razboljeh,PER
3b2c6f2a261f,sfrj,narodna_narodnjacka,Razbolj,ORG
73f797c22167,sfrj,narodna_narodnjacka,Zumbu,PER
f4394dc44cd9,tranzicija,turbo_folk,Ne vi,PER
56ecc660a175,tranzicija,turbo_folk,Beograd,LOC
56ecc660a175,tranzicija,turbo_folk, za jeda,LOC
2a9eaf3c88f7,tranzicija,turbo_folk,Zn,ORG
2a9eaf3c88f7,tranzicija,turbo_folk,Zn,ORG
2a9eaf3c88f7,tranzicija,turbo_folk,Zn,ORG
a2ab75ebb784,tranzicija,turbo_folk,Iste,PER
ab580370248a,tranzicija,turbo_folk,Ja malen,PER
2ba7a7323c72,tranzicija,turbo_folk,zove zeml,PER
9ef8c6106bd0,tranzicija,turbo_folk,li na ,LOC
9ef8c6106bd0,tranzicija,turbo_folk,Mis,LOC
9ef8c6106bd0,tranzicija,turbo_folk,Mislis l,PER
9ef8c6106bd0,tranzicija,turbo_folk,Mislis ,PER
09d1bf46a1d6,tranzicija,turbo_folk,Tebi,PER
7329e61cf1da,tranzicija,turbo_folk,Kosu,PER
7329e61cf1da,tranzicija,turbo_folk,Kosu,PER
7329e61cf1da,tranzicija,turbo_folk,Kosu,PER
816ddf663780,tranzicija,turbo_folk,Ne znam s,PER
816ddf663780,tranzicija,turbo_folk,Ne znam s,PER
cc015624ae32,tranzicija,turbo_folk,Bile smo ,PER
5570575bfe4f,tranzicija,turbo_folk,Na,ORG
5570575bfe4f,tranzicija,turbo_folk,Na svetu postoji,PER
5570575bfe4f,tranzicija,turbo_folk,nogo ,ORG
5570575bfe4f,tranzicija,turbo_folk,epih stv,PER
5570575bfe4f,tranzicija,turbo_folk,Na,ORG
0b37196653cb,tranzicija,turbo_folk,"Eto, e",PER
0b37196653cb,tranzicija,turbo_folk,"Eto, ",PER
570b7161f358,tranzicija,turbo_folk,Parizu,LOC
570b7161f358,tranzicija,turbo_folk, te voli,LOC
570b7161f358,tranzicija,turbo_folk,u Pariz,LOC
570b7161f358,tranzicija,turbo_folk,lim cak,LOC
570b7161f358,tranzicija,turbo_folk,ariz,LOC
e42dbcc1679b,tranzicija,turbo_folk,Nez,PER
e42dbcc1679b,tranzicija,turbo_folk,Nez,PER
e42dbcc1679b,tranzicija,turbo_folk,Neznos,PER
8f3784c65c90,tranzicija,turbo_folk,Zeljko,PER
8f3784c65c90,tranzicija,turbo_folk,Zelj,PER
23eb08bc3ff8,tranzicija,turbo_folk,Zagrli m,PER
23eb08bc3ff8,tranzicija,turbo_folk,Zagrli m,PER
5e4c56d715e8,tranzicija,turbo_folk,Bio s,PER
5e4c56d715e8,tranzicija,turbo_folk,Bio s,PER
ea9c9b7a5406,tranzicija,turbo_folk,Licis,PER
ea9c9b7a5406,tranzicija,turbo_folk,Li,PER
ea9c9b7a5406,tranzicija,turbo_folk,majc,PER
ea9c9b7a5406,tranzicija,turbo_folk,Licis,PER
ea9c9b7a5406,tranzicija,turbo_folk,na ,PER
ea9c9b7a5406,tranzicija,turbo_folk,Licis,PER
ea9c9b7a5406,tranzicija,turbo_folk,Li,PER
ea9c9b7a5406,tranzicija,turbo_folk,majc,PER
86984413f957,tranzicija,turbo_folk,Manta,PER
86984413f957,tranzicija,turbo_folk,Manta,PER
5b1e7726658f,tranzicija,turbo_folk,Ziv,PER
5b1e7726658f,tranzicija,turbo_folk,sve,PER
5b1e7726658f,tranzicija,turbo_folk,Ziv,PER
5b1e7726658f,tranzicija,turbo_folk,sve,PER
5b1e7726658f,tranzicija,turbo_folk,ve,PER
ca9b80464e50,tranzicija,turbo_folk,Ustajem n,PER
b1ca813c71ec,tranzicija,turbo_folk," san,
",LOC
5796f4f253c7,tranzicija,turbo_folk,No,ORG
7c66179023ef,tranzicija,turbo_folk,Pazi ,PER
17acf48d729d,tranzicija,turbo_folk,"oga lica znak
",MISC
80d2d6e90d1c,tranzicija,turbo_folk,Ej,PER
80d2d6e90d1c,tranzicija,turbo_folk,z,ORG
e90551e623bd,tranzicija,turbo_folk,On,ORG
552314e2697d,tranzicija,turbo_folk,e gledas ,PER
bacae950d962,tranzicija,turbo_folk,U sup,PER
a6e6053e546c,tranzicija,turbo_folk,Nana,PER
a6e6053e546c,tranzicija,turbo_folk,Nana,PER
6e8613ae3854,tranzicija,turbo_folk,mo s,PER
6e8613ae3854,tranzicija,turbo_folk,smo ,PER
6e8613ae3854,tranzicija,turbo_folk,smo ,PER
85719cf97dd4,tranzicija,turbo_folk,Iz tasn,PER
c22665b2e6af,tranzicija,turbo_folk,"as
",PER
f924308d8317,tranzicija,turbo_folk,i se,PER
3747fe34aaf4,tranzicija,turbo_folk,Zadrzacu,PER
3747fe34aaf4,tranzicija,turbo_folk,Zadrzacu,PER
3747fe34aaf4,tranzicija,turbo_folk,Zadrzacu,PER
8ae64a5e9f64,tranzicija,turbo_folk,Osv,PER
8ae64a5e9f64,tranzicija,turbo_folk,Os,ORG
3f006c110f5b,tranzicija,turbo_folk,nisam ni vid,MISC
ee8f4aa6a789,tranzicija,turbo_folk," se,",PER
ee8f4aa6a789,tranzicija,turbo_folk,Secam se,PER
4329276b8548,tranzicija,turbo_folk,Budi,PER
5cd43348d3a5,tranzicija,turbo_folk,Moje ,PER
63e0b0e14ace,tranzicija,turbo_folk,Umest,PER
8642e4593bda,tranzicija,turbo_folk,Ra,ORG
8642e4593bda,tranzicija,turbo_folk,Ra,ORG
1ea31a5e6b53,tranzicija,turbo_folk,Ide,PER
1ea31a5e6b53,tranzicija,turbo_folk,Ide,PER
1ea31a5e6b53,tranzicija,turbo_folk,Ide,PER
1ea31a5e6b53,tranzicija,turbo_folk,Ide,PER
1ea31a5e6b53,tranzicija,turbo_folk,Ide,PER
1ea31a5e6b53,tranzicija,turbo_folk,Ide,PER
1ea31a5e6b53,tranzicija,turbo_folk,Ide,PER
ef7272ae9a23,tranzicija,turbo_folk,Haljinica,PER
1ae7900a0943,tranzicija,turbo_folk,Okrec,ORG
bcf62c2e6f95,tranzicija,turbo_folk,ras,MISC
a22918668259,tranzicija,turbo_folk, sv,PER
21059ea238a8,tranzicija,turbo_folk,Ne,ORG
5ba0fba43e44,tranzicija,turbo_folk,utam grado,MISC
5ba0fba43e44,tranzicija,turbo_folk,utam grado,MISC
5ba0fba43e44,tranzicija,turbo_folk,utam grado,MISC
a6bafa836515,tranzicija,turbo_folk,Re,ORG
6a19d0b65e4d,tranzicija,turbo_folk,Od,ORG
6a19d0b65e4d,tranzicija,turbo_folk,Od,ORG
6a19d0b65e4d,tranzicija,turbo_folk,Od,ORG
e68f14f0b65b,tranzicija,turbo_folk,Odk,LOC
a52a699e19a9,tranzicija,turbo_folk,Ljubav,PER
a52a699e19a9,tranzicija,turbo_folk,Ljubav,PER
777f270650dc,tranzicija,turbo_folk,Prva ,DERIV-PER
eecc6537f2e3,tranzicija,turbo_folk,S’,ORG
eecc6537f2e3,tranzicija,turbo_folk,S’,ORG
ae2614528e2f,tranzicija,turbo_folk,Nis,PER
7adf2e27aaa4,tranzicija,turbo_folk,Zbogo,PER
7adf2e27aaa4,tranzicija,turbo_folk,zlato,PER
7adf2e27aaa4,tranzicija,turbo_folk,Zbogo,PER
7adf2e27aaa4,tranzicija,turbo_folk,Zbogo,PER
f2b4bbcf5eb4,tranzicija,turbo_folk,Bicu,PER
f2b4bbcf5eb4,tranzicija,turbo_folk,Bicu i,PER
f2b4bbcf5eb4,tranzicija,turbo_folk,Bicu ,PER
5708733c1f3a,tranzicija,turbo_folk,rokl,PER
5708733c1f3a,tranzicija,turbo_folk, da,PER
86f65896afa7,tranzicija,turbo_folk,Sama u,PER
1ec78f902977,tranzicija,turbo_folk,Boze moj,PER
313938768e89,tranzicija,turbo_folk,Nisi,PER
66a48bbc98c1,tranzicija,turbo_folk,Zajecalo ,PER
2b914e4498fa,tranzicija,turbo_folk,Januar,PER
2b914e4498fa,tranzicija,turbo_folk,Ne volim,PER
2b914e4498fa,tranzicija,turbo_folk,e voli,PER
2b914e4498fa,tranzicija,turbo_folk,"anuar
",PER
3f6721908002,tranzicija,turbo_folk,Sladjano,PER
3f6721908002,tranzicija,turbo_folk,Sladjano,PER
3f6721908002,tranzicija,turbo_folk,Sladjano,PER
c3fa907edbfc,tranzicija,turbo_folk,"uso
N",MISC
6fcf4192af53,tranzicija,turbo_folk, jutarn,PER
4fe840f1b068,tranzicija,turbo_folk,gde ,PER
652d1f36abb1,tranzicija,turbo_folk,Duga no,PER
652d1f36abb1,tranzicija,turbo_folk,Duga,PER
8667c834a7b2,tranzicija,turbo_folk,Ka,ORG
97e1a62d9bcc,tranzicija,turbo_folk,Hej,PER
97e1a62d9bcc,tranzicija,turbo_folk,Hej,PER
45ef24f1003a,tranzicija,turbo_folk,Zalj,PER
d1d7d7021b79,tranzicija,turbo_folk,Ide,LOC
d1d7d7021b79,tranzicija,turbo_folk,Ide,LOC
fdf1e3f0cc6d,tranzicija,turbo_folk,Jednu s,PER
2a8bfde18e5f,tranzicija,turbo_folk,Ziv,PER
2a8bfde18e5f,tranzicija,turbo_folk,Ziv,PER
ebadd8c6ef69,tranzicija,turbo_folk,Monte Carlo,LOC
ebadd8c6ef69,tranzicija,turbo_folk,Montenegro,LOC
ebadd8c6ef69,tranzicija,turbo_folk,ija Mon,PER
4eee14978b49,tranzicija,turbo_folk,Borbene f,PER
4eee14978b49,tranzicija,turbo_folk,"e, ",ORG
4eee14978b49,tranzicija,turbo_folk,rbena m,LOC
4eee14978b49,tranzicija,turbo_folk,"te, borbe",ORG
4eee14978b49,tranzicija,turbo_folk,e fe,PER
4eee14978b49,tranzicija,turbo_folk,e brate,MISC
4eee14978b49,tranzicija,turbo_folk,"e, borben",PER
4eee14978b49,tranzicija,turbo_folk,ene fe,LOC
4eee14978b49,tranzicija,turbo_folk, brat,ORG
4eee14978b49,tranzicija,turbo_folk,lne ,LOC
4eee14978b49,tranzicija,turbo_folk,"asina
",LOC
4eee14978b49,tranzicija,turbo_folk,ene fe,LOC
4eee14978b49,tranzicija,turbo_folk,"e brate, borbe",ORG
4eee14978b49,tranzicija,turbo_folk, masina,MISC
4eee14978b49,tranzicija,turbo_folk,spod s,MISC
646c0504d17c,tranzicija,turbo_folk,Sad,LOC
b40529765791,tranzicija,turbo_folk, se ,ORG
b515812be036,tranzicija,turbo_folk,am se ,PER
b515812be036,tranzicija,turbo_folk,lonila,PER
b515812be036,tranzicija,turbo_folk,Sa kiš,PER
b515812be036,tranzicija,turbo_folk,sam se,PER
b515812be036,tranzicija,turbo_folk,klonil,PER
b515812be036,tranzicija,turbo_folk,am se ,PER
b515812be036,tranzicija,turbo_folk,lonila,PER
b515812be036,tranzicija,turbo_folk,Sa kiš,PER
b515812be036,tranzicija,turbo_folk,sam se,PER
b515812be036,tranzicija,turbo_folk,klonil,PER
5811eba79bf9,tranzicija,turbo_folk,Č,ORG
4169131ddc54,tranzicija,turbo_folk,vracaju se,LOC
4169131ddc54,tranzicija,turbo_folk,sle god,LOC
0226f917dce6,tranzicija,turbo_folk,Dok te ,LOC
0226f917dce6,tranzicija,turbo_folk,bi o,LOC
0226f917dce6,tranzicija,turbo_folk,Dok te ,LOC
e858a42c9433,tranzicija,turbo_folk,Kol,LOC
84a3427d5f2f,tranzicija,turbo_folk,Dub,LOC
84a3427d5f2f,tranzicija,turbo_folk,Duboka je,LOC
84a3427d5f2f,tranzicija,turbo_folk,Duboka,PER
84a3427d5f2f,tranzicija,turbo_folk,Du,ORG
84a3427d5f2f,tranzicija,turbo_folk,Dub,LOC
9ddba214d99e,tranzicija,turbo_folk, filmu,PER
9ddba214d99e,tranzicija,turbo_folk,loga,LOC
9ddba214d99e,tranzicija,turbo_folk,loga,LOC
9ddba214d99e,tranzicija,turbo_folk,U ,ORG
9ddba214d99e,tranzicija,turbo_folk, je trul,LOC
9ddba214d99e,tranzicija,turbo_folk,trulog,LOC
9ddba214d99e,tranzicija,turbo_folk,U ,ORG
6e1fd9e47c0e,tranzicija,turbo_folk,Volim,PER
531a31955a2b,tranzicija,turbo_folk, mi,PER
7ece8a8a4cf7,tranzicija,turbo_folk,Nasa l,PER
7ece8a8a4cf7,tranzicija,turbo_folk,Nasa lj,PER
4091d9e22665,tranzicija,turbo_folk,Mr,ORG
d55019a82a31,tranzicija,turbo_folk,Drugarice,PER
5cb3f04b1a7e,tranzicija,turbo_folk,Gde si ,ORG
5cb3f04b1a7e,tranzicija,turbo_folk,Gde si ,ORG
30b7d396d82b,tranzicija,turbo_folk,Ti,ORG
b94b9777640a,tranzicija,turbo_folk,Usa,PER
e01a8bb7f107,tranzicija,turbo_folk,Ov,ORG
700f291b4c61,tranzicija,turbo_folk,Ht,ORG
700f291b4c61,tranzicija,turbo_folk,Ht,ORG
700f291b4c61,tranzicija,turbo_folk,Htela sa,PER
33ab83780cc7,tranzicija,turbo_folk, dod,PER
33ab83780cc7,tranzicija,turbo_folk,Kad dja,PER
33ab83780cc7,tranzicija,turbo_folk, dod,PER
33ab83780cc7,tranzicija,turbo_folk,Kad dja,PER
33ab83780cc7,tranzicija,turbo_folk,Kad djavo,ORG
bf573df32ac9,tranzicija,turbo_folk,Da li ,ORG
ba2b10853668,tranzicija,turbo_folk,Jo,ORG
ba2b10853668,tranzicija,turbo_folk,Jo,ORG
8b8089750ee3,tranzicija,turbo_folk,Dok p,LOC
8b8089750ee3,tranzicija,turbo_folk,Dok p,LOC
dfdb9a229cb8,tranzicija,turbo_folk,Dala s,PER
dfdb9a229cb8,tranzicija,turbo_folk,Dal,LOC
44e35935133b,tranzicija,turbo_folk,Od,ORG
7c0907ae3334,tranzicija,turbo_folk,pet d,PER
7c0907ae3334,tranzicija,turbo_folk, pet do,LOC
7c0907ae3334,tranzicija,turbo_folk,pet d,PER
7c0907ae3334,tranzicija,turbo_folk, pet do,LOC
26e30ab03c5e,tranzicija,turbo_folk,Da moze,PER
c209bf91dfaa,tranzicija,turbo_folk,otopi,PER
c209bf91dfaa,tranzicija,turbo_folk, moj,PER
8ec58ae5c7ae,tranzicija,turbo_folk,Hej,PER
8ec58ae5c7ae,tranzicija,turbo_folk,polak,PER
8ec58ae5c7ae,tranzicija,turbo_folk,Hej,PER
524c25a4e188,tranzicija,turbo_folk,Slucajno s,PER
c398aea39a8d,tranzicija,turbo_folk,Le,ORG
ff2a9843a4d7,tranzicija,turbo_folk,Lopov,PER
ff2a9843a4d7,tranzicija,turbo_folk,Lopov,PER
f6e28b991f24,tranzicija,turbo_folk, da,PER
f6e28b991f24,tranzicija,turbo_folk,Znas da v,PER
4e504b6aa526,tranzicija,turbo_folk,Nem,LOC
4e504b6aa526,tranzicija,turbo_folk,Nem,LOC
63ce9069a7fa,tranzicija,turbo_folk,Tu ma fe,PER
63ce9069a7fa,tranzicija,turbo_folk,Tu,ORG
63ce9069a7fa,tranzicija,turbo_folk,Tu,ORG
63ce9069a7fa,tranzicija,turbo_folk,Tu ma ferm,PER
63ce9069a7fa,tranzicija,turbo_folk,Tu ma fe,PER
63ce9069a7fa,tranzicija,turbo_folk,Tu,ORG
63ce9069a7fa,tranzicija,turbo_folk,Tu,ORG
27f835b20fdf,tranzicija,turbo_folk,Ja ,LOC
0244efd131de,tranzicija,turbo_folk,Pit,PER
c1c159180ba7,tranzicija,turbo_folk,Ne,ORG
c1c159180ba7,tranzicija,turbo_folk,Ne,ORG
80cd5844796d,tranzicija,turbo_folk,Na,ORG
80cd5844796d,tranzicija,turbo_folk,Na polju k,PER
d5b69ad8c99b,tranzicija,turbo_folk," me
Nek m",MISC
b5bcfb815707,tranzicija,turbo_folk,Kunem ti,PER
b5bcfb815707,tranzicija,turbo_folk,Kunem ,PER
b5bcfb815707,tranzicija,turbo_folk,Kunem t,PER
b5bcfb815707,tranzicija,turbo_folk,Kunem ,ORG
68dac69571be,tranzicija,turbo_folk,Sve ,MISC
100568b2bd97,tranzicija,turbo_folk,Krenimo ,PER
df2a8a1fbfeb,tranzicija,turbo_folk,Po,ORG
f995e50d5ba5,tranzicija,turbo_folk,Pij,PER
f995e50d5ba5,tranzicija,turbo_folk,Pij,PER
b1b6149ddd90,tranzicija,turbo_folk,Pl,ORG
b1b6149ddd90,tranzicija,turbo_folk,Pl,ORG
b1b6149ddd90,tranzicija,turbo_folk,Pl,ORG
cd317e353dc6,tranzicija,turbo_folk,Nemas n,PER
8273622086b2,tranzicija,turbo_folk,Ostavila r,PER
5957ce09270b,tranzicija,turbo_folk,Nisa,PER
5957ce09270b,tranzicija,turbo_folk,am navikl,MISC
5957ce09270b,tranzicija,turbo_folk,Nis,LOC
885f6327b263,tranzicija,turbo_folk,Sve su zen,PER
c43ef743f803,tranzicija,turbo_folk,Lazu,PER
c43ef743f803,tranzicija,turbo_folk,Lazu,PER
c43ef743f803,tranzicija,turbo_folk,Lazu t,PER
c43ef743f803,tranzicija,turbo_folk,Lazu,PER
c43ef743f803,tranzicija,turbo_folk,Lazu,PER
c43ef743f803,tranzicija,turbo_folk,Lazu,PER
c43ef743f803,tranzicija,turbo_folk,Lazu te,ORG
c43ef743f803,tranzicija,turbo_folk,Lazu,PER
2be64bf6d46f,tranzicija,turbo_folk,"tu je,",PER
2be64bf6d46f,tranzicija,turbo_folk,e smo kri,PER
2be64bf6d46f,tranzicija,turbo_folk,", ob",PER
72231c6a2e8a,tranzicija,turbo_folk,musko,PER
72231c6a2e8a,tranzicija,turbo_folk,Kakav ,PER
72231c6a2e8a,tranzicija,turbo_folk,Kakav go,PER
72231c6a2e8a,tranzicija,turbo_folk,Kaka,PER
68e5424ebcf4,tranzicija,turbo_folk,Sp,ORG
f962b9b2a3f2,tranzicija,turbo_folk,Mili rod,PER
f962b9b2a3f2,tranzicija,turbo_folk,nas ,PER
459aaa902f0b,tranzicija,turbo_folk,"oc,",PER
c8a8d4e19d75,tranzicija,turbo_folk,Sv,ORG
af07ef792d89,tranzicija,turbo_folk,Bil,LOC
af07ef792d89,tranzicija,turbo_folk,Bi,ORG
c8f9c0d8a5e8,tranzicija,turbo_folk,Nikada,PER
3b9a40d10b8a,tranzicija,turbo_folk,Ne bile,PER
3b9a40d10b8a,tranzicija,turbo_folk,e suz,PER
ccf9ee81ed16,tranzicija,turbo_folk,Ja,ORG
ccf9ee81ed16,tranzicija,turbo_folk,Ja,ORG
ef7ce0772be9,tranzicija,turbo_folk,Ver,LOC
906e155ac9bd,tranzicija,turbo_folk,"ene
",PER
b424cc4960f6,tranzicija,turbo_folk,Mozes li,PER
b424cc4960f6,tranzicija,turbo_folk,Moz,LOC
16ac5434d9fc,tranzicija,turbo_folk,Odv,LOC
16ac5434d9fc,tranzicija,turbo_folk,Odv,LOC
16ac5434d9fc,tranzicija,turbo_folk,Odv,LOC
eab9484fecce,tranzicija,turbo_folk,Zavodnica,PER
eab9484fecce,tranzicija,turbo_folk,"Zavodnica,",PER
eab9484fecce,tranzicija,turbo_folk,Zavodnic,PER
65b04ea38224,tranzicija,turbo_folk,Jeftino sam p,PER
c2371cd15a3f,tranzicija,turbo_folk,U b,ORG
c2371cd15a3f,tranzicija,turbo_folk,U bo,PER
c2371cd15a3f,tranzicija,turbo_folk,U ,ORG
c2371cd15a3f,tranzicija,turbo_folk,U b,ORG
c2371cd15a3f,tranzicija,turbo_folk,U b,ORG
bb25125b22eb,tranzicija,turbo_folk,jos jednu zelju,MISC
bb25125b22eb,tranzicija,turbo_folk,Da,ORG
9ab170bc92bd,tranzicija,turbo_folk,Za,ORG
9ab170bc92bd,tranzicija,turbo_folk,Za,ORG
4cc40da51dc3,tranzicija,turbo_folk,Ope,LOC
4cc40da51dc3,tranzicija,turbo_folk,Ope,LOC
4cc40da51dc3,tranzicija,turbo_folk,Ope,LOC
d43707bcfa08,tranzicija,turbo_folk,lin,PER
d43707bcfa08,tranzicija,turbo_folk,lin,PER
d43707bcfa08,tranzicija,turbo_folk,lin,PER
d43707bcfa08,tranzicija,turbo_folk,lin,PER
d542f389ff93,tranzicija,turbo_folk,Nase,PER
d542f389ff93,tranzicija,turbo_folk,Na,ORG
d542f389ff93,tranzicija,turbo_folk,Na,ORG
af6526f9ef8c,tranzicija,turbo_folk,Nu,ORG
af6526f9ef8c,tranzicija,turbo_folk,zve,PER
af6526f9ef8c,tranzicija,turbo_folk,zve,PER
af6526f9ef8c,tranzicija,turbo_folk,zve,PER
f5d5af3473a2,tranzicija,turbo_folk,Otvara,PER
f5d5af3473a2,tranzicija,turbo_folk,Ot,ORG
261eedad9154,tranzicija,turbo_folk,Svaki n,PER
261eedad9154,tranzicija,turbo_folk,Sv,ORG
ed3c1d3e0891,tranzicija,turbo_folk,Koli,PER
ed3c1d3e0891,tranzicija,turbo_folk,Koli,PER
ed3c1d3e0891,tranzicija,turbo_folk,ovca,PER
ed3c1d3e0891,tranzicija,turbo_folk,Ko,ORG
cafed13f3950,tranzicija,turbo_folk,Ni,ORG
e39ead9bd39d,tranzicija,turbo_folk, kre,PER
4ac9a12fffa2,tranzicija,turbo_folk,Ko ,PER
4ac9a12fffa2,tranzicija,turbo_folk,Ko,ORG
993662cd5b01,tranzicija,turbo_folk,Um,ORG
993662cd5b01,tranzicija,turbo_folk,Um,ORG
2a4d29e30dd7,tranzicija,turbo_folk,Reskiraj,PER
2a4d29e30dd7,tranzicija,turbo_folk,Reskiraj,PER
2a4d29e30dd7,tranzicija,turbo_folk,Reskiraj,PER
2a4d29e30dd7,tranzicija,turbo_folk,Re,ORG
2a4d29e30dd7,tranzicija,turbo_folk,Reskiraj,PER
2a4d29e30dd7,tranzicija,turbo_folk,Reskiraj,PER
2a4d29e30dd7,tranzicija,turbo_folk,Reskiraj,PER
80c86f6e8ad7,tranzicija,turbo_folk,Po,ORG
1fe92b51ce7b,tranzicija,turbo_folk,Oda,LOC
1fe92b51ce7b,tranzicija,turbo_folk,Oda,LOC
ea47435bb4ea,tranzicija,turbo_folk,Opet,LOC
00b856ccdaa9,tranzicija,turbo_folk,Ov,ORG
00b856ccdaa9,tranzicija,turbo_folk,Ov,ORG
00b856ccdaa9,tranzicija,turbo_folk,Ov,ORG
00b856ccdaa9,tranzicija,turbo_folk,Ove n,PER
00b856ccdaa9,tranzicija,turbo_folk,Ove n,PER
00b856ccdaa9,tranzicija,turbo_folk,Ove n,PER
9976f9b91182,tranzicija,turbo_folk,u ,ORG
c64c118b42cc,tranzicija,turbo_folk,Bosnia,LOC
c64c118b42cc,tranzicija,turbo_folk,Serbia,LOC
c64c118b42cc,tranzicija,turbo_folk,Croatia,LOC
c64c118b42cc,tranzicija,turbo_folk,"rbia, Cro",PER
c64c118b42cc,tranzicija,turbo_folk,"ia,
Slo",LOC
c64c118b42cc,tranzicija,turbo_folk,"nia, Maced",LOC
c64c118b42cc,tranzicija,turbo_folk,Bosnia,LOC
c64c118b42cc,tranzicija,turbo_folk,Serbia,LOC
c64c118b42cc,tranzicija,turbo_folk,Croatia,LOC
c64c118b42cc,tranzicija,turbo_folk,"rbia, Cro",PER
c64c118b42cc,tranzicija,turbo_folk,"ia,
Slo",LOC
c64c118b42cc,tranzicija,turbo_folk,"nia, Maced",LOC
54f09df0b2c1,tranzicija,turbo_folk,Hajm,PER
54f09df0b2c1,tranzicija,turbo_folk,Hajm,PER
54f09df0b2c1,tranzicija,turbo_folk,Ha,ORG
54f09df0b2c1,tranzicija,turbo_folk,Hajmo,PER
54f09df0b2c1,tranzicija,turbo_folk,Hajmo ci,PER
54f09df0b2c1,tranzicija,turbo_folk,Hajmo,PER
54f09df0b2c1,tranzicija,turbo_folk,Hajm,ORG
54f09df0b2c1,tranzicija,turbo_folk,Hajmo c,MISC
54f09df0b2c1,tranzicija,turbo_folk,Hajmo,PER
1605745f52d8,tranzicija,turbo_folk,Sun,PER
1605745f52d8,tranzicija,turbo_folk,Sun,PER
2b9d0a96f836,tranzicija,turbo_folk,Re,ORG
35e334ab6607,tranzicija,turbo_folk,Al,ORG
35e334ab6607,tranzicija,turbo_folk,Al’ ko ,ORG
35e334ab6607,tranzicija,turbo_folk,Al,ORG
35e334ab6607,tranzicija,turbo_folk,Al’ ko ,ORG
ed873a7e8077,tranzicija,turbo_folk,Ka,ORG
607bef53495c,tranzicija,turbo_folk,"to
nema",LOC
e9248272b953,tranzicija,turbo_folk,"O,",PER
d4a070122354,tranzicija,turbo_folk,am dug,PER
d4a070122354,tranzicija,turbo_folk,lila n,PER
d4a070122354,tranzicija,turbo_folk,"e
Ma o",PER
d4a070122354,tranzicija,turbo_folk,am dug,PER
d4a070122354,tranzicija,turbo_folk,lila n,PER
d4a070122354,tranzicija,turbo_folk,"e
Ma o",PER
d4a070122354,tranzicija,turbo_folk,am dug,PER
d4a070122354,tranzicija,turbo_folk,lila n,PER
d4a070122354,tranzicija,turbo_folk,"e
Ma o",PER
d4a070122354,tranzicija,turbo_folk,am dug,PER
d4a070122354,tranzicija,turbo_folk,lila n,PER
d4a070122354,tranzicija,turbo_folk,"e
Ma o",PER
32ebf8dfdb83,tranzicija,turbo_folk,Nisam s,PER
461c2efd73bd,tranzicija,turbo_folk,Crveni r,PER
461c2efd73bd,tranzicija,turbo_folk,Crveni r,PER
461c2efd73bd,tranzicija,turbo_folk,Crveni ruž,PER
461c2efd73bd,tranzicija,turbo_folk,Crveni r,PER
461c2efd73bd,tranzicija,turbo_folk,Crveni ruž,PER
a77c6ae816dc,tranzicija,turbo_folk,sam upozn,LOC
a77c6ae816dc,tranzicija,turbo_folk,Dok teb,ORG
e1de25093553,tranzicija,turbo_folk,Hej,LOC
e1de25093553,tranzicija,turbo_folk,Hej dok,PER
e1de25093553,tranzicija,turbo_folk,Hej,LOC
e1de25093553,tranzicija,turbo_folk,Hej dok,PER
1d445b0af48a,tranzicija,turbo_folk,Me,ORG
1d445b0af48a,tranzicija,turbo_folk,Me,ORG
458b18ca5a45,tranzicija,turbo_folk,ede ,PER
4df338bcdd06,tranzicija,turbo_folk,Marš u kr,PER
4df338bcdd06,tranzicija,turbo_folk,Marš u ,PER
4df338bcdd06,tranzicija,turbo_folk,Marš u ,PER
068bcb4ea3e9,tranzicija,turbo_folk,Ja,ORG
068bcb4ea3e9,tranzicija,turbo_folk,", traume o",PER
068bcb4ea3e9,tranzicija,turbo_folk,"uče, tra",PER
068bcb4ea3e9,tranzicija,turbo_folk,", traume o",PER
00f6b32473e4,tranzicija,turbo_folk,Tri ruz,PER
00f6b32473e4,tranzicija,turbo_folk,Tri ruz,PER
9c4a2eb651f3,tranzicija,turbo_folk," desno
S",PER
92c62f295af1,tranzicija,turbo_folk,Nis,LOC
92c62f295af1,tranzicija,turbo_folk,Nis,LOC
3b406849dde0,tranzicija,turbo_folk, n,ORG
3b406849dde0,tranzicija,turbo_folk, n,ORG
0feb044e0662,tranzicija,turbo_folk,Dobra ne,PER
0feb044e0662,tranzicija,turbo_folk,Do,ORG
3ee5c0f10dae,tranzicija,turbo_folk,a ni,PER
2fbd6e586a6f,tranzicija,turbo_folk,t m,PER
af0f4efa08fe,tranzicija,turbo_folk,Ne,PER
bd7392db6a9e,tranzicija,turbo_folk,"na dno
",MISC
bd7392db6a9e,tranzicija,turbo_folk,na d,MISC
c92e647278eb,tranzicija,turbo_folk,On,ORG
c92e647278eb,tranzicija,turbo_folk,suv,PER
c92e647278eb,tranzicija,turbo_folk,On,ORG
c92e647278eb,tranzicija,turbo_folk,suv,PER
c92e647278eb,tranzicija,turbo_folk,On,ORG
b9a60b3f387d,tranzicija,turbo_folk,Mo,ORG
b9a60b3f387d,tranzicija,turbo_folk,Moga,PER
b9a60b3f387d,tranzicija,turbo_folk,Mogao ,PER
b9a60b3f387d,tranzicija,turbo_folk,Moga,PER
b9a60b3f387d,tranzicija,turbo_folk,Mogao ,PER
b9a60b3f387d,tranzicija,turbo_folk,Mo,ORG
3847113d789c,tranzicija,turbo_folk,Ka,ORG
a472ef8cf21d,tranzicija,turbo_folk,Ne mora,PER
dbfdabdb28fa,tranzicija,turbo_folk,Sv,ORG
dbfdabdb28fa,tranzicija,turbo_folk,a b,PER
083275828173,tranzicija,turbo_folk,Nek laj,PER
0ceeb253db67,tranzicija,turbo_folk," do jutra,
Po",MISC
a0570089de09,tranzicija,turbo_folk,"a
k",PER
3fef2bd9cacd,tranzicija,turbo_folk,"vas
",PER
cb55ecad71f5,tranzicija,turbo_folk,Le,ORG
cb55ecad71f5,tranzicija,turbo_folk,Lep,LOC
445be3a51ca8,tranzicija,turbo_folk,Ti,ORG
445be3a51ca8,tranzicija,turbo_folk,"olom, mojim ",PER
445be3a51ca8,tranzicija,turbo_folk,ama,PER
445be3a51ca8,tranzicija,turbo_folk,Ti,ORG
445be3a51ca8,tranzicija,turbo_folk,Ti,ORG
445be3a51ca8,tranzicija,turbo_folk,"olom, mojim ",PER
445be3a51ca8,tranzicija,turbo_folk,ama,PER
445be3a51ca8,tranzicija,turbo_folk,Ti,ORG
8fd3fe6efe88,tranzicija,pop," sad
tu",PER
7403b881cb07,tranzicija,pop,Allah,PER
7403b881cb07,tranzicija,pop,Dabogda,PER
7403b881cb07,tranzicija,pop,"Dabogda, kće",PER
7403b881cb07,tranzicija,pop," kćeri, ",LOC
7403b881cb07,tranzicija,pop,Allah,PER
7403b881cb07,tranzicija,pop,Da,ORG
7403b881cb07,tranzicija,pop,"Dabogda, kće",PER
7403b881cb07,tranzicija,pop,"eri, da ",LOC
7403b881cb07,tranzicija,pop,Allah jednom ,PER
7403b881cb07,tranzicija,pop,Da,ORG
7403b881cb07,tranzicija,pop,"Dabogda, kće",PER
7403b881cb07,tranzicija,pop,"ri, da d",LOC
ecab8e905315,tranzicija,pop,Vid,LOC
b524a787609a,tranzicija,pop,Dino,PER
b524a787609a,tranzicija,pop,Dino,PER
b524a787609a,tranzicija,pop,Dino),PER
b524a787609a,tranzicija,pop,Dino),PER
b524a787609a,tranzicija,pop,"Dino)
Ne mič",PER
0e6cccad4d13,tranzicija,pop,ika ,LOC
0e6cccad4d13,tranzicija,pop,"
Ti v",LOC
7b80f562b234,tranzicija,pop,si n,PER
7b80f562b234,tranzicija,pop,si n,PER
7b80f562b234,tranzicija,pop,si n,PER
7b80f562b234,tranzicija,pop,si n,PER
7b80f562b234,tranzicija,pop,si n,PER
6c901fd0279b,tranzicija,pop,Divojka,PER
6c901fd0279b,tranzicija,pop,Divoj,PER
6c901fd0279b,tranzicija,pop,Divoj,PER
f979d88ec916,tranzicija,pop,nocas,LOC
f979d88ec916,tranzicija,pop,nocas,LOC
9aa01251011c,tranzicija,pop,Tu,ORG
9aa01251011c,tranzicija,pop,Tuzno sam ,ORG
9aa01251011c,tranzicija,pop,Tuzno sam ,ORG
9aa01251011c,tranzicija,pop,m kl,PER
ccda94e5585f,tranzicija,pop,Boga,PER
ccda94e5585f,tranzicija,pop,Bozje,LOC
f8223b9795fe,tranzicija,pop,"og
",PER
62183f51d04d,tranzicija,pop,Taj,LOC
5975639619d2,tranzicija,pop,Aleluja,PER
5975639619d2,tranzicija,pop,Alelu,DERIV-PER
5975639619d2,tranzicija,pop,Aleluja,PER
577bee6a8ea6,tranzicija,pop,Set,PER
577bee6a8ea6,tranzicija,pop,Se,ORG
7c478e5ce50c,tranzicija,pop,n kuda v,PER
1f0e0a6ff3c3,tranzicija,pop,Molim,PER
69edb18debc2,tranzicija,pop,Kak,LOC
69edb18debc2,tranzicija,pop,Kak,LOC
69edb18debc2,tranzicija,pop,Kako,PER
69edb18debc2,tranzicija,pop,Kako,PER
d85ec5fc9218,tranzicija,pop,Mozda,PER
2a8e844b36ca,tranzicija,pop,"rite početak, snimaćete ",ORG
2a8e844b36ca,tranzicija,pop,e: “Dubo,PER
2a8e844b36ca,tranzicija,pop,"rite početak, snim",ORG
2a8e844b36ca,tranzicija,pop,"ete razgovor, izvolite: “Dub",MISC
6cfc7204dcad,tranzicija,pop,Emigrant,PER
6cfc7204dcad,tranzicija,pop,Emi,PER
e1b0fa6c1427,tranzicija,pop,ože i d,PER
e1b0fa6c1427,tranzicija,pop,pu,PER
59e1aa66ce65,tranzicija,pop,Nekako,PER
59e1aa66ce65,tranzicija,pop,Nekako,PER
c8f8db6d001b,tranzicija,pop,Ja ,LOC
c8f8db6d001b,tranzicija,pop,Ja ,LOC
6de755fa50e0,tranzicija,pop,Dok glaz,MISC
219813c1f39f,tranzicija,pop,Dino,PER
219813c1f39f,tranzicija,pop,Dino,PER
219813c1f39f,tranzicija,pop,Dino),PER
219813c1f39f,tranzicija,pop,Dino),PER
219813c1f39f,tranzicija,pop,"Dino)
Ne mič",PER
2cc4dd3732fe,tranzicija,pop,rijeme da ,PER
2cc4dd3732fe,tranzicija,pop,Došlo vr,PER
2cc4dd3732fe,tranzicija,pop,Došlo vr,PER
40e82e4f0268,tranzicija,pop, sa,PER
95358c3076d2,tranzicija,pop,Jo,ORG
95358c3076d2,tranzicija,pop,Jo,ORG
0f0230ed6678,tranzicija,pop,olja ,PER
0f0230ed6678,tranzicija,pop,Dani s,ORG
0f0230ed6678,tranzicija,pop,ad polja ,LOC
d63e5aa70488,tranzicija,pop,vreli ,LOC
d63e5aa70488,tranzicija,pop,"
a mor",LOC
d63e5aa70488,tranzicija,pop,i se v,LOC
ef10cf0bf706,tranzicija,pop,Gdj,LOC
ef10cf0bf706,tranzicija,pop,Gdj,LOC
e10fa47d2f8b,tranzicija,pop,Noć,PER
e10fa47d2f8b,tranzicija,pop,Noć,LOC
e10fa47d2f8b,tranzicija,pop,Noć,PER
67f4a2b2bc95,tranzicija,pop,Pola,PER
5061e488e14e,tranzicija,pop,"
mor",PER
5061e488e14e,tranzicija,pop,"
mor",PER
425235a3042d,tranzicija,pop,Koga bri,PER
4dbf8da2ca18,tranzicija,pop,Sad zna,ORG
7ee0b20a3eef,tranzicija,pop,Sla,LOC
520bd6b9e514,tranzicija,pop,Daj,LOC
520bd6b9e514,tranzicija,pop,Daj,LOC
520bd6b9e514,tranzicija,pop,Daj,LOC
520bd6b9e514,tranzicija,pop,Daj,LOC
5fa1c8ff68da,tranzicija,pop,Lju,LOC
b41da690a5ef,tranzicija,pop,Mumbayao,PER
b41da690a5ef,tranzicija,pop,(Mumba,PER
b41da690a5ef,tranzicija,pop,(Mumb,PER
b41da690a5ef,tranzicija,pop,(Mumb,PER
ad9afcfd1fac,tranzicija,pop,Nije mi,PER
b7dd497b6ae3,tranzicija,pop,ljud,PER
b7dd497b6ae3,tranzicija,pop,e i,PER
b7dd497b6ae3,tranzicija,pop,u što se v,MISC
b7dd497b6ae3,tranzicija,pop,jud,PER
b7dd497b6ae3,tranzicija,pop,a i ž,PER
245b6b047a91,tranzicija,pop,Sa,ORG
a96a789c67a5,tranzicija,pop,Ale ale ,LOC
15fed28918b6,tranzicija,pop,Ding ding do,PER
15fed28918b6,tranzicija,pop, dong cujte zvon,LOC
15fed28918b6,tranzicija,pop,Ding ding do,PER
15fed28918b6,tranzicija,pop, dong cujte zvon,LOC
15fed28918b6,tranzicija,pop,ding dong cujte zvo,MISC
15fed28918b6,tranzicija,pop,"Ding ding dong cujte zvona zvon
U ",MISC
15fed28918b6,tranzicija,pop,Ding ding dong cujte z,MISC
15fed28918b6,tranzicija,pop,"a zvon
U ",ORG
15fed28918b6,tranzicija,pop,Ding ding dong ,PER
15fed28918b6,tranzicija,pop,te zvona,MISC
15fed28918b6,tranzicija,pop,Ding ding dong ,PER
15fed28918b6,tranzicija,pop,te zvona,MISC
15fed28918b6,tranzicija,pop,Ding ding do,PER
15fed28918b6,tranzicija,pop, dong cujte zvon,LOC
15fed28918b6,tranzicija,pop,Ding ding do,PER
15fed28918b6,tranzicija,pop, dong cujte zvon,LOC
15fed28918b6,tranzicija,pop,Ding ding dong ,PER
15fed28918b6,tranzicija,pop,te zvona,MISC
15fed28918b6,tranzicija,pop,Ding ding dong,PER
15fed28918b6,tranzicija,pop,te zvona,MISC
8ea929cb8841,tranzicija,pop,C,ORG
a7a550bd7179,tranzicija,pop,Ponovn,PER
c53352293ce6,tranzicija,pop,Now l,PER
c53352293ce6,tranzicija,pop,e you,MISC
c53352293ce6,tranzicija,pop,Now let me t,PER
c53352293ce6,tranzicija,pop, ,ORG
c53352293ce6,tranzicija,pop,Now l,MISC
c53352293ce6,tranzicija,pop,"n a voyage
To the heav",MISC
c53352293ce6,tranzicija,pop,Now let me take you on a voya,MISC
c53352293ce6,tranzicija,pop,n a voya,MISC
c53352293ce6,tranzicija,pop,Now let me tak,MISC
c53352293ce6,tranzicija,pop,Now let me tak,MISC
50fcbe1eb3b4,tranzicija,pop,Da mi sr,PER
a0f992db3347,tranzicija,pop,Ne,ORG
a0f992db3347,tranzicija,pop,Ne,ORG
970cae87a56d,tranzicija,pop,Noć,LOC
970cae87a56d,tranzicija,pop,Noć,LOC
8d8675beebf6,tranzicija,pop,Veceras,PER
8d8675beebf6,tranzicija,pop, je t,PER
1d236412ab9e,tranzicija,pop,Ba,ORG
7589a7b630e2,tranzicija,pop,Vjetar,PER
7589a7b630e2,tranzicija,pop,Vj,ORG
065c3c960975,tranzicija,pop,LL BE YOUR,ORG
065c3c960975,tranzicija,pop,LOVER IN THE NIGHT,MISC
065c3c960975,tranzicija,pop,I’LL,ORG
065c3c960975,tranzicija,pop,BE,ORG
065c3c960975,tranzicija,pop,OU,ORG
065c3c960975,tranzicija,pop,R LOVER IN,ORG
065c3c960975,tranzicija,pop,THE NIG,ORG
065c3c960975,tranzicija,pop,"T
PURE L.O.V.",MISC
065c3c960975,tranzicija,pop,LL BE YOUR,ORG
065c3c960975,tranzicija,pop,LOVER IN THE NIGHT,MISC
065c3c960975,tranzicija,pop,I’LL,ORG
065c3c960975,tranzicija,pop,BE,ORG
065c3c960975,tranzicija,pop,OU,ORG
065c3c960975,tranzicija,pop,R LOVER IN,ORG
065c3c960975,tranzicija,pop,"THE NIGHT
PUR",MISC
065c3c960975,tranzicija,pop,I’LL,ORG
065c3c960975,tranzicija,pop,BE Y,ORG
065c3c960975,tranzicija,pop,UR LOVER,MISC
065c3c960975,tranzicija,pop,I’LL,ORG
065c3c960975,tranzicija,pop,BE Y,ORG
065c3c960975,tranzicija,pop,UR LOVER,MISC
bcef844c5eae,tranzicija,pop,Bil,LOC
c038cee54a83,tranzicija,pop,Uza,LOC
c038cee54a83,tranzicija,pop,Uza,LOC
60a42239786c,tranzicija,pop,Ti imaš ritam kao,MISC
60a42239786c,tranzicija,pop,rake t,MISC
60a42239786c,tranzicija,pop,Ti imaš ritam kao ni,MISC
60a42239786c,tranzicija,pop,Ti i,ORG
60a42239786c,tranzicija,pop,Ti i,MISC
60a42239786c,tranzicija,pop,Ti imaš ritam kao nitko kog’ ,MISC
60a42239786c,tranzicija,pop,Ti imaš ri,ORG
31b0cccac7da,tranzicija,pop,"Srce je moje zagrlio muk
Sa vio",MISC
31b0cccac7da,tranzicija,pop,Srce je moje ,MISC
31b0cccac7da,tranzicija,pop,ina više n,MISC
31b0cccac7da,tranzicija,pop,Srce je moje zag,MISC
31b0cccac7da,tranzicija,pop,"Srce je moje zagrlio muk
Sa vi",MISC
31b0cccac7da,tranzicija,pop,"Srce je moje zagrlio muk
Sa violina više ne do",MISC
31b0cccac7da,tranzicija,pop,Srce je mo,MISC
31b0cccac7da,tranzicija,pop,ina više n,MISC
1de0827a93b3,tranzicija,pop,I ,ORG
a979d4bb3213,tranzicija,pop,Sv,ORG
a979d4bb3213,tranzicija,pop,Sve,LOC
a979d4bb3213,tranzicija,pop,Sv,ORG
a979d4bb3213,tranzicija,pop,Sv,ORG
40b185693cbc,tranzicija,pop,Sjeć,PER
40b185693cbc,tranzicija,pop,Sje,LOC
efd4d9600ec0,tranzicija,pop,all the people ,MISC
efd4d9600ec0,tranzicija,pop,all the people,MISC
36003f1d95ce,tranzicija,pop,Sanjala,MISC
36003f1d95ce,tranzicija,pop, lazlji,MISC
36003f1d95ce,tranzicija,pop,"ive,
Lj",PER
36003f1d95ce,tranzicija,pop,Sanjala,MISC
36003f1d95ce,tranzicija,pop, lazlji,MISC
36003f1d95ce,tranzicija,pop,"ive,
Lj",PER
36003f1d95ce,tranzicija,pop, lazlji,MISC
36003f1d95ce,tranzicija,pop,"ive,
Lj",PER
bd2b96e9807c,tranzicija,pop,Mo,ORG
bd2b96e9807c,tranzicija,pop,Mozda ne p,ORG
bd2b96e9807c,tranzicija,pop,Mozda ne p,ORG
fe9e7d291a73,tranzicija,pop,Ak,ORG
fe9e7d291a73,tranzicija,pop,Ak,ORG
fa9139ee3520,tranzicija,pop, ovaj b,ORG
fa9139ee3520,tranzicija,pop,ke u zrak kada c,MISC
fa9139ee3520,tranzicija,pop,cujes o,LOC
fa9139ee3520,tranzicija,pop," beat
i",LOC
fa9139ee3520,tranzicija,pop,e u zr,LOC
fa9139ee3520,tranzicija,pop,kada c,LOC
4816a6d44ee9,tranzicija,pop,Boj,LOC
980a57852675,tranzicija,pop, živo,PER
980a57852675,tranzicija,pop,Hej sexy ,MISC
49b43f09c21f,tranzicija,pop,Što,LOC
5e47e6e8a627,tranzicija,pop,Op,ORG
219cffac7356,tranzicija,pop,Ta,ORG
219cffac7356,tranzicija,pop,Tako ,PER
219cffac7356,tranzicija,pop,Ta,ORG
2e4cec5e291b,tranzicija,pop,"aš li?
",PER
2e4cec5e291b,tranzicija,pop,Spava,PER
2e4cec5e291b,tranzicija,pop,"aš li?
",PER
2e4cec5e291b,tranzicija,pop,Spava,PER
536c54af1ca5,tranzicija,pop, t,ORG
4a5950915d10,tranzicija,pop,Vjeruj ,PER
fa173417589b,tranzicija,pop,I ,ORG
fa173417589b,tranzicija,pop,I,ORG
fa173417589b,tranzicija,pop,I,ORG
c72e50e35ab5,tranzicija,pop,Noćas,PER
599d6ec3902c,tranzicija,pop," back
B",ORG
599d6ec3902c,tranzicija,pop,the bea,PER
599d6ec3902c,tranzicija,pop,the bea,ORG
599d6ec3902c,tranzicija,pop,mix ,PER
599d6ec3902c,tranzicija,pop,onia mix the be,PER
599d6ec3902c,tranzicija,pop," back
B",ORG
599d6ec3902c,tranzicija,pop,the bea,PER
599d6ec3902c,tranzicija,pop,the bea,ORG
599d6ec3902c,tranzicija,pop,mix ,PER
3f8080127ff4,tranzicija,pop, nemir u srcu,ORG
3f8080127ff4,tranzicija,pop, nemir u srcu,ORG
3f8080127ff4,tranzicija,pop,Milijun,PER
44967a93c4d4,tranzicija,pop,Sanja,PER
44967a93c4d4,tranzicija,pop,Sanja,PER
4235a67c441b,savremeno,hip_hop_rep, –,ORG
4235a67c441b,savremeno,hip_hop_rep,e – au,LOC
4235a67c441b,savremeno,hip_hop_rep, kajle,LOC
4235a67c441b,savremeno,hip_hop_rep,kaze – a,LOC
4235a67c441b,savremeno,hip_hop_rep,Pa kaze,LOC
4235a67c441b,savremeno,hip_hop_rep," audi,",LOC
4235a67c441b,savremeno,hip_hop_rep,"mw, kajl",LOC
4235a67c441b,savremeno,hip_hop_rep," zene
",LOC
4235a67c441b,savremeno,hip_hop_rep, – aud,LOC
d237845a2360,savremeno,hip_hop_rep,A ona,PER
d237845a2360,savremeno,hip_hop_rep,A ,ORG
d237845a2360,savremeno,hip_hop_rep,A ona,PER
0907dd01039b,savremeno,hip_hop_rep,A ja sam,PER
2ff4fc11be6f,savremeno,hip_hop_rep,ja,ORG
2ff4fc11be6f,savremeno,hip_hop_rep, da ,PER
2ff4fc11be6f,savremeno,hip_hop_rep,ja,ORG
2ff4fc11be6f,savremeno,hip_hop_rep,ja,ORG
9de330946b95,savremeno,hip_hop_rep,Palis,PER
9de330946b95,savremeno,hip_hop_rep,Palis me ,PER
a620df8818a0,savremeno,hip_hop_rep,je ,PER
a620df8818a0,savremeno,hip_hop_rep,A ,ORG
51b51fe1ebfc,savremeno,hip_hop_rep,Audi,ORG
51b51fe1ebfc,savremeno,hip_hop_rep,Aud,ORG
51b51fe1ebfc,savremeno,hip_hop_rep,"di
Mala",PER
51b51fe1ebfc,savremeno,hip_hop_rep," Audi
",PER
51b51fe1ebfc,savremeno,hip_hop_rep,Mal,LOC
51b51fe1ebfc,savremeno,hip_hop_rep,Ma,ORG
51b51fe1ebfc,savremeno,hip_hop_rep,Mal,MISC
bf0ec2c6dce8,savremeno,hip_hop_rep,Bali,LOC
bf0ec2c6dce8,savremeno,hip_hop_rep,New York,ORG
bf0ec2c6dce8,savremeno,hip_hop_rep,i Bal,LOC
bf0ec2c6dce8,savremeno,hip_hop_rep,i Bali,LOC
bf0ec2c6dce8,savremeno,hip_hop_rep,alo N,LOC
bf0ec2c6dce8,savremeno,hip_hop_rep,malo Ne,LOC
bf0ec2c6dce8,savremeno,hip_hop_rep,On,ORG
bf0ec2c6dce8,savremeno,hip_hop_rep,Ona bi Bal,PER
bf0ec2c6dce8,savremeno,hip_hop_rep,On,ORG
bf0ec2c6dce8,savremeno,hip_hop_rep,On,ORG
bf0ec2c6dce8,savremeno,hip_hop_rep,alo P,PER
bf0ec2c6dce8,savremeno,hip_hop_rep,Ona ,PER
0da69d75cddf,savremeno,hip_hop_rep,Najlepše,PER
0da69d75cddf,savremeno,hip_hop_rep,Najl,PER
0da69d75cddf,savremeno,hip_hop_rep,Naj,LOC
0da69d75cddf,savremeno,hip_hop_rep,Naj,LOC
0da69d75cddf,savremeno,hip_hop_rep,Naj,LOC
0da69d75cddf,savremeno,hip_hop_rep,Naj,PER
d1c0eb417098,savremeno,hip_hop_rep,i da,PER
d1c0eb417098,savremeno,hip_hop_rep," noc
Ko ",PER
d1c0eb417098,savremeno,hip_hop_rep,Ko,ORG
d1c0eb417098,savremeno,hip_hop_rep,n ,ORG
d1c0eb417098,savremeno,hip_hop_rep,Ko j,PER
d1c0eb417098,savremeno,hip_hop_rep,dan i ,PER
d1c0eb417098,savremeno,hip_hop_rep,Ko je sa ,DERIV-PER
d1c0eb417098,savremeno,hip_hop_rep,Ko je,PER
d1c0eb417098,savremeno,hip_hop_rep,mnom,PER
d1c0eb417098,savremeno,hip_hop_rep,a mnom svaki,PER
d1c0eb417098,savremeno,hip_hop_rep,vaku ,ORG
d1c0eb417098,savremeno,hip_hop_rep, mnom svak,PER
d1c0eb417098,savremeno,hip_hop_rep, je s,LOC
d1c0eb417098,savremeno,hip_hop_rep,"noc
Ko",MISC
d1c0eb417098,savremeno,hip_hop_rep, ,ORG
e5b5b04e35a0,savremeno,hip_hop_rep," mi rizlu,",PER
dbe957899dc5,savremeno,hip_hop_rep,"mece,
Mozda ",PER
3c7b1f520062,savremeno,hip_hop_rep,Iz na,PER
371136879040,savremeno,hip_hop_rep,Ima,LOC
371136879040,savremeno,hip_hop_rep,Ima,LOC
371136879040,savremeno,hip_hop_rep,Ima,PER
41daf1327895,savremeno,hip_hop_rep,Ahaa,PER
41daf1327895,savremeno,hip_hop_rep,Ah,PER
27ce71c350c8,savremeno,hip_hop_rep,I ,ORG
27ce71c350c8,savremeno,hip_hop_rep,rdaj,PER
27ce71c350c8,savremeno,hip_hop_rep,u g,PER
27ce71c350c8,savremeno,hip_hop_rep,a v,PER
27ce71c350c8,savremeno,hip_hop_rep,m ru,DERIV-PER
27ce71c350c8,savremeno,hip_hop_rep,guz,ORG
27ce71c350c8,savremeno,hip_hop_rep, guze,PER
27ce71c350c8,savremeno,hip_hop_rep,a se mrda,ORG
27ce71c350c8,savremeno,hip_hop_rep,Da,ORG
27ce71c350c8,savremeno,hip_hop_rep,Da,ORG
27ce71c350c8,savremeno,hip_hop_rep,Da,ORG
27ce71c350c8,savremeno,hip_hop_rep,Da,ORG
27ce71c350c8,savremeno,hip_hop_rep,Da,ORG
27ce71c350c8,savremeno,hip_hop_rep,Da,ORG
27ce71c350c8,savremeno,hip_hop_rep,Da,ORG
27ce71c350c8,savremeno,hip_hop_rep,Da,ORG
27ce71c350c8,savremeno,hip_hop_rep,Da,ORG
27ce71c350c8,savremeno,hip_hop_rep, se mrd,PER
27ce71c350c8,savremeno,hip_hop_rep,im ,PER
27ce71c350c8,savremeno,hip_hop_rep,"rdaju guze…
Da",ORG
27ce71c350c8,savremeno,hip_hop_rep, guze…,PER
27ce71c350c8,savremeno,hip_hop_rep,"re
",PER
27ce71c350c8,savremeno,hip_hop_rep,Da,ORG
8fd7f6fe1be6,savremeno,hip_hop_rep,Jos jed,PER
8fd7f6fe1be6,savremeno,hip_hop_rep,o ,ORG
0a0ddb746168,savremeno,hip_hop_rep,Gru,PER
0a0ddb746168,savremeno,hip_hop_rep,ok sli,ORG
0a0ddb746168,savremeno,hip_hop_rep,Gru ,PER
0a0ddb746168,savremeno,hip_hop_rep,Gru,LOC
0a0ddb746168,savremeno,hip_hop_rep, je pono,LOC
0a0ddb746168,savremeno,hip_hop_rep," na traci
",LOC
0a0ddb746168,savremeno,hip_hop_rep, ponovo ,LOC
0a0ddb746168,savremeno,hip_hop_rep,trac,LOC
0a0ddb746168,savremeno,hip_hop_rep,Gru je po,PER
0a0ddb746168,savremeno,hip_hop_rep,ikaj,PER
0a0ddb746168,savremeno,hip_hop_rep,Gru ,PER
0a0ddb746168,savremeno,hip_hop_rep, na ,PER
0a0ddb746168,savremeno,hip_hop_rep,sl,ORG
0a0ddb746168,savremeno,hip_hop_rep,Gru ,ORG
4382aa406ac2,savremeno,hip_hop_rep,"Da, ",ORG
f2f1733db4c6,savremeno,hip_hop_rep,Ljubu,PER
f2f1733db4c6,savremeno,hip_hop_rep,ga Ljub,LOC
f2f1733db4c6,savremeno,hip_hop_rep,"bu
On",PER
f2f1733db4c6,savremeno,hip_hop_rep,Ja imam d,PER
f2f1733db4c6,savremeno,hip_hop_rep,Ja i,PER
f2f1733db4c6,savremeno,hip_hop_rep,a Lj,PER
f2f1733db4c6,savremeno,hip_hop_rep,Ja i,PER
f2f1733db4c6,savremeno,hip_hop_rep,Ja im,PER
f2f1733db4c6,savremeno,hip_hop_rep,Ja im,PER
f2f1733db4c6,savremeno,hip_hop_rep,Ja im,PER
f2f1733db4c6,savremeno,hip_hop_rep,"ubu
On ",PER
f2f1733db4c6,savremeno,hip_hop_rep,ruga ,PER
53d72ee1806b,savremeno,hip_hop_rep,Ona j,PER
53d72ee1806b,savremeno,hip_hop_rep,Ona je,PER
53d72ee1806b,savremeno,hip_hop_rep,teri,PER
53d72ee1806b,savremeno,hip_hop_rep,Ona,LOC
75bba0d4bc58,savremeno,hip_hop_rep,mara svakog dan,PER
75bba0d4bc58,savremeno,hip_hop_rep,Od kako,PER
75bba0d4bc58,savremeno,hip_hop_rep,Od kako je ,PER
75bba0d4bc58,savremeno,hip_hop_rep,ra,ORG
59490a10ff96,savremeno,hip_hop_rep," dan, dan kao svaki ",ORG
59490a10ff96,savremeno,hip_hop_rep,Bio j,PER
59490a10ff96,savremeno,hip_hop_rep,dan ,PER
59490a10ff96,savremeno,hip_hop_rep,Bi,ORG
adeacc5f482b,savremeno,hip_hop_rep,Daj,ORG
adeacc5f482b,savremeno,hip_hop_rep, malo ,PER
795deffd6473,savremeno,hip_hop_rep,ijat,PER
ccc1e2df71f2,savremeno,hip_hop_rep,a sko,PER
ccc1e2df71f2,savremeno,hip_hop_rep,"Stara skola, no",PER
ccc1e2df71f2,savremeno,hip_hop_rep, sko,PER
ccc1e2df71f2,savremeno,hip_hop_rep,"
Se",PER
ccc1e2df71f2,savremeno,hip_hop_rep,"a, nova",PER
ccc1e2df71f2,savremeno,hip_hop_rep,ra sko,LOC
ccc1e2df71f2,savremeno,hip_hop_rep,Sta,LOC
ccc1e2df71f2,savremeno,hip_hop_rep,Star,LOC
ccc1e2df71f2,savremeno,hip_hop_rep,", nova s",LOC
ccc1e2df71f2,savremeno,hip_hop_rep,St,ORG
ccc1e2df71f2,savremeno,hip_hop_rep,Sta,PER
ccc1e2df71f2,savremeno,hip_hop_rep,"Stara skola, no",PER
ccc1e2df71f2,savremeno,hip_hop_rep,Star,PER
ccc1e2df71f2,savremeno,hip_hop_rep,Stara ,PER
ccc1e2df71f2,savremeno,hip_hop_rep,Stara,PER
ccc1e2df71f2,savremeno,hip_hop_rep,"kola,",PER
ccc1e2df71f2,savremeno,hip_hop_rep,a skol,PER
ccc1e2df71f2,savremeno,hip_hop_rep,"kola
",PER
ccc1e2df71f2,savremeno,hip_hop_rep,Stara sko,PER
ccc1e2df71f2,savremeno,hip_hop_rep,", no",PER
ccc1e2df71f2,savremeno,hip_hop_rep,", nov",ORG
ccc1e2df71f2,savremeno,hip_hop_rep,ova,PER
ccc1e2df71f2,savremeno,hip_hop_rep,Stara ,PER
ccc1e2df71f2,savremeno,hip_hop_rep,"la, no",PER
ccc1e2df71f2,savremeno,hip_hop_rep,Sta,LOC
ccc1e2df71f2,savremeno,hip_hop_rep,ola,PER
ccc1e2df71f2,savremeno,hip_hop_rep,", nova skol",PER
ccc1e2df71f2,savremeno,hip_hop_rep,Stara skol,PER
ccc1e2df71f2,savremeno,hip_hop_rep,"a skola, nova ",PER
a6cbfc8e46a6,savremeno,hip_hop_rep,"Vidi…
Voli",PER
a6cbfc8e46a6,savremeno,hip_hop_rep,"Vidi…
",PER
a6cbfc8e46a6,savremeno,hip_hop_rep,"
Vol",PER
69c019b9d3a0,savremeno,hip_hop_rep,tkriju prava,PER
69c019b9d3a0,savremeno,hip_hop_rep,eza k’o ,ORG
69c019b9d3a0,savremeno,hip_hop_rep,za… na p,ORG
69c019b9d3a0,savremeno,hip_hop_rep,se otkriju p,PER
1e9ec0a1315d,savremeno,hip_hop_rep,Pablo,PER
1e9ec0a1315d,savremeno,hip_hop_rep,Pablo,PER
1e9ec0a1315d,savremeno,hip_hop_rep,"
Tamo",LOC
1e9ec0a1315d,savremeno,hip_hop_rep,Mali P,ORG
038cff7da565,savremeno,hip_hop_rep,Dolazim po,PER
038cff7da565,savremeno,hip_hop_rep,Dolazim pon,PER
038cff7da565,savremeno,hip_hop_rep,Dol,PER
038cff7da565,savremeno,hip_hop_rep,puta nes,LOC
038cff7da565,savremeno,hip_hop_rep, nesto d,PER
e42b7193a784,savremeno,hip_hop_rep,G,ORG
e42b7193a784,savremeno,hip_hop_rep,R,ORG
e42b7193a784,savremeno,hip_hop_rep,the,ORG
e42b7193a784,savremeno,hip_hop_rep,"G, R, ",ORG
e42b7193a784,savremeno,hip_hop_rep, ,ORG
e42b7193a784,savremeno,hip_hop_rep,rfuck,ORG
e42b7193a784,savremeno,hip_hop_rep,"G, ",PER
e42b7193a784,savremeno,hip_hop_rep,"G, ",PER
e42b7193a784,savremeno,hip_hop_rep,ki,ORG
e42b7193a784,savremeno,hip_hop_rep,"G, R, t",ORG
3a47a1cc1a5a,savremeno,hip_hop_rep,Utisaj,DERIV-PER
3a47a1cc1a5a,savremeno,hip_hop_rep,Ut,ORG
3a47a1cc1a5a,savremeno,hip_hop_rep,Ut,ORG
3a47a1cc1a5a,savremeno,hip_hop_rep,Ut,ORG
3a47a1cc1a5a,savremeno,hip_hop_rep, iskljuci b,PER
3a47a1cc1a5a,savremeno,hip_hop_rep,", isklju",ORG
b8badfe22130,savremeno,trep,Jedan g,LOC
b8badfe22130,savremeno,trep,"n grad
",LOC
235e4cd3b53f,savremeno,trep,Samo,PER
235e4cd3b53f,savremeno,trep,u ž,ORG
235e4cd3b53f,savremeno,trep,"mam
Ve",LOC
235e4cd3b53f,savremeno,trep,Samo j,LOC
235e4cd3b53f,savremeno,trep,jednu želju im,MISC
235e4cd3b53f,savremeno,trep,"mi, samo",PER
235e4cd3b53f,savremeno,trep,u ž,ORG
235e4cd3b53f,savremeno,trep,jednu želju im,MISC
235e4cd3b53f,savremeno,trep,"mi, samo",PER
235e4cd3b53f,savremeno,trep,u ž,ORG
384fe35189a7,savremeno,trep,na k,LOC
384fe35189a7,savremeno,trep, ga m,LOC
384fe35189a7,savremeno,trep,"a
Vol",LOC
384fe35189a7,savremeno,trep,"Život na kocki, gori vatra",PER
384fe35189a7,savremeno,trep,na k,LOC
384fe35189a7,savremeno,trep, ga m,LOC
384fe35189a7,savremeno,trep,na k,LOC
384fe35189a7,savremeno,trep, ga m,LOC
be5bb030823c,savremeno,trep,Ja te tra,PER
be5bb030823c,savremeno,trep,Ja te tra,PER
642c24637f95,savremeno,trep,be oblačim,MISC
642c24637f95,savremeno,trep,Za teb,PER
642c24637f95,savremeno,trep,be oblačim,MISC
642c24637f95,savremeno,trep,Za teb,ORG
642c24637f95,savremeno,trep,"esme
",PER
642c24637f95,savremeno,trep,be oblačim,MISC
642c24637f95,savremeno,trep,Za teb,PER
642c24637f95,savremeno,trep,be oblačim,MISC
642c24637f95,savremeno,trep,Za teb,PER
4014b3c45007,savremeno,trep,Kad ga,ORG
4014b3c45007,savremeno,trep,Kad ga,PER
4014b3c45007,savremeno,trep,Kad ga,ORG
4014b3c45007,savremeno,trep,Kad ga,PER
4014b3c45007,savremeno,trep,"a vidim, žen",PER
4014b3c45007,savremeno,trep,Kad ga,PER
4014b3c45007,savremeno,trep,Kad ga,ORG
4014b3c45007,savremeno,trep,Kad ga,ORG
4014b3c45007,savremeno,trep,Kad ga,PER
4014b3c45007,savremeno,trep,Kad ga,ORG
4014b3c45007,savremeno,trep,Kad ga,PER
4014b3c45007,savremeno,trep,Kad ga,ORG
4014b3c45007,savremeno,trep,Kad ga,PER
4014b3c45007,savremeno,trep,Kad ga,ORG
4014b3c45007,savremeno,trep,Kad ga,PER
4014b3c45007,savremeno,trep,"a vidim, žen",PER
4014b3c45007,savremeno,trep,Kad ga,PER
4014b3c45007,savremeno,trep,Kad ga,ORG
4014b3c45007,savremeno,trep,Kad ga,PER
4014b3c45007,savremeno,trep,Kad ga,ORG
4014b3c45007,savremeno,trep,Kad ga,PER
4014b3c45007,savremeno,trep,Kad ga,ORG
98fc8acba5ab,savremeno,trep,"
",ORG
98fc8acba5ab,savremeno,trep,Zn,ORG
98fc8acba5ab,savremeno,trep,Znam,PER
1b8b3260ec07,savremeno,trep,maj,PER
1b8b3260ec07,savremeno,trep,Za n,ORG
1b8b3260ec07,savremeno,trep,maj,PER
1c388b4f7c35,savremeno,pop,i li ,PER
114c173d3a8f,savremeno,pop,Ti,ORG
114c173d3a8f,savremeno,pop," bol
Z",PER
e3f7908391fc,savremeno,pop,o dozvol,PER
7f3160809130,savremeno,pop,disc,PER
7f3160809130,savremeno,pop,Mist,PER
7f3160809130,savremeno,pop,Mist,PER
7f3160809130,savremeno,pop,Mist,PER
426d223f8b63,savremeno,pop,U tvoji,PER
e80c11b4d9a2,savremeno,pop,Sad,LOC
e80c11b4d9a2,savremeno,pop,bis ,PER
b7f9df97b468,savremeno,pop,do,ORG
b7f9df97b468,savremeno,pop,"osjećam
T",PER
b7f9df97b468,savremeno,pop,Ov,ORG
d7a12fe1c49b,savremeno,pop,tjeramo oblak,LOC
d7a12fe1c49b,savremeno,pop,Mi ,PER
d7a12fe1c49b,savremeno,pop,Mi tje,LOC
d7a12fe1c49b,savremeno,pop,Mi tjeramo,PER
d7a12fe1c49b,savremeno,pop,o oblake,LOC
d7a12fe1c49b,savremeno,pop,Mi tje,LOC
d7a12fe1c49b,savremeno,pop,oblake ,PER
eccfee03e0fa,savremeno,pop, grub i ne,MISC
c89be145e641,savremeno,pop,Ja još č,PER
bac292793251,savremeno,pop,Os,ORG
c7b970e7a7e2,savremeno,pop,Ja,ORG
c7b970e7a7e2,savremeno,pop,Ja san bil,PER
c7b970e7a7e2,savremeno,pop,tvoja mala,PER
c7b970e7a7e2,savremeno,pop, tvoja mal,MISC
8e3a8007bd9f,savremeno,pop,Go,ORG
8e3a8007bd9f,savremeno,pop,"š
Go",PER
818881c4731f,savremeno,pop,Hej,PER
818881c4731f,savremeno,pop,Hej,PER
818881c4731f,savremeno,pop,"bubice
",LOC
c50e803d4371,savremeno,pop,oli i ti ,PER
c50e803d4371,savremeno,pop,Te quier,PER
4b9c243e913a,savremeno,pop,Jast,PER
1ac8e55261f8,savremeno,pop,Ej,PER
1ac8e55261f8,savremeno,pop,iris kami,LOC
1ac8e55261f8,savremeno,pop,"Ej,",ORG
1ac8e55261f8,savremeno,pop,"Ej,",ORG
1ac8e55261f8,savremeno,pop,"Ej,",MISC
1ac8e55261f8,savremeno,pop,"Ej, št",PER
1ac8e55261f8,savremeno,pop,Ej,PER
1ac8e55261f8,savremeno,pop,"Ej,",ORG
1ac8e55261f8,savremeno,pop,"Ej,",ORG
1ac8e55261f8,savremeno,pop,Ej,PER
1ac8e55261f8,savremeno,pop,"Ej,",ORG
1ac8e55261f8,savremeno,pop,"Ej,",ORG
ecb4d20cdf8a,savremeno,pop,Od tebe ,PER
ecb4d20cdf8a,savremeno,pop,Od tebe ,PER
ecb4d20cdf8a,savremeno,pop,Od tebe ,PER
18b72a436049,savremeno,pop,"lak
al b",PER
18b72a436049,savremeno,pop,"lak
al b",PER
b02531e0f1c1,savremeno,pop,Hurem,PER
b02531e0f1c1,savremeno,pop,Hurem,PER
b02531e0f1c1,savremeno,pop,Hurem,PER
2c15f87f7b90,savremeno,pop,Govori,PER
2c15f87f7b90,savremeno,pop,Govori,PER
65697746ba56,savremeno,pop,Dobro ,PER
11f6c76e9f41,savremeno,pop,Misto,PER
11f6c76e9f41,savremeno,pop,Mis,LOC
11f6c76e9f41,savremeno,pop,Misto,PER
e397535e77c5,savremeno,pop,Marijo,PER
e397535e77c5,savremeno,pop,n s ,MISC
e397535e77c5,savremeno,pop, Marij,PER
e397535e77c5,savremeno,pop,"
Gos",PER
e397535e77c5,savremeno,pop,Zdravo,PER
e397535e77c5,savremeno,pop,Zdravo,PER
e397535e77c5,savremeno,pop,Zdravo,PER
e397535e77c5,savremeno,pop,Zdravo,PER
e397535e77c5,savremeno,pop,Zd,ORG
e397535e77c5,savremeno,pop,Zdravo,PER
e397535e77c5,savremeno,pop,Zdravo,PER
e397535e77c5,savremeno,pop,Zdravo,PER
e397535e77c5,savremeno,pop,Zd,ORG
e397535e77c5,savremeno,pop,n s ,MISC
d4dab5b3ce15,savremeno,pop,Allora,PER
d4dab5b3ce15,savremeno,pop,Severina,PER
d4dab5b3ce15,savremeno,pop,i c,PER
d4dab5b3ce15,savremeno,pop,ri,ORG
d4dab5b3ce15,savremeno,pop,Allora siamo qui,PER
d4dab5b3ce15,savremeno,pop,Allora,PER
d4dab5b3ce15,savremeno,pop,Allo,PER
d4dab5b3ce15,savremeno,pop,Allora ,PER
d4dab5b3ce15,savremeno,pop,Allora,PER
d4dab5b3ce15,savremeno,pop,Allora ,PER
d4dab5b3ce15,savremeno,pop,Allora,PER
d4dab5b3ce15,savremeno,pop,Allora s,PER
d4dab5b3ce15,savremeno,pop,Allora s,PER
bcd6075c871b,savremeno,pop, nižu ,LOC
bcd6075c871b,savremeno,pop, nižu ,LOC
bcd6075c871b,savremeno,pop,"seri,
",LOC
bcd6075c871b,savremeno,pop, nižu ,LOC
737db4dab9dd,savremeno,pop,Ti,PER
737db4dab9dd,savremeno,pop,Ti,PER
00b5d21e757e,savremeno,pop, neznam ,PER
e3de86e00ebb,savremeno,pop,Ja,ORG
66fe2f2a1c79,savremeno,pop,cu ,PER
66fe2f2a1c79,savremeno,pop,cu ,PER
473e264c1671,savremeno,pop,Ljube,PER
473e264c1671,savremeno,pop, zvij,LOC
473e264c1671,savremeno,pop,ice ,LOC
473e264c1671,savremeno,pop, zvij,LOC
473e264c1671,savremeno,pop,ice ,LOC
ba59f7e56be4,savremeno,pop,Lako t,PER
ba59f7e56be4,savremeno,pop,L,ORG
ba59f7e56be4,savremeno,pop,L,ORG
ba59f7e56be4,savremeno,pop,Lako t,PER
ba59f7e56be4,savremeno,pop,Lako t,PER
ba59f7e56be4,savremeno,pop,Lako ti ,PER
ba59f7e56be4,savremeno,pop,La,ORG
ba59f7e56be4,savremeno,pop,L,ORG
ba59f7e56be4,savremeno,pop,L,ORG
ba59f7e56be4,savremeno,pop,L,ORG
ba59f7e56be4,savremeno,pop,Lako ti,PER
1f90e7ebe4d3,savremeno,pop,Mjeseca,PER
c6b07b3b6dc6,savremeno,pop,Bog,PER
f73cef102569,savremeno,pop, se ,PER
f73cef102569,savremeno,pop,Ej,ORG
f73cef102569,savremeno,pop,"Ej, znaš",PER
f73cef102569,savremeno,pop,godilo da,LOC
f73cef102569,savremeno,pop,Ej,ORG
f73cef102569,savremeno,pop,Ej,ORG
f73cef102569,savremeno,pop,e do,PER
6af78ef7c0ef,savremeno,pop,Mi,ORG
4f888bc9024a,savremeno,pop,Milost k,PER
4f888bc9024a,savremeno,pop, sve vod,PER
c4a0e683e84b,savremeno,pop,Oja,PER
c4a0e683e84b,savremeno,pop,Oja,PER
c4a0e683e84b,savremeno,pop,Oja,PER
2cb5eced79e6,savremeno,pop,Jer još,PER
2cb5eced79e6,savremeno,pop,Jer ,PER
2cb5eced79e6,savremeno,pop,Jer još,PER
2cb5eced79e6,savremeno,pop,Jer još,PER
2cb5eced79e6,savremeno,pop,Jer ,PER
2cb5eced79e6,savremeno,pop,Jer,PER
2cb5eced79e6,savremeno,pop,Jer još,PER
fa0a64acddca,savremeno,pop,Sve mi j,PER
fa0a64acddca,savremeno,pop,Sve,PER
fa0a64acddca,savremeno,pop,Sve,PER
ad73a119b0b8,savremeno,pop,E,ORG
ad73a119b0b8,savremeno,pop,",",ORG
473d769c37af,savremeno,pop," izadeo
ja",PER
473d769c37af,savremeno,pop," izadeo
ja",PER
473d769c37af,savremeno,pop,"Beo, izadeo
ja",PER
4dbcbf9c49a2,savremeno,pop,Ljub,PER
4dbcbf9c49a2,savremeno,pop,Ljubiš d,ORG
94ddad7f9d6c,savremeno,pop,se nasa,PER
94ddad7f9d6c,savremeno,pop,nasa b,PER
94ddad7f9d6c,savremeno,pop,se nasa,PER
94ddad7f9d6c,savremeno,pop,la s,DERIV-PER
94ddad7f9d6c,savremeno,pop,mala,PER
94ddad7f9d6c,savremeno,pop,se nasa,PER
94ddad7f9d6c,savremeno,pop,se nasa,PER
e969098d88ad,savremeno,pop,cu n,PER
dcdedd9bf786,savremeno,pop,Ne sp,PER
dcdedd9bf786,savremeno,pop,Ne sp,PER
dcdedd9bf786,savremeno,pop,Ne spavaj mal,MISC
dcdedd9bf786,savremeno,pop,Ne spavaj mal,MISC
9d740a30a331,savremeno,pop, mi ,PER
3ac27ea17085,savremeno,pop,Go,ORG
3ac27ea17085,savremeno,pop,"š
Go",PER
46c2682a0bd2,savremeno,pop,murnoj i,ORG
46c2682a0bd2,savremeno,pop,I ka,PER
6224c2abad1e,savremeno,pop,Palom,ORG
6224c2abad1e,savremeno,pop,Palom,ORG
05015a91e339,savremeno,pop,Bila je n,PER
05015a91e339,savremeno,pop,Bi,ORG
41c7ccf7fc0a,savremeno,pop,Ima,LOC
f14c06a67558,savremeno,pop,Prosta,DERIV-PER
f14c06a67558,savremeno,pop,Prosta no,PER
07076fe4fd1d,savremeno,pop,Pucaj,PER
61301042be2d,savremeno,pop,Lana,PER
61301042be2d,savremeno,pop,"Lana)
Reci sto ",PER
61301042be2d,savremeno,pop,"Lana)
Re",PER
b004b98b6acf,savremeno,pop, na,PER
4aaf11c8cddb,savremeno,pop,Kako t,ORG
4aaf11c8cddb,savremeno,pop,eba ovog svijet,MISC
4aaf11c8cddb,savremeno,pop,ba,ORG
4aaf11c8cddb,savremeno,pop,g ,ORG
4aaf11c8cddb,savremeno,pop,vijeta,MISC
d7596936e4c4,savremeno,pop,Ne ,LOC
d7596936e4c4,savremeno,pop,Ne,ORG
d7596936e4c4,savremeno,pop,Ne ,LOC
bc7d6fdbb56d,savremeno,pop,Št,ORG
2b8c95bdd958,savremeno,pop,"moj
Mo",PER
2b8c95bdd958,savremeno,pop,"ožiji
",PER
38f3444dc20d,savremeno,pop,Vani t,PER
f703047375ce,savremeno,pop,mi s,PER
2865927d7cb7,savremeno,pop,"nom
",MISC
2865927d7cb7,savremeno,pop,udbi,MISC
2865927d7cb7,savremeno,pop,bino,MISC
2865927d7cb7,savremeno,pop,dbin,MISC
dde8543d524a,savremeno,pop,Rasuo,PER
dde8543d524a,savremeno,pop,Rasu,PER
cbdaa29f2d20,savremeno,pop,Možda si ,PER
d4067f50f397,savremeno,pop,"nima ure
D",PER
d4067f50f397,savremeno,pop,"nima ure
D",PER
c33052463417,savremeno,pop,Probudim ,PER
c33052463417,savremeno,pop,Pro,LOC
533d5d019bb6,savremeno,pop,Bi,ORG
8cc947bcc7f3,savremeno,pop,iječi vin,PER
8cc947bcc7f3,savremeno,pop,Rakija ,PER
8cc947bcc7f3,savremeno,pop, lij,MISC
8cc947bcc7f3,savremeno,pop,Rakija ,PER
8cc947bcc7f3,savremeno,pop,e lije,PER
8cc947bcc7f3,savremeno,pop,Rakija ,PER
8cc947bcc7f3,savremeno,pop,Rakija ,PER
016e0f6ed6a4,savremeno,pop,K’o da,ORG
f44376d8da4b,savremeno,pop,h yo Išao sam ,PER
f44376d8da4b,savremeno,pop,le na more,PER
f44376d8da4b,savremeno,pop,"OK, ",PER
f44376d8da4b,savremeno,pop,ao sa,PER
f44376d8da4b,savremeno,pop,"OK, ah yo I",PER
f44376d8da4b,savremeno,pop,"e,
Sva",LOC
f44376d8da4b,savremeno,pop,"OK, ah ",ORG
f44376d8da4b,savremeno,pop,am dole na,PER
f44376d8da4b,savremeno,pop,am dole na,PER
f44376d8da4b,savremeno,pop, Išao s,LOC
f44376d8da4b,savremeno,pop,"ore,
Sv",LOC
f44376d8da4b,savremeno,pop,le na more,PER
f44376d8da4b,savremeno,pop,"OK, ",PER
f44376d8da4b,savremeno,pop,ao sa,PER
f44376d8da4b,savremeno,pop,"OK, ah yo I",PER
f44376d8da4b,savremeno,pop,"e,
Sva",LOC
f44376d8da4b,savremeno,pop,"OK, ah ",ORG
f44376d8da4b,savremeno,pop,le na more,PER
f44376d8da4b,savremeno,pop,"OK, ",PER
f44376d8da4b,savremeno,pop,ao sa,PER
f44376d8da4b,savremeno,pop,"OK, ah yo I",PER
f44376d8da4b,savremeno,pop,"e,
Sva",LOC
f44376d8da4b,savremeno,pop,"OK, ah ",ORG
f44376d8da4b,savremeno,pop,"OK, ah yo ",PER
f44376d8da4b,savremeno,pop,ao sam dol,PER
ea32e3e32754,savremeno,pop,U mo,PER
47622b92cae4,savremeno,pop,O dajl,PER
a7a7f90bb838,savremeno,pop,Požel,PER
a7a7f90bb838,savremeno,pop,Poželin,PER
848e03201226,savremeno,pop,Ov,PER
848e03201226,savremeno,pop,Ov,PER
7c20a2c1940d,savremeno,pop,Di,PER
7c20a2c1940d,savremeno,pop,Di,PER
7c20a2c1940d,savremeno,pop,Di si d,PER
7c20a2c1940d,savremeno,pop,Di si d,PER
7c20a2c1940d,savremeno,pop,Di si d,PER
fd055af2f0ff,savremeno,pop,"Ej,",LOC
fd055af2f0ff,savremeno,pop,Ej,PER
fd055af2f0ff,savremeno,pop,Ej,PER
fd055af2f0ff,savremeno,pop,"Ej, po",PER
fd055af2f0ff,savremeno,pop,"Ej, post",PER
f45067022f6e,savremeno,pop,Tu,ORG
f45067022f6e,savremeno,pop,Tu,ORG
f45067022f6e,savremeno,pop,Tu,ORG
f45067022f6e,savremeno,pop,Tu,ORG
cad3dbdee7e4,savremeno,pop,Evo,LOC
cad3dbdee7e4,savremeno,pop,Ev,ORG
cad3dbdee7e4,savremeno,pop,sni sa,PER
cad3dbdee7e4,savremeno,pop,sni sa,PER
cad3dbdee7e4,savremeno,pop,Ev,ORG
cad3dbdee7e4,savremeno,pop,Ev,ORG
6e6d929819e9,savremeno,pop,Jele,PER
6e6d929819e9,savremeno,pop,Jele,PER
87715771d08f,savremeno,pop,Boga,PER
87715771d08f,savremeno,pop,Kao u Bo,PER
dbb6d78b3238,savremeno,pop,Boga,PER
dbb6d78b3238,savremeno,pop,Kao u Bo,PER
dbb6d78b3238,savremeno,pop,Kao,LOC
221bc3391da2,savremeno,pop,Okus mentola,MISC
221bc3391da2,savremeno,pop,Okus mentola,MISC
221bc3391da2,savremeno,pop,Oku,LOC
221bc3391da2,savremeno,pop,Okus men,PER
221bc3391da2,savremeno,pop,Okus mentola,MISC
221bc3391da2,savremeno,pop,Okus mentola,MISC
51dab3ed2266,savremeno,pop,Sad,LOC
51dab3ed2266,savremeno,pop,Sad,LOC
316dfe19e533,savremeno,pop,đem ,PER
ec594bdd9eff,savremeno,pop,Di,PER
ec594bdd9eff,savremeno,pop,Di,PER
ec594bdd9eff,savremeno,pop,Di si d,PER
ec594bdd9eff,savremeno,pop,Di si,PER
ec594bdd9eff,savremeno,pop,Di si ,PER
ec594bdd9eff,savremeno,pop,Di si,PER
ec594bdd9eff,savremeno,pop,"seliš
Kad sv",PER
ec594bdd9eff,savremeno,pop,Di si,PER
ec594bdd9eff,savremeno,pop,"seliš
Kad sv",PER
ec594bdd9eff,savremeno,pop,Di si,PER
ec594bdd9eff,savremeno,pop,Di si ,PER
ec594bdd9eff,savremeno,pop,Di si,PER
ec594bdd9eff,savremeno,pop,"seliš
Kad sv",PER
ec594bdd9eff,savremeno,pop,Di si,PER
ec594bdd9eff,savremeno,pop,"seliš
Kad sv",PER
ec594bdd9eff,savremeno,pop,Di si,PER
ec594bdd9eff,savremeno,pop,"seliš
Kad sv",PER
b7d4ce68cfc1,savremeno,pop,Otrov ,ORG
6902f8076d73,savremeno,pop,Sv,ORG
6902f8076d73,savremeno,pop,Sv,ORG
6902f8076d73,savremeno,pop,Sv,ORG
e26c45f03359,savremeno,pop,ada ,PER
e26c45f03359,savremeno,pop,tis,PER
27f80c774d4e,savremeno,pop,Lju,PER
27f80c774d4e,savremeno,pop,Lju,PER
0069f665d6b4,savremeno,pop,Ja,ORG
4f67acb29aa6,savremeno,pop,"Ej, ti k",PER
4f67acb29aa6,savremeno,pop,"Ej, t",PER
f14043b1f5ff,savremeno,pop,Lani,PER
f14043b1f5ff,savremeno,pop,Lani,PER
f14043b1f5ff,savremeno,pop,Lani,PER
f14043b1f5ff,savremeno,pop,"Lani,",PER
f14043b1f5ff,savremeno,pop,"ani, ",PER
21da45b8d178,savremeno,pop,Evo,LOC
21da45b8d178,savremeno,pop,Evo,LOC
8b8dc7883f1e,savremeno,pop,Jo,ORG
8b8dc7883f1e,savremeno,pop,Jo,ORG
d375fdcdaa98,savremeno,pop,Do,ORG
a7cb53bf3cfe,savremeno,pop,Mo,ORG
a7cb53bf3cfe,savremeno,pop,Mo,ORG
a2ceedf43934,savremeno,pop,u nema ,PER
a2ceedf43934,savremeno,pop,Tu ne,PER
829dcf649754,savremeno,pop,St,ORG
b8e652ba8dd0,savremeno,pop,m rek,PER
a531c1786dcb,savremeno,pop,Na mo,PER
1feaeb4920a1,savremeno,pop,ivot je ,PER
1feaeb4920a1,savremeno,pop,Zivot j,ORG
1feaeb4920a1,savremeno,pop,Zivot,PER
1feaeb4920a1,savremeno,pop,e cudo,PER
1feaeb4920a1,savremeno,pop,Zivot j,ORG
e01d933c47f1,savremeno,pop,Ak,ORG
e01d933c47f1,savremeno,pop,eš vidjet,MISC
446243ca4707,savremeno,pop,Ooo,ORG
446243ca4707,savremeno,pop,"vidim,",MISC
446243ca4707,savremeno,pop,Ooo… sva se z,ORG
446243ca4707,savremeno,pop,"ce, k",ORG
446243ca4707,savremeno,pop,"Ooo… sva se znojim
K",MISC
446243ca4707,savremeno,pop,Ooo… sva se znoj,MISC
3a95dfa1a4fe,savremeno,pop,Po,ORG
19b2a3d92548,savremeno,pop,e g,PER
19b2a3d92548,savremeno,pop,e g,PER
19b2a3d92548,savremeno,pop,e g,PER
131effcd8ebc,savremeno,pop,"Kako da znam
Kad ",MISC
4e489a241e0c,savremeno,pop,Sv,ORG
4e489a241e0c,savremeno,pop,bro,MISC
4e489a241e0c,savremeno,pop, br,PER
4e489a241e0c,savremeno,pop,Sv,ORG
4e489a241e0c,savremeno,pop,roji,MISC
d3672a01e76a,savremeno,pop,Srca slomljena”,ORG
d3672a01e76a,savremeno,pop,lomljena,MISC
d3672a01e76a,savremeno,pop,Djevojke iz,PER
48d223f025b2,savremeno,pop,O ,ORG
275e9ebfeefe,savremeno,pop,Noš,LOC
bea3b7648c2b,savremeno,pop,Prospi ,PER
bea3b7648c2b,savremeno,pop,Prospi ,PER
fd4b79142c4d,savremeno,pop,Nem,LOC
fd4b79142c4d,savremeno,pop,Nem,LOC
0c6c1cb47325,savremeno,pop,evet ,LOC
08ec88e04b94,savremeno,pop,Jut,LOC
e1c6f6f2bc03,savremeno,pop,Pro,PER
598b814d4a2c,savremeno,pop,Kažu da,PER
a9181d0cb7c5,savremeno,pop,Zna,LOC
a9181d0cb7c5,savremeno,pop,Zna,LOC
2c14435bfcb1,savremeno,pop,NIsam ,PER
18161135bc44,savremeno,pop,Sve,LOC
6d5bb910c284,savremeno,pop,Ova mala,PER
6d5bb910c284,savremeno,pop,Ov,ORG
6d5bb910c284,savremeno,pop,Ova mala,PER
6d5bb910c284,savremeno,pop,Ov,ORG
6d5bb910c284,savremeno,pop,Ov,ORG
6d5bb910c284,savremeno,pop,Ova mala,PER
6d5bb910c284,savremeno,pop,Ov,ORG
6d5bb910c284,savremeno,pop,Ova mala,PER
6d5bb910c284,savremeno,pop,Ov,ORG
ce4e76c26266,savremeno,pop,Ni,ORG
ce4e76c26266,savremeno,pop,Ni,ORG
ce4e76c26266,savremeno,pop,izl,PER
88b0ae319487,savremeno,pop,Milion d,ORG
88b0ae319487,savremeno,pop,Milion,LOC
88b0ae319487,savremeno,pop,olara sva ,LOC
88b0ae319487,savremeno,pop,Milion ,ORG
88b0ae319487,savremeno,pop,lara sva,PER
88b0ae319487,savremeno,pop,Milion,PER
88b0ae319487,savremeno,pop,olara ,LOC
88b0ae319487,savremeno,pop,Milion,LOC
88b0ae319487,savremeno,pop,olara sva ,PER
88b0ae319487,savremeno,pop,ion dol,LOC
88b0ae319487,savremeno,pop, vr,LOC
9e4fcf9012f6,savremeno,pop,Ka,ORG
9e4fcf9012f6,savremeno,pop, vide me,PER
9e4fcf9012f6,savremeno,pop,Ka,ORG
9e4fcf9012f6,savremeno,pop,Ka,ORG
9e4fcf9012f6,savremeno,pop, vide me,PER
d1ba4253da2f,savremeno,pop,Džoni Dep,PER
d1ba4253da2f,savremeno,pop,Džoni De,LOC
d1ba4253da2f,savremeno,pop,lazi mi Džon,PER
d1ba4253da2f,savremeno,pop,Džoni De,LOC
b543ceee85a8,savremeno,pop,Uno,ORG
b543ceee85a8,savremeno,pop,"Uno, ",PER
b543ceee85a8,savremeno,pop,"s, t",PER
b543ceee85a8,savremeno,pop,"s
Bic",PER
b543ceee85a8,savremeno,pop, bice ,PER
b543ceee85a8,savremeno,pop,zika za l,PER
b543ceee85a8,savremeno,pop,"Uno,",PER
b543ceee85a8,savremeno,pop,"os, ",PER
b543ceee85a8,savremeno,pop,"es
Bice, ",PER
b543ceee85a8,savremeno,pop,ce muzika,PER
b543ceee85a8,savremeno,pop,", tres
Bic",PER
b543ceee85a8,savremeno,pop, bice muzika z,PER
b543ceee85a8,savremeno,pop,"Uno, do",PER
b543ceee85a8,savremeno,pop,"Uno, do",PER
b543ceee85a8,savremeno,pop,", tres
Bic",ORG
b543ceee85a8,savremeno,pop,"s, tr",LOC
b543ceee85a8,savremeno,pop,"Uno, ",DERIV-PER
b543ceee85a8,savremeno,pop,"Uno, ",PER
b543ceee85a8,savremeno,pop,"es
Bice, b",ORG
c403f3f8aeee,savremeno,pop,Ja,ORG
d31505e0b649,savremeno,pop,Vatren,PER
d31505e0b649,savremeno,pop,znak n,PER
d31505e0b649,savremeno,pop,Vatren,PER
d31505e0b649,savremeno,pop,znak n,PER
d31505e0b649,savremeno,pop,Vatren,PER
d31505e0b649,savremeno,pop,znak n,PER
d31505e0b649,savremeno,pop,Vatreni zn,PER
d31505e0b649,savremeno,pop,Vatren,PER
d31505e0b649,savremeno,pop,znak n,PER
d31505e0b649,savremeno,pop,Vatreni zn,PER
d31505e0b649,savremeno,pop,Vatren,PER
d31505e0b649,savremeno,pop,znak n,PER
d31505e0b649,savremeno,pop,Vatren,PER
d31505e0b649,savremeno,pop,znak n,PER
d31505e0b649,savremeno,pop,Vatren,PER
d31505e0b649,savremeno,pop,znak n,PER
d31505e0b649,savremeno,pop,Vatren,PER
d31505e0b649,savremeno,pop,znak n,PER
d31505e0b649,savremeno,pop,Vatreni zn,PER
d31505e0b649,savremeno,pop,Vatren,PER
d31505e0b649,savremeno,pop,znak n,PER
d31505e0b649,savremeno,pop,Vatreni zn,PER
d31505e0b649,savremeno,pop,Vatren,PER
d31505e0b649,savremeno,pop,znak n,PER
d31505e0b649,savremeno,pop,Va,ORG
d31505e0b649,savremeno,pop,Vatren,PER
d31505e0b649,savremeno,pop,znak n,PER
d31505e0b649,savremeno,pop,Vatren,PER
d31505e0b649,savremeno,pop,znak n,PER
d31505e0b649,savremeno,pop,Vatren,PER
d31505e0b649,savremeno,pop,znak n,PER
d31505e0b649,savremeno,pop,Vatreni zn,PER
d31505e0b649,savremeno,pop,Vatren,PER
d31505e0b649,savremeno,pop,znak n,PER
d31505e0b649,savremeno,pop,Vatreni zn,PER
d31505e0b649,savremeno,pop,Vatren,PER
d31505e0b649,savremeno,pop,znak n,PER
f80be01e0104,savremeno,pop,Kaž,LOC
f80be01e0104,savremeno,pop,Kaž,LOC
4093362a6b12,savremeno,pop,ziv,ORG
4093362a6b12,savremeno,pop,Moj ziv,DERIV-PER
11ed071d4c76,savremeno,narodna_narodnjacka,cas,PER
11ed071d4c76,savremeno,narodna_narodnjacka,Ako,ORG
11ed071d4c76,savremeno,narodna_narodnjacka,Ako,ORG
1e219bbf9e1f,savremeno,narodna_narodnjacka, sv,PER
1e219bbf9e1f,savremeno,narodna_narodnjacka,svi ,PER
1e219bbf9e1f,savremeno,narodna_narodnjacka,svi ,PER
29bebd9eab6f,savremeno,narodna_narodnjacka,(La,ORG
29bebd9eab6f,savremeno,narodna_narodnjacka,(La,ORG
d55255e47d06,savremeno,narodna_narodnjacka,Od ,ORG
d55255e47d06,savremeno,narodna_narodnjacka,Od i,PER
382810bfbaf5,savremeno,turbo_folk, fu,ORG
382810bfbaf5,savremeno,turbo_folk,(Biće w,PER
382810bfbaf5,savremeno,turbo_folk,a fu,MISC
382810bfbaf5,savremeno,turbo_folk, what a fuck),MISC
382810bfbaf5,savremeno,turbo_folk,(Biće w,PER
382810bfbaf5,savremeno,turbo_folk,a fu,MISC
382810bfbaf5,savremeno,turbo_folk, what a fuck),MISC
382810bfbaf5,savremeno,turbo_folk,e what a fuck,MISC
382810bfbaf5,savremeno,turbo_folk,a fu,MISC
382810bfbaf5,savremeno,turbo_folk, what a fuck),MISC
ef4123e0e2ca,savremeno,turbo_folk,a čestita,PER
ef4123e0e2ca,savremeno,turbo_folk,a čestita,PER
ef4123e0e2ca,savremeno,turbo_folk,a čestita,PER
684443cba3eb,savremeno,turbo_folk,Mamurna,PER
bb4bdb14c882,savremeno,turbo_folk,Ljubi,PER
bb4bdb14c882,savremeno,turbo_folk,Ljubi,PER
bb4bdb14c882,savremeno,turbo_folk,Ljubi,PER
bb4bdb14c882,savremeno,turbo_folk,Ljubi,PER
3e5356ae2ad4,savremeno,turbo_folk,Ma,ORG
3e5356ae2ad4,savremeno,turbo_folk,Ma,ORG
3e5356ae2ad4,savremeno,turbo_folk,Ma ,LOC
3e5356ae2ad4,savremeno,turbo_folk,Ma,ORG
3e5356ae2ad4,savremeno,turbo_folk,Ma,ORG
659a530e226d,savremeno,turbo_folk,Tvo,LOC
cc71e081f619,savremeno,turbo_folk,", ludo v",PER
4954face338e,savremeno,turbo_folk,Bi,ORG
b078a244efbd,savremeno,turbo_folk,Ciao,PER
b078a244efbd,savremeno,turbo_folk,stavlja,LOC
b078a244efbd,savremeno,turbo_folk,"me, a t",PER
b078a244efbd,savremeno,turbo_folk,o amore,LOC
b078a244efbd,savremeno,turbo_folk,stavlj,LOC
b078a244efbd,savremeno,turbo_folk," me, a t",LOC
b078a244efbd,savremeno,turbo_folk,o amore,LOC
0b54eb1da072,savremeno,turbo_folk,Bi,ORG
0b54eb1da072,savremeno,turbo_folk,Bil,PER
0b54eb1da072,savremeno,turbo_folk,Bi,ORG
2f5d00ef71f3,savremeno,turbo_folk,Bog,PER
36de91322331,savremeno,turbo_folk,Dod,LOC
bfd270c22b63,savremeno,turbo_folk,e je go,LOC
92cf32de4c4c,savremeno,turbo_folk,avrti gr,PER
f2a987004805,savremeno,turbo_folk,Sve,LOC
bc285312c2fc,savremeno,turbo_folk,Lutao,PER
31b063cbe368,savremeno,turbo_folk,Uve,LOC
31b063cbe368,savremeno,turbo_folk,Uve,LOC
77b59f4fbe94,savremeno,turbo_folk,Sam,LOC
37ec1b05f6e2,savremeno,turbo_folk,"e
Po",PER
e971e783098c,savremeno,turbo_folk,Plače o,PER
7bb7ae15c0d2,savremeno,turbo_folk,Evo uzm,PER
61fca9293125,savremeno,turbo_folk,Dunava,LOC
61fca9293125,savremeno,turbo_folk,Dunava,LOC
0af65ce4c21c,savremeno,turbo_folk,Sa,ORG
edcf2e1f2410,savremeno,turbo_folk,rce ,PER
054af794aac3,savremeno,turbo_folk,Ja,PER
054af794aac3,savremeno,turbo_folk,Ja,PER
054af794aac3,savremeno,turbo_folk,Ja,PER
fb464ebe2911,savremeno,turbo_folk,s vise v,PER
fb464ebe2911,savremeno,turbo_folk,s vise v,PER
fb464ebe2911,savremeno,turbo_folk,s vise v,PER
fb464ebe2911,savremeno,turbo_folk,s vise v,PER
035144825c32,savremeno,turbo_folk,Ne,ORG
035144825c32,savremeno,turbo_folk,Ne,ORG
035144825c32,savremeno,turbo_folk,"em,",PER
78ac661566a4,savremeno,turbo_folk,kne ,PER
eed63a51e276,savremeno,turbo_folk,Zn,ORG
164797b9bb4f,savremeno,turbo_folk,U moju po,PER
7ae37695969d,savremeno,turbo_folk,Opet m,PER
e482039cf26b,savremeno,turbo_folk,Đto,LOC
e482039cf26b,savremeno,turbo_folk, tuž,MISC
e482039cf26b,savremeno,turbo_folk,Đto je t,PER
2ac67afe587a,savremeno,turbo_folk,ca,ORG
2ac67afe587a,savremeno,turbo_folk,bas bas,LOC
2ac67afe587a,savremeno,turbo_folk,s bas b,LOC
996dc074d523,savremeno,turbo_folk,Petrovaradina,LOC
996dc074d523,savremeno,turbo_folk,"varadina
Za",LOC
996dc074d523,savremeno,turbo_folk,"aradina
Za",LOC
996dc074d523,savremeno,turbo_folk,"radina
Z",LOC
996dc074d523,savremeno,turbo_folk,ad Petrovar,LOC
996dc074d523,savremeno,turbo_folk,ad Pe,LOC
996dc074d523,savremeno,turbo_folk,Iznad Pe,PER
996dc074d523,savremeno,turbo_folk,"aradina
Za",LOC
bcc4abbcdd50,savremeno,turbo_folk,Ti i ja sm,PER
6d7537ecb1ca,savremeno,turbo_folk,Ju,ORG
8f9997062a05,savremeno,turbo_folk,"ici
",PER
8f9997062a05,savremeno,turbo_folk,Ka,ORG
9aa9a0ec129f,savremeno,turbo_folk,Na koj,ORG
99ed753cbc10,savremeno,turbo_folk, me ,PER
5027b97d17b3,savremeno,turbo_folk,Da,ORG
25be86050950,savremeno,turbo_folk,Od,ORG
11cf9423277f,savremeno,turbo_folk,Kao case,ORG
7e3d50eaab6a,savremeno,turbo_folk,i bi,PER
7e3d50eaab6a,savremeno,turbo_folk,Uvek si,PER
82294caadca0,savremeno,turbo_folk,Ti,ORG
4beabb6ba32f,savremeno,turbo_folk,Jos u,PER
3c268bb3a45d,savremeno,turbo_folk,Mi,ORG
3c268bb3a45d,savremeno,turbo_folk,"ogu
",PER
3c268bb3a45d,savremeno,turbo_folk,Mis,LOC
cd5a9f0ba642,savremeno,turbo_folk,ansk,PER
eb8384b55078,savremeno,turbo_folk,Tvoje ,PER
25a3e0eb3cb7,savremeno,turbo_folk,Samo jedno,PER
e461787133ad,savremeno,turbo_folk, ja,PER
e461787133ad,savremeno,turbo_folk,Nis,LOC
6ddb6c2b997b,savremeno,turbo_folk,kiku,PER
6ddb6c2b997b,savremeno,turbo_folk,Ras,LOC
6ddb6c2b997b,savremeno,turbo_folk,la s,PER
6ddb6c2b997b,savremeno,turbo_folk,"u
D",PER
6ddb6c2b997b,savremeno,turbo_folk,Rasple,PER
edf2a7d339da,savremeno,pop,No,ORG
6337ea0ed32e,savremeno,pop,U prvom,LOC
6337ea0ed32e,savremeno,pop,U prvom,LOC
f61bb65a10f9,savremeno,pop,Kasno ,ORG
f8bdf36fd716,savremeno,pop,Ni,ORG
f8bdf36fd716,savremeno,pop,Ni,ORG
f8bdf36fd716,savremeno,pop,Ni,ORG
f8bdf36fd716,savremeno,pop,Ni,ORG
d23003660f7c,savremeno,pop,Ka,ORG
d23003660f7c,savremeno,pop,Ka,ORG
d23003660f7c,savremeno,pop,Ka,ORG
d23003660f7c,savremeno,pop,Ka,ORG
d23003660f7c,savremeno,pop,Ka,ORG
d23003660f7c,savremeno,pop,Ka,ORG
d23003660f7c,savremeno,pop,Ka,ORG
fa5eaffab0ba,savremeno,pop,Ka,ORG
fa5eaffab0ba,savremeno,pop,Ka,ORG
f9cbd564f8ba,savremeno,pop,Bio sa,ORG
6dc361c15e7e,savremeno,pop,Da,ORG
6dc361c15e7e,savremeno,pop,Da,ORG
5f162e891a57,savremeno,pop,Uplasi ,MISC
5f162e891a57,savremeno,pop,Upla,PER
5f162e891a57,savremeno,pop,Upla,PER
5f162e891a57,savremeno,pop,Uplasi ,MISC
5c75af926221,savremeno,pop,nista,PER
5c75af926221,savremeno,pop,nista,PER
5c75af926221,savremeno,pop,nista,PER
5c75af926221,savremeno,pop,nista,PER
6cad48d962c1,savremeno,pop,Ljubav,PER
8bb0255b0f1e,savremeno,pop,Nek,LOC
e7c7c14b94e5,savremeno,pop,Ne,ORG
e7c7c14b94e5,savremeno,pop,Ne,ORG
0bf9821a401e,savremeno,pop,zbogo,PER
0bf9821a401e,savremeno,pop,Kada r,ORG
ca0136a86412,sfrj,rok,Vo ,PER
ca0136a86412,sfrj,rok,Vo ,PER
ca0136a86412,sfrj,rok,Vo ,PER
9deb540d2354,sfrj,rok,Ka,ORG
9deb540d2354,sfrj,rok,Kao pt,ORG
62f928bc4fd6,sfrj,rok,Tvo,LOC
c5e3b156204c,sfrj,rok,i ti ,MISC
9e9d8a75885c,sfrj,pop,Priz,PER
9e9d8a75885c,sfrj,pop,Priz,PER
db34ba32daab,sfrj,pop,alfa rom,PER
db34ba32daab,sfrj,pop,m crve,LOC
db34ba32daab,sfrj,pop,bi na ,ORG
da89d047a8be,sfrj,pop,spod bora ,MISC
da89d047a8be,sfrj,pop, snijeg mi,MISC
da89d047a8be,sfrj,pop,Pada sn,PER
da89d047a8be,sfrj,pop,"kalar
Isp",PER
da89d047a8be,sfrj,pop,pod bora z,MISC
da89d047a8be,sfrj,pop, snijeg mi,MISC
da89d047a8be,sfrj,pop,Pada snijeg m,PER
da89d047a8be,sfrj,pop,Pada s,LOC
da89d047a8be,sfrj,pop, snijeg mi,MISC
da89d047a8be,sfrj,pop, snije,MISC
2a234a89d918,sfrj,pop,Uz,ORG
e1187ea75a2f,sfrj,pop,am ,PER
dc4ee5c7065c,sfrj,pop,a me če,LOC
c9c8262de134,sfrj,pop,"Laž, stol",PER
0191bf032269,sfrj,pop,Ka,ORG
0191bf032269,sfrj,pop,Kap,PER
25fbd03b1a8c,sfrj,pop,Ak,ORG
037ea8b5b8e0,sfrj,pop,ako stoji s,PER
b6137fb92ff1,sfrj,pop,ako stoji s,PER
0d993c06243e,sfrj,pop,V,ORG
0d993c06243e,sfrj,pop,V,ORG
c5c08f489fba,sfrj,pop,Vitak,MISC
7d425a212aec,sfrj,pop,"a
",PER
7d425a212aec,sfrj,pop,"a
",PER
ec951a750c3b,sfrj,pop,Slano i Ljutu,LOC
ec951a750c3b,sfrj,pop,"anu
",LOC
ec951a750c3b,sfrj,pop,i to ,PER
ec951a750c3b,sfrj,pop,"a žuku,",LOC
ec951a750c3b,sfrj,pop,ano,LOC
ec951a750c3b,sfrj,pop,Ko mi to,PER
ec951a750c3b,sfrj,pop,sipa ž,LOC
ec951a750c3b,sfrj,pop, Slan,LOC
ec951a750c3b,sfrj,pop,ano i L,MISC
ec951a750c3b,sfrj,pop,ranu,LOC
02729f1cab17,sfrj,pop,"i, čeka",LOC
57a2e70da079,sfrj,pop, bilo lice moje,LOC
9e74e65dc5c5,sfrj,pop,Jubavi,PER
9e74e65dc5c5,sfrj,pop,Jubavi,PER
9e74e65dc5c5,sfrj,pop,iči u,PER
9e74e65dc5c5,sfrj,pop,Jubav,PER
9e74e65dc5c5,sfrj,pop,Jubavi,PER
9e74e65dc5c5,sfrj,pop,Jubavi,PER
9e74e65dc5c5,sfrj,pop,Jubav,PER
9e74e65dc5c5,sfrj,pop,Jubav,PER
5525b234e602,sfrj,pop,Jos s,PER
5525b234e602,sfrj,pop,Jos s,PER
5fa047df728e,sfrj,pop,Rekli ,ORG
8bd4d8f7fcae,sfrj,pop,avom besk,PER
8bd4d8f7fcae,sfrj,pop,lavom bes,PER
8bd4d8f7fcae,sfrj,pop,lavom bes,PER
8bd4d8f7fcae,sfrj,pop, beskraju,PER
8bd4d8f7fcae,sfrj,pop,"beskraju
",PER
8bd4d8f7fcae,sfrj,pop,"beskraju
",PER
8bd4d8f7fcae,sfrj,pop,m beskraj,PER
e5f9c55e5899,sfrj,pop,Lara,PER
e5f9c55e5899,sfrj,pop, Lar,PER
e5f9c55e5899,sfrj,pop,e s ,PER
e5f9c55e5899,sfrj,pop,e s ,PER
e5f9c55e5899,sfrj,pop,Tv,ORG
e5f9c55e5899,sfrj,pop,"jeh,",PER
30d28b0571e5,sfrj,pop,ale p,PER
e99984ede1b6,sfrj,pop, lipse od,LOC
e99984ede1b6,sfrj,pop, lipse od,LOC
e99984ede1b6,sfrj,pop, lipse od,LOC
e99984ede1b6,sfrj,pop, lipse od,LOC
e37225481aea,sfrj,pop,fontane,PER
e37225481aea,sfrj,pop,fontane ,LOC
2adebe241450,sfrj,pop,tari rimski,PER
2adebe241450,sfrj,pop," car
a",LOC
2adebe241450,sfrj,pop,je bij,LOC
2adebe241450,sfrj,pop,metan ,LOC
2adebe241450,sfrj,pop,je bij,LOC
2adebe241450,sfrj,pop,metan ,LOC
2adebe241450,sfrj,pop, bija ,LOC
2adebe241450,sfrj,pop,tan ti,LOC
2adebe241450,sfrj,pop,i car,LOC
2adebe241450,sfrj,pop,etan ,LOC
2adebe241450,sfrj,pop, star,LOC
2adebe241450,sfrj,pop, pametan,LOC
2adebe241450,sfrj,pop,tari r,PER
4cf3d776d085,sfrj,pop,pismu o,LOC
4cf3d776d085,sfrj,pop," finu
č",LOC
7ff54887cb60,sfrj,pop,Potraž,PER
7ff54887cb60,sfrj,pop,Potraž,PER
93cde341f48b,sfrj,pop,gdje ,PER
466eed6ed0d9,sfrj,pop,Sino,PER
466eed6ed0d9,sfrj,pop,Sinoć kad sklop,PER
466eed6ed0d9,sfrj,pop,Sinoć k,PER
272cb79c662b,sfrj,pop,gog ok,PER
272cb79c662b,sfrj,pop,U zaru d,PER
67416cd15cab,sfrj,pop,Šutjeti,PER
3581e494e21a,sfrj,pop,Sutra ,PER
285fcd001bc8,sfrj,pop,d t,PER
285fcd001bc8,sfrj,pop,d t,PER
1d6006fecc68,sfrj,pop,Da,ORG
1d6006fecc68,sfrj,pop,Da,ORG
1d6006fecc68,sfrj,pop,Da,ORG
ad9d37cc0bdc,sfrj,pop,Na t,PER
9b8774443ef2,sfrj,pop,e moga ,LOC
9b8774443ef2,sfrj,pop,"a,
l",LOC
9b8774443ef2,sfrj,pop,stan,LOC
9b8774443ef2,sfrj,pop,ane brod ,LOC
9b8774443ef2,sfrj,pop,stane bro,LOC
9b8774443ef2,sfrj,pop,ek’ p,PER
9b8774443ef2,sfrj,pop,Pjesma ne,LOC
9b8774443ef2,sfrj,pop,e moga ,LOC
44b38198fff2,sfrj,rok,Press,ORG
44b38198fff2,sfrj,rok,čim k,PER
44b38198fff2,sfrj,rok,Pres,PER
44b38198fff2,sfrj,rok,Press,ORG
44b38198fff2,sfrj,rok,Pres,PER
44b38198fff2,sfrj,rok,Press,ORG
44b38198fff2,sfrj,rok,Pres,PER
44b38198fff2,sfrj,rok,Press,ORG
44b38198fff2,sfrj,rok,Pres,PER
44b38198fff2,sfrj,rok,"Press:
P",LOC
44b38198fff2,sfrj,rok,Press,ORG
44b38198fff2,sfrj,rok,Pres,PER
44b38198fff2,sfrj,rok,"Press:
P",LOC
44b38198fff2,sfrj,rok,"al
Pogleda",MISC
44b38198fff2,sfrj,rok,Pres,PER
0e935a471bc9,sfrj,rok,Sejo ,PER
0e935a471bc9,sfrj,rok,"r osjeća
S",MISC
0e935a471bc9,sfrj,rok,nas s,PER
0e935a471bc9,sfrj,rok,r osje,PER
0e935a471bc9,sfrj,rok,Sejo,PER
0e935a471bc9,sfrj,rok,Sejo,PER
0e935a471bc9,sfrj,rok,per osje,PER
0e935a471bc9,sfrj,rok,"eća
Sinoć ",MISC
0e935a471bc9,sfrj,rok,"r osjeća
S",MISC
c93916a69f1a,sfrj,rok,KK,ORG
c93916a69f1a,sfrj,rok,Koševo,PER
c93916a69f1a,sfrj,rok,KK K,PER
c93916a69f1a,sfrj,rok,evo j,LOC
c93916a69f1a,sfrj,rok,bila,PER
c93916a69f1a,sfrj,rok,kipa ,LOC
c93916a69f1a,sfrj,rok,KK,ORG
c93916a69f1a,sfrj,rok,"lidna
Boro, ",PER
c93916a69f1a,sfrj,rok,KK K,PER
c93916a69f1a,sfrj,rok,la ek,LOC
c93916a69f1a,sfrj,rok,je b,PER
c93916a69f1a,sfrj,rok," solidna
B",PER
c93916a69f1a,sfrj,rok,ek,ORG
c93916a69f1a,sfrj,rok,a soli,ORG
c93916a69f1a,sfrj,rok,KK,ORG
c93916a69f1a,sfrj,rok,ošev,PER
c93916a69f1a,sfrj,rok,pa solid,PER
c93916a69f1a,sfrj,rok,a ekipa sol,PER
c93916a69f1a,sfrj,rok,"na
Boro, S",PER
c93916a69f1a,sfrj,rok,pa solid,PER
c93916a69f1a,sfrj,rok,e bi,LOC
c93916a69f1a,sfrj,rok,KK Koševo,PER
c93916a69f1a,sfrj,rok,ila eki,ORG
c93916a69f1a,sfrj,rok, soli,LOC
c93916a69f1a,sfrj,rok,KK Koševo j,PER
c93916a69f1a,sfrj,rok,"na
Bor",PER
c93916a69f1a,sfrj,rok,KK,ORG
c93916a69f1a,sfrj,rok,dn,ORG
c93916a69f1a,sfrj,rok,"Boro, ",ORG
9ea3d79a646e,sfrj,rok,Žuga,PER
9ea3d79a646e,sfrj,rok,"bro
",PER
9ea3d79a646e,sfrj,rok,išon,LOC
9ea3d79a646e,sfrj,rok,išon,LOC
9ea3d79a646e,sfrj,rok,a im,PER
9ea3d79a646e,sfrj,rok,Pišo,PER
9ea3d79a646e,sfrj,rok,Žuga su p,LOC
9ea3d79a646e,sfrj,rok,Žuga,PER
9ea3d79a646e,sfrj,rok,Žuga,PER
9ea3d79a646e,sfrj,rok,Žuga,PER
9ea3d79a646e,sfrj,rok,u pamti,PER
9ea3d79a646e,sfrj,rok,dobr,PER
9ea3d79a646e,sfrj,rok,Pišonja,PER
9ea3d79a646e,sfrj,rok,"amtili dobro
",ORG
9ea3d79a646e,sfrj,rok,išonja i Žug,PER
9ea3d79a646e,sfrj,rok,pamti,PER
9ea3d79a646e,sfrj,rok,Pišonja,PER
9ea3d79a646e,sfrj,rok,Pišonja i ,PER
9ea3d79a646e,sfrj,rok,Pišonja,PER
9ea3d79a646e,sfrj,rok,Pišo,PER
9ea3d79a646e,sfrj,rok,pamtili,PER
9ea3d79a646e,sfrj,rok,i dob,LOC
9ea3d79a646e,sfrj,rok,Pišonja i ,PER
9ea3d79a646e,sfrj,rok, te ve,LOC
9ea3d79a646e,sfrj,rok,Žuga,PER
9ea3d79a646e,sfrj,rok,"amtili dobro
Št",MISC
9ea3d79a646e,sfrj,rok,Pišonj,PER
9ea3d79a646e,sfrj,rok,uga su ,LOC
9ea3d79a646e,sfrj,rok,li dobr,PER
9ea3d79a646e,sfrj,rok,im j,PER
9ea3d79a646e,sfrj,rok,Žuga,PER
9ea3d79a646e,sfrj,rok,"amtili dobro
Št",MISC
9ea3d79a646e,sfrj,rok, Žuga s,PER
9ea3d79a646e,sfrj,rok,Žuga s,ORG
9ea3d79a646e,sfrj,rok, i Ž,PER
9ea3d79a646e,sfrj,rok,Pišonja i Žug,PER
9ea3d79a646e,sfrj,rok,Žuga,PER
9ea3d79a646e,sfrj,rok, Žuga s,PER
9ea3d79a646e,sfrj,rok,amti,PER
38d4aca50769,sfrj,rok, i svetio,LOC
c2bfebca1f74,sfrj,rok, i svetio,LOC
cc3ae2ae4304,sfrj,rok,s ne,PER
cc3ae2ae4304,sfrj,rok,s ne,PER
cc3ae2ae4304,sfrj,rok,as n,LOC
cc3ae2ae4304,sfrj,rok,as n,LOC
af68e4bbcf15,sfrj,rok,bez kr,PER
af68e4bbcf15,sfrj,rok,Čejeni ,PER
af68e4bbcf15,sfrj,rok,"noja
Bez ",ORG
af68e4bbcf15,sfrj,rok,laze b,LOC
af68e4bbcf15,sfrj,rok," krvi,",PER
36cf344eeba8,sfrj,rok,Dan Republike,LOC
36cf344eeba8,sfrj,rok,"epublike
I",PER
36cf344eeba8,sfrj,rok,"epublike
I st",MISC
36cf344eeba8,sfrj,rok,"epublike
I st",MISC
36cf344eeba8,sfrj,rok,"epublike
I st",MISC
36cf344eeba8,sfrj,rok,"Republike
I ",PER
36cf344eeba8,sfrj,rok, je Dan Repub,MISC
36cf344eeba8,sfrj,rok,"epublike
I st",MISC
36cf344eeba8,sfrj,rok,"epublike
I st",MISC
36cf344eeba8,sfrj,rok,Dan Republike,LOC
36cf344eeba8,sfrj,rok,Dan Republike,LOC
36cf344eeba8,sfrj,rok,"epublike
I st",MISC
36cf344eeba8,sfrj,rok,"epublike
I st",MISC
36cf344eeba8,sfrj,rok,"epublike
I st",MISC
36cf344eeba8,sfrj,rok,"blike
I",PER
36cf344eeba8,sfrj,rok,"epublike
I st",MISC
36cf344eeba8,sfrj,rok,"epublike
I st",MISC
36cf344eeba8,sfrj,rok,"epublike
I st",MISC
36cf344eeba8,sfrj,rok,"epublike
I st",MISC
36cf344eeba8,sfrj,rok,"Republike
I ",PER
36cf344eeba8,sfrj,rok, je Dan Repub,MISC
36cf344eeba8,sfrj,rok,"epublike
I st",MISC
36cf344eeba8,sfrj,rok,"epublike
I st",MISC
36cf344eeba8,sfrj,rok,s je Dan ,LOC
21c48af61817,sfrj,rok,voje š,DERIV-PER
21c48af61817,sfrj,rok,Uzalu,ORG
21c48af61817,sfrj,rok, špic,PER
bb7f305bbb0a,sfrj,rok,Pa,ORG
bb7f305bbb0a,sfrj,rok,"Pare,",PER
bb7f305bbb0a,sfrj,rok,Pa,ORG
bb7f305bbb0a,sfrj,rok,"Pare,",PER
bb7f305bbb0a,sfrj,rok,Pa,ORG
ba409edb3703,sfrj,rok,ivaz,PER
ba409edb3703,sfrj,rok,Sam,PER
ba409edb3703,sfrj,rok, brz,PER
ba409edb3703,sfrj,rok,Sa,ORG
ba409edb3703,sfrj,rok,Sam davo,PER
ba409edb3703,sfrj,rok,Sa,ORG
ba409edb3703,sfrj,rok,"e
I r",PER
ba409edb3703,sfrj,rok,"e
I r",PER
ba409edb3703,sfrj,rok,am d,PER
090853d87345,sfrj,rok,bijene b,PER
090853d87345,sfrj,rok," su
Razbijene ",ORG
090853d87345,sfrj,rok,azbijene,ORG
090853d87345,sfrj,rok,"ne boce, ",LOC
090853d87345,sfrj,rok,"oce, ",PER
090853d87345,sfrj,rok,bijene b,PER
090853d87345,sfrj,rok," su
Razbijene ",ORG
090853d87345,sfrj,rok,azbijene,ORG
090853d87345,sfrj,rok,azbijene,PER
1185e3c06024,sfrj,rok,Fikreta,ORG
1185e3c06024,sfrj,rok," i dna
",PER
1185e3c06024,sfrj,rok,"na
Još ",PER
cfbd0583921e,sfrj,rok,"tari i ja,
Na bic",MISC
cfbd0583921e,sfrj,rok,a bicikl,LOC
cfbd0583921e,sfrj,rok,i i ja,ORG
cfbd0583921e,sfrj,rok, bicik,ORG
cfbd0583921e,sfrj,rok,"i i ja,
N",LOC
cfbd0583921e,sfrj,rok," i ja,
N",LOC
cfbd0583921e,sfrj,rok, stari i,LOC
cfbd0583921e,sfrj,rok, stari i,LOC
cfbd0583921e,sfrj,rok, moj stari i ,LOC
cfbd0583921e,sfrj,rok,69-a m,DERIV-PER
cfbd0583921e,sfrj,rok," i ja,
N",LOC
cfbd0583921e,sfrj,rok, stari i,LOC
cfbd0583921e,sfrj,rok, stari i,LOC
cfbd0583921e,sfrj,rok," i ja,
N",LOC
cfbd0583921e,sfrj,rok, stari i,LOC
cfbd0583921e,sfrj,rok, stari i,LOC
cfbd0583921e,sfrj,rok, stari i,LOC
cfbd0583921e,sfrj,rok, stari i,LOC
cfbd0583921e,sfrj,rok, stari i,LOC
31ac57ee68cc,sfrj,rok,Pokupila ,PER
31ac57ee68cc,sfrj,rok,Pokupila je,PER
31ac57ee68cc,sfrj,rok,Pokupila je o,PER
31ac57ee68cc,sfrj,rok,"ela
Pogled",PER
31ac57ee68cc,sfrj,rok,e ost,PER
faf3eef8be08,sfrj,rok,U ,ORG
faf3eef8be08,sfrj,rok,ju se kif,MISC
faf3eef8be08,sfrj,rok,"kifle,
N",PER
6f2c6a55467e,sfrj,rok,Pos’o je,PER
6f2c6a55467e,sfrj,rok,"ara laka
Buraze",PER
6f2c6a55467e,sfrj,rok," a para laka
Bu",PER
6f2c6a55467e,sfrj,rok,Pos’o j,PER
56358c9a0ce9,sfrj,rok,Obuko sam bije,PER
56358c9a0ce9,sfrj,rok,"icu
I ",LOC
56358c9a0ce9,sfrj,rok,eni š,LOC
56358c9a0ce9,sfrj,rok,Obuko,PER
56358c9a0ce9,sfrj,rok,am bi,PER
56358c9a0ce9,sfrj,rok,"lu kapicu
I cr",PER
56358c9a0ce9,sfrj,rok,bijelu,PER
56358c9a0ce9,sfrj,rok,jelu k,PER
56358c9a0ce9,sfrj,rok,Obuko sam bije,PER
56358c9a0ce9,sfrj,rok,"icu
I ",LOC
56358c9a0ce9,sfrj,rok,eni š,LOC
56358c9a0ce9,sfrj,rok,Obuko,PER
56358c9a0ce9,sfrj,rok,am bi,PER
56358c9a0ce9,sfrj,rok,"lu kapicu
I cr",PER
92b16184b821,sfrj,rok,e iz,ORG
92b16184b821,sfrj,rok,"sedam gora,
Gdje voz",ORG
92b16184b821,sfrj,rok,"gora,",PER
92b16184b821,sfrj,rok,edam go,PER
92b16184b821,sfrj,rok,"e iza sedam gora,
G",PER
92b16184b821,sfrj,rok,"ra,
",LOC
92b16184b821,sfrj,rok,Tamo negdje,PER
92b16184b821,sfrj,rok, sedam ,LOC
92b16184b821,sfrj,rok,Ta,ORG
92b16184b821,sfrj,rok,"je iza sedam gora,
",PER
92b16184b821,sfrj,rok,Tamo negdje ,PER
92b16184b821,sfrj,rok,mo negdj,LOC
92b16184b821,sfrj,rok,Ta,ORG
92b16184b821,sfrj,rok,mo negdj,PER
92b16184b821,sfrj,rok,Tamo ,ORG
92b16184b821,sfrj,rok,Ta,ORG
92b16184b821,sfrj,rok,"je iza sedam gora,
",PER
92b16184b821,sfrj,rok,je iz,PER
92b16184b821,sfrj,rok,"a,
Gd",PER
92b16184b821,sfrj,rok,Tamo negdje i,PER
92b16184b821,sfrj,rok,Tamo negdje,PER
92b16184b821,sfrj,rok,Ta,ORG
92b16184b821,sfrj,rok,amo ,PER
92b16184b821,sfrj,rok,"gora,
Gdje",LOC
92b16184b821,sfrj,rok,dam gora,LOC
92b16184b821,sfrj,rok,Ta,ORG
92b16184b821,sfrj,rok,za sed,PER
1ac223abbd42,sfrj,rok," se,",PER
1ac223abbd42,sfrj,rok,ahme,PER
1ac223abbd42,sfrj,rok,"se, ",PER
1ac223abbd42,sfrj,rok,Ku,ORG
1ac223abbd42,sfrj,rok, rah,LOC
1ac223abbd42,sfrj,rok,vam ,PER
1ac223abbd42,sfrj,rok,etom mi,PER
1ac223abbd42,sfrj,rok,etom,PER
1ac223abbd42,sfrj,rok,dini,LOC
1ac223abbd42,sfrj,rok,"am se, r",ORG
1ac223abbd42,sfrj,rok,vam se,PER
1ac223abbd42,sfrj,rok,ne,PER
1ac223abbd42,sfrj,rok,nem vam s,PER
1ac223abbd42,sfrj,rok,ne,PER
1ac223abbd42,sfrj,rok,nem vam ,PER
1ac223abbd42,sfrj,rok,Ku,ORG
1ac223abbd42,sfrj,rok,om m,PER
1ac223abbd42,sfrj,rok," vam se, ra",PER
1ac223abbd42,sfrj,rok,Kunem ,PER
1ac223abbd42,sfrj,rok,hmet,PER
1ac223abbd42,sfrj,rok,edini,PER
1ac223abbd42,sfrj,rok,Ku,ORG
1ac223abbd42,sfrj,rok, vam,PER
a8865bf126f1,sfrj,rok,Ja,ORG
a8865bf126f1,sfrj,rok,Ja,ORG
c62f7be4e904,sfrj,rok,Banja Luke,LOC
c62f7be4e904,sfrj,rok,"z Banja Luke,
I ",LOC
c62f7be4e904,sfrj,rok,Rekla je da j,PER
c62f7be4e904,sfrj,rok,Re,ORG
c62f7be4e904,sfrj,rok,a je da j,LOC
c62f7be4e904,sfrj,rok,Rekla je ,LOC
c62f7be4e904,sfrj,rok,Rekla je da j,PER
c62f7be4e904,sfrj,rok, da je iz Banja ,LOC
32bac6fd431a,sfrj,rok,Kanjon Drine,LOC
32bac6fd431a,sfrj,rok,Kanjon Drine,PER
32bac6fd431a,sfrj,rok,e iz,PER
32bac6fd431a,sfrj,rok,Kanjo,PER
32bac6fd431a,sfrj,rok,",
Sto",LOC
32bac6fd431a,sfrj,rok,Kanjo,PER
32bac6fd431a,sfrj,rok,je iza n,LOC
32bac6fd431a,sfrj,rok,Kanjon Drine,LOC
32bac6fd431a,sfrj,rok,"nas,
Sto",PER
32bac6fd431a,sfrj,rok,Kanjon Drine,LOC
fa9e62593f8a,sfrj,rok, nema sv,PER
fa9e62593f8a,sfrj,rok,vidi se p,LOC
fa9e62593f8a,sfrj,rok,ada nema,PER
fa9e62593f8a,sfrj,rok,kada nem,PER
fa9e62593f8a,sfrj,rok,ada nema,PER
fa9e62593f8a,sfrj,rok,e put ,LOC
fa9e62593f8a,sfrj,rok,Pon,PER
fa9e62593f8a,sfrj,rok,ada nema,PER
fa9e62593f8a,sfrj,rok," noću,",LOC
fa9e62593f8a,sfrj,rok, se put ,PER
fa9e62593f8a,sfrj,rok,Ponekad ,PER
fa9e62593f8a,sfrj,rok,Ponekad ,PER
fa9e62593f8a,sfrj,rok,Ponekad ,PER
fa9e62593f8a,sfrj,rok,Pone,PER
fa9e62593f8a,sfrj,rok,ema sv,LOC
fa9e62593f8a,sfrj,rok,ada nem,LOC
fa9e62593f8a,sfrj,rok, vidi se,PER
fa9e62593f8a,sfrj,rok,ne v,PER
fa9e62593f8a,sfrj,rok,sv,PER
fa9e62593f8a,sfrj,rok,Ponekad ,PER
fa9e62593f8a,sfrj,rok,Ponekad ,PER
fa9e62593f8a,sfrj,rok,Ponekad ,PER
fa9e62593f8a,sfrj,rok,Pone,PER
143c888cbec8,sfrj,rok,Do,ORG
143c888cbec8,sfrj,rok,"o…
Ma ne",LOC
143c888cbec8,sfrj,rok,Do,ORG
09bfc0284ad4,sfrj,rok,raviš po,MISC
09bfc0284ad4,sfrj,rok,aviš,ORG
09bfc0284ad4,sfrj,rok,z i ljuba,PER
09bfc0284ad4,sfrj,rok,Da zabora,LOC
09bfc0284ad4,sfrj,rok,Da zaboraviš ,LOC
09bfc0284ad4,sfrj,rok, zaboraviš p,PER
09bfc0284ad4,sfrj,rok, zab,PER
09bfc0284ad4,sfrj,rok, zaboraviš p,PER
09bfc0284ad4,sfrj,rok, zaborav,MISC
905ed35661ea,sfrj,rok,Evo,ORG
905ed35661ea,sfrj,rok, god,ORG
905ed35661ea,sfrj,rok, god,ORG
905ed35661ea,sfrj,rok, god,ORG
905ed35661ea,sfrj,rok,"ma
Ni",LOC
905ed35661ea,sfrj,rok, god,ORG
0a885dd8e724,sfrj,rok,"eli
Na ",PER
0a885dd8e724,sfrj,rok,"li
Na teb",PER
0a885dd8e724,sfrj,rok,U ,ORG
0a885dd8e724,sfrj,rok,"eli
Na ",PER
0a885dd8e724,sfrj,rok,"li
Na teb",PER
0a885dd8e724,sfrj,rok,be smo s,DERIV-PER
0a885dd8e724,sfrj,rok,U ,ORG
0a885dd8e724,sfrj,rok,"li
Na teb",LOC
1f53f81b73d7,sfrj,rok,Bejbi b,PER
1f53f81b73d7,sfrj,rok,Bejbi b,PER
4512d475da8f,sfrj,rok,"
U grud",LOC
4512d475da8f,sfrj,rok,Idem uz a,MISC
a4b9448c03d8,sfrj,rok,Koševo,DERIV-PER
a4b9448c03d8,sfrj,rok, 17-ka za Ko,PER
a4b9448c03d8,sfrj,rok,-ka za Koš,LOC
a4b9448c03d8,sfrj,rok,onoćn,ORG
a4b9448c03d8,sfrj,rok,oćna ,ORG
a4b9448c03d8,sfrj,rok,17-ka za,PER
a4b9448c03d8,sfrj,rok,17-ka ,LOC
a4b9448c03d8,sfrj,rok,e ponoćna,PER
a4b9448c03d8,sfrj,rok,e ponoćna,PER
a4b9448c03d8,sfrj,rok,e ponoćna,PER
a4b9448c03d8,sfrj,rok,Dok ,PER
a4b9448c03d8,sfrj,rok,Dok ,PER
a4b9448c03d8,sfrj,rok,a 17-ka ,LOC
a4b9448c03d8,sfrj,rok,Dok je,PER
a4b9448c03d8,sfrj,rok, je ,PER
a4b9448c03d8,sfrj,rok,Dok je pono,PER
a4b9448c03d8,sfrj,rok,noćna 17-ka ,PER
a4b9448c03d8,sfrj,rok,e ponoćna,PER
a4b9448c03d8,sfrj,rok,e ponoćna,PER
a4b9448c03d8,sfrj,rok,e ponoćna,PER
a4b9448c03d8,sfrj,rok,Dok ,PER
a4b9448c03d8,sfrj,rok,Dok ,PER
a4b9448c03d8,sfrj,rok,ok je po,PER
a4b9448c03d8,sfrj,rok,a 17-,PER
a4b9448c03d8,sfrj,rok,e ponoćna,PER
a4b9448c03d8,sfrj,rok,e ponoćna,PER
a4b9448c03d8,sfrj,rok,e ponoćna,PER
a4b9448c03d8,sfrj,rok,Dok ,PER
a4b9448c03d8,sfrj,rok,Dok ,ORG
7118d990fada,sfrj,rok,Nevesela,LOC
7118d990fada,sfrj,rok,Rodom ,PER
559ffbeb2b66,sfrj,rok,Murga,PER
559ffbeb2b66,sfrj,rok,Naš M,PER
559ffbeb2b66,sfrj,rok,Naš Murg,PER
559ffbeb2b66,sfrj,rok,ije o,PER
559ffbeb2b66,sfrj,rok,ije o,PER
559ffbeb2b66,sfrj,rok,"Naš Murga nije običan drot
Njeg",MISC
559ffbeb2b66,sfrj,rok,Naš Mur,MISC
559ffbeb2b66,sfrj,rok, nije,PER
559ffbeb2b66,sfrj,rok,Naš M,PER
559ffbeb2b66,sfrj,rok,e obi,PER
559ffbeb2b66,sfrj,rok,e met,PER
559ffbeb2b66,sfrj,rok,Naš M,PER
9837e6568969,sfrj,rok,"radu
",PER
9837e6568969,sfrj,rok,Slavni,PER
9837e6568969,sfrj,rok, je u,PER
9837e6568969,sfrj,rok, je u,PER
9837e6568969,sfrj,rok,Slavn,PER
9837e6568969,sfrj,rok,"radu
",PER
9837e6568969,sfrj,rok,Slavni,PER
9837e6568969,sfrj,rok, je u,PER
9837e6568969,sfrj,rok, u našem gradu,MISC
9837e6568969,sfrj,rok, je u,PER
9837e6568969,sfrj,rok,Slavn,PER
9837e6568969,sfrj,rok,grad,PER
9837e6568969,sfrj,rok,er je,PER
9837e6568969,sfrj,rok, je u,PER
6d5c1e0f5302,sfrj,rok,om nij,LOC
6d5c1e0f5302,sfrj,rok,Lj,ORG
6d5c1e0f5302,sfrj,rok,i u ko,DERIV-PER
6d5c1e0f5302,sfrj,rok,"olonama
Nikom n",PER
6d5c1e0f5302,sfrj,rok,"ama
",LOC
6d5c1e0f5302,sfrj,rok,"ma
N",MISC
6d5c1e0f5302,sfrj,rok,"ma
N",MISC
6d5c1e0f5302,sfrj,rok,udi,ORG
6d5c1e0f5302,sfrj,rok,su i,PER
6d5c1e0f5302,sfrj,rok,Ljudi s,PER
6d5c1e0f5302,sfrj,rok,išli ,PER
6d5c1e0f5302,sfrj,rok,kolo,PER
6d5c1e0f5302,sfrj,rok,m nije,DERIV-PER
6d5c1e0f5302,sfrj,rok,"ma
N",MISC
6d5c1e0f5302,sfrj,rok,šli ,LOC
6d5c1e0f5302,sfrj,rok,"ma
N",MISC
6d5c1e0f5302,sfrj,rok,"ma
N",MISC
6d5c1e0f5302,sfrj,rok,Lj,ORG
6d5c1e0f5302,sfrj,rok,"ma
N",PER
6d5c1e0f5302,sfrj,rok,Ljudi su iš,LOC
6d5c1e0f5302,sfrj,rok, u kolonama,LOC
ca11b6a984e0,sfrj,rok,Kažu da s,PER
ca11b6a984e0,sfrj,rok,Crve,LOC
ca11b6a984e0,sfrj,rok,Ka,ORG
ca11b6a984e0,sfrj,rok,Kažu da s,PER
ca11b6a984e0,sfrj,rok,u da si s domob,ORG
ca11b6a984e0,sfrj,rok,Ka,ORG
ca11b6a984e0,sfrj,rok,žu da si ,LOC
ca11b6a984e0,sfrj,rok,Kaž,LOC
ca11b6a984e0,sfrj,rok,Kaž,LOC
8005832297f5,sfrj,rok,g ,ORG
8005832297f5,sfrj,rok,Sv,ORG
8005832297f5,sfrj,rok,Svakog da,PER
8005832297f5,sfrj,rok,dižeš us,PER
8005832297f5,sfrj,rok,eš ,PER
8005832297f5,sfrj,rok,Sva,LOC
8005832297f5,sfrj,rok,Svakog da,PER
8005832297f5,sfrj,rok,dižeš us,PER
8005832297f5,sfrj,rok,eš ,PER
5ecd2e71a0f7,sfrj,rok, da ,PER
5ecd2e71a0f7,sfrj,rok,Pamtim to k,ORG
5ecd2e71a0f7,sfrj,rok,Pamt,PER
5ecd2e71a0f7,sfrj,rok,a je bilo ,ORG
5ecd2e71a0f7,sfrj,rok,Pa,ORG
5ecd2e71a0f7,sfrj,rok,Pamtim to,PER
5ecd2e71a0f7,sfrj,rok,e bilo ,PER
5ecd2e71a0f7,sfrj,rok,e bilo,LOC
5ecd2e71a0f7,sfrj,rok,da je,PER
5ecd2e71a0f7,sfrj,rok,e babo A,LOC
5ecd2e71a0f7,sfrj,rok,danas,PER
5ecd2e71a0f7,sfrj,rok, da j,PER
5ecd2e71a0f7,sfrj,rok,je ba,PER
5ecd2e71a0f7,sfrj,rok,e babo A,LOC
371c7150523a,sfrj,rok,Čitluku,LOC
371c7150523a,sfrj,rok, a,PER
371c7150523a,sfrj,rok,Rekli ,PER
371c7150523a,sfrj,rok, na aero,PER
371c7150523a,sfrj,rok,"uku,
Re",LOC
371c7150523a,sfrj,rok,"
Rekl",PER
371c7150523a,sfrj,rok,itl,PER
371c7150523a,sfrj,rok,"u,
R",PER
371c7150523a,sfrj,rok,i su m,PER
371c7150523a,sfrj,rok,m na aer,PER
371c7150523a,sfrj,rok,rodrom u ,PER
371c7150523a,sfrj,rok,Sleti,PER
371c7150523a,sfrj,rok,u Čitl,DERIV-PER
371c7150523a,sfrj,rok, Čitluku,PER
371c7150523a,sfrj,rok,na aerodrom ,PER
371c7150523a,sfrj,rok,na aerodrom ,PER
371c7150523a,sfrj,rok,na aerodrom ,PER
371c7150523a,sfrj,rok,na ae,PER
371c7150523a,sfrj,rok,Rekli su,PER
371c7150523a,sfrj,rok,Sletio s,PER
371c7150523a,sfrj,rok," Čitluku,
",PER
371c7150523a,sfrj,rok, na aero,PER
371c7150523a,sfrj,rok,na ae,PER
371c7150523a,sfrj,rok,sa,ORG
371c7150523a,sfrj,rok,na aerod,LOC
371c7150523a,sfrj,rok,"Čitluku,",PER
371c7150523a,sfrj,rok,Sl,ORG
371c7150523a,sfrj,rok,"tluku,
Rekl",LOC
371c7150523a,sfrj,rok,leti,PER
371c7150523a,sfrj,rok,"tluku,
R",PER
371c7150523a,sfrj,rok,š vidjet,PER
62ad4b41764a,sfrj,rok, mal,PER
62ad4b41764a,sfrj,rok, si lj,PER
62ad4b41764a,sfrj,rok,znam,PER
62ad4b41764a,sfrj,rok,"i ljuta
",PER
62ad4b41764a,sfrj,rok,Pi,ORG
f185def84789,sfrj,rok,Elvise,MISC
f185def84789,sfrj,rok,", tako sam",LOC
f185def84789,sfrj,rok,"Elvise, tak",PER
f185def84789,sfrj,rok,"O, Elv",PER
f185def84789,sfrj,rok,"O, Elvis",ORG
f185def84789,sfrj,rok,"
Imam ",PER
f185def84789,sfrj,rok,"O,",ORG
f185def84789,sfrj,rok,Imam,LOC
f185def84789,sfrj,rok,Elvise,ORG
f185def84789,sfrj,rok,"am sretna,",PER
f185def84789,sfrj,rok,"O, Elvis",LOC
22d5307938d7,sfrj,rok,Pišonju,PER
22d5307938d7,sfrj,rok,Žugu,PER
22d5307938d7,sfrj,rok,Žugu ,PER
22d5307938d7,sfrj,rok,Pišon,PER
22d5307938d7,sfrj,rok,e “Mo,LOC
22d5307938d7,sfrj,rok,je zo,ORG
22d5307938d7,sfrj,rok,e zo,PER
22d5307938d7,sfrj,rok,zovnuo na,MISC
22d5307938d7,sfrj,rok, Žug,PER
22d5307938d7,sfrj,rok,šonju i,PER
22d5307938d7,sfrj,rok, na d,PER
22d5307938d7,sfrj,rok, jaran koji st,PER
22d5307938d7,sfrj,rok,kao je “Mo,LOC
22d5307938d7,sfrj,rok,"ji studira
R",LOC
22d5307938d7,sfrj,rok,uo n,PER
22d5307938d7,sfrj,rok, Žug,PER
22d5307938d7,sfrj,rok,nuo ,PER
22d5307938d7,sfrj,rok,Pi,ORG
22d5307938d7,sfrj,rok,Pišon,PER
22d5307938d7,sfrj,rok,a d,PER
22d5307938d7,sfrj,rok, je zov,PER
22d5307938d7,sfrj,rok,ovnuo n,PER
22d5307938d7,sfrj,rok,u i Žug,PER
22d5307938d7,sfrj,rok,dernek,PER
22d5307938d7,sfrj,rok, je zov,PER
22d5307938d7,sfrj,rok, je zov,PER
22d5307938d7,sfrj,rok,Žugu,PER
d2d675e0d36b,sfrj,rok,"oveku
Pr",LOC
d2d675e0d36b,sfrj,rok,"eku
P",PER
d2d675e0d36b,sfrj,rok,Post,PER
d2d675e0d36b,sfrj,rok, jedna d,PER
d2d675e0d36b,sfrj,rok, jedna d,PER
d2d675e0d36b,sfrj,rok, dimenzija nepozn,LOC
f67885f7f93f,sfrj,rok,ćas smo ,PER
f67885f7f93f,sfrj,rok,"č zajedno
",PER
f67885f7f93f,sfrj,rok, probili obruč za,MISC
7494b17f5881,sfrj,rok,Fikreta,ORG
7494b17f5881,sfrj,rok," i dna
",PER
7494b17f5881,sfrj,rok,"na
Još ",PER
826dc9af1e07,sfrj,rok, sam ,PER
826dc9af1e07,sfrj,rok,Staroj sam p,PER
826dc9af1e07,sfrj,rok,Staroj sam pop,PER
826dc9af1e07,sfrj,rok,Star,PER
826dc9af1e07,sfrj,rok,"k
",ORG
826dc9af1e07,sfrj,rok,Staroj sam p,PER
826dc9af1e07,sfrj,rok,li vin,LOC
826dc9af1e07,sfrj,rok,o ,ORG
826dc9af1e07,sfrj,rok,li vinj,PER
826dc9af1e07,sfrj,rok, popi,PER
826dc9af1e07,sfrj,rok,asi re,PER
826dc9af1e07,sfrj,rok, c,ORG
826dc9af1e07,sfrj,rok, popi,PER
826dc9af1e07,sfrj,rok,Staroj sam popi,MISC
826dc9af1e07,sfrj,rok,o ,ORG
826dc9af1e07,sfrj,rok,li vinj,PER
a02ed20f3968,sfrj,rok,Od,ORG
a02ed20f3968,sfrj,rok,ek m,PER
a02ed20f3968,sfrj,rok,"prepisivat’
S",PER
4e8a654ba922,sfrj,rok,Već dugo ,PER
4e8a654ba922,sfrj,rok,Već dug,PER
4e8a654ba922,sfrj,rok,Već ,LOC
4e8a654ba922,sfrj,rok, bio,PER
112f538334ec,sfrj,rok,o bi ,PER
112f538334ec,sfrj,rok,On,ORG
112f538334ec,sfrj,rok,isli kak,PER
112f538334ec,sfrj,rok,o bi pe,PER
112f538334ec,sfrj,rok,"k bio ljepši
D",PER
112f538334ec,sfrj,rok,"k bio ljepši
D",PER
6b4c100f197a,sfrj,rok,Eto,PER
6b4c100f197a,sfrj,rok,i prvo žit,PER
6b4c100f197a,sfrj,rok,"Eto, ",PER
ab086c5d2171,sfrj,rok, pre,ORG
ab086c5d2171,sfrj,rok,Kada ,PER
ab086c5d2171,sfrj,rok, kaf,PER
ab086c5d2171,sfrj,rok,Kada,PER
ab086c5d2171,sfrj,rok,ije ,PER
ab086c5d2171,sfrj,rok,Kada,PER
ab086c5d2171,sfrj,rok,ki grad,MISC
ab086c5d2171,sfrj,rok, kad,MISC
ab086c5d2171,sfrj,rok,je olimpijski,MISC
ab086c5d2171,sfrj,rok,Kada,PER
ab086c5d2171,sfrj,rok,ki grad,MISC
ab086c5d2171,sfrj,rok, kad,MISC
ab086c5d2171,sfrj,rok,Kada,PER
e78eadb648fa,sfrj,rok, je vlaž,PER
e78eadb648fa,sfrj,rok,ena je no,PER
e78eadb648fa,sfrj,rok,"ila
Sva ",LOC
e78eadb648fa,sfrj,rok,loše spi,PER
e78eadb648fa,sfrj,rok,e noća,PER
e78eadb648fa,sfrj,rok,"spila
",PER
e78eadb648fa,sfrj,rok,lena je noćas,PER
e78eadb648fa,sfrj,rok,Se,ORG
e78eadb648fa,sfrj,rok,Selena j,PER
e78eadb648fa,sfrj,rok,e noća,PER
e78eadb648fa,sfrj,rok,"spila
",PER
e78eadb648fa,sfrj,rok,Selena j,PER
e78eadb648fa,sfrj,rok,loše sp,PER
e78eadb648fa,sfrj,rok,ena je noćas ,PER
e78eadb648fa,sfrj,rok,e noća,PER
e78eadb648fa,sfrj,rok,"spila
",PER
e78eadb648fa,sfrj,rok,lena je noćas,PER
e78eadb648fa,sfrj,rok,Selena,PER
e78eadb648fa,sfrj,rok,Selena je,PER
e78eadb648fa,sfrj,rok,Selena,PER
e78eadb648fa,sfrj,rok,Selena,PER
e78eadb648fa,sfrj,rok,ko loš,PER
36d5a13d0e47,sfrj,rok,"odila
",PER
36d5a13d0e47,sfrj,rok,je rod,PER
36d5a13d0e47,sfrj,rok,Domovin,PER
36d5a13d0e47,sfrj,rok,"dila
H",PER
36d5a13d0e47,sfrj,rok,"odila
",PER
36d5a13d0e47,sfrj,rok,rodila,PER
36d5a13d0e47,sfrj,rok,naša j,PER
88a751aca0c1,sfrj,rok,merka,PER
88a751aca0c1,sfrj,rok,merka,PER
88a751aca0c1,sfrj,rok,bog ,PER
a470369075f1,sfrj,rok,Možda je,PER
a470369075f1,sfrj,rok,"ija
Buku",LOC
a470369075f1,sfrj,rok," akcija
",LOC
a470369075f1,sfrj,rok,Možda je,PER
a470369075f1,sfrj,rok,"akcija
B",LOC
a470369075f1,sfrj,rok,Možda,PER
a470369075f1,sfrj,rok,Možda,PER
a470369075f1,sfrj,rok,"ija
Buku",LOC
a470369075f1,sfrj,rok,ras tvoj,LOC
08847a19d57c,sfrj,rok,Dženita,PER
08847a19d57c,sfrj,rok,Tita,PER
08847a19d57c,sfrj,rok,Dž,ORG
08847a19d57c,sfrj,rok,e bil,LOC
08847a19d57c,sfrj,rok,uvijek z,ORG
08847a19d57c,sfrj,rok,a uvi,LOC
08847a19d57c,sfrj,rok,ženita ,PER
08847a19d57c,sfrj,rok,Dž,ORG
08847a19d57c,sfrj,rok,e bil,PER
08847a19d57c,sfrj,rok,Dž,ORG
08847a19d57c,sfrj,rok, uvi,PER
08847a19d57c,sfrj,rok,je bila,PER
08847a19d57c,sfrj,rok,Dž,ORG
08847a19d57c,sfrj,rok,e bil,PER
a7bdea53ffaf,sfrj,rok,Ahmed Džindo,PER
a7bdea53ffaf,sfrj,rok,Ahm,PER
a7bdea53ffaf,sfrj,rok,ro znao,LOC
a7bdea53ffaf,sfrj,rok,Ahmed Džindo,PER
a7bdea53ffaf,sfrj,rok,obro,PER
a7bdea53ffaf,sfrj,rok,"dobro znao
Usp",ORG
a7bdea53ffaf,sfrj,rok,Ahmed Džindo,PER
a7bdea53ffaf,sfrj,rok,lo dobro ,LOC
a7bdea53ffaf,sfrj,rok, Dži,PER
a7bdea53ffaf,sfrj,rok,Ahmed,PER
a7bdea53ffaf,sfrj,rok,bro z,LOC
a7bdea53ffaf,sfrj,rok,Ahmed Džind,PER
a7bdea53ffaf,sfrj,rok,Ahmed Džind,PER
a7bdea53ffaf,sfrj,rok,Ahmed Dž,DERIV-PER
a7bdea53ffaf,sfrj,rok,"nao
",LOC
a7bdea53ffaf,sfrj,rok,Uspje,PER
a7bdea53ffaf,sfrj,rok,e vrl,PER
a7bdea53ffaf,sfrj,rok,ro z,PER
a7bdea53ffaf,sfrj,rok,ndo je ,LOC
a7bdea53ffaf,sfrj,rok,bro z,LOC
a7bdea53ffaf,sfrj,rok,Ahme,PER
a7bdea53ffaf,sfrj,rok,ndo je ,PER
a7bdea53ffaf,sfrj,rok, znao,PER
a7bdea53ffaf,sfrj,rok,hmed D,LOC
a7bdea53ffaf,sfrj,rok,Ahm,PER
a7bdea53ffaf,sfrj,rok,bro z,LOC
ad513b63e2f5,sfrj,rok,"ne
Bub",ORG
ad513b63e2f5,sfrj,rok,Za,ORG
ad513b63e2f5,sfrj,rok,Za,ORG
ad513b63e2f5,sfrj,rok,Za,ORG
ad513b63e2f5,sfrj,rok,Zavjese,PER
6b8a34817edd,sfrj,rok,Noc ,PER
6b8a34817edd,sfrj,rok,Noc ,PER
6b8a34817edd,sfrj,rok,Noc ,PER
6b8a34817edd,sfrj,rok,Noc uoci ,PER
6b8a34817edd,sfrj,rok,Noc ,PER
6b8a34817edd,sfrj,rok,Noc ,PER
6b8a34817edd,sfrj,rok,ci ga,ORG
6b8a34817edd,sfrj,rok,Noc ,PER
6b8a34817edd,sfrj,rok,Noc ,PER
6b8a34817edd,sfrj,rok,Noc ,PER
6b8a34817edd,sfrj,rok,ipiskog ,PER
6b8a34817edd,sfrj,rok,Noc ,PER
6b8a34817edd,sfrj,rok,"ja
olipiskog pla",LOC
6b8a34817edd,sfrj,rok,iskog plam,PER
6b8a34817edd,sfrj,rok,kog pl,LOC
6b8a34817edd,sfrj,rok, uoc,PER
6b8a34817edd,sfrj,rok,olipisko,LOC
6b8a34817edd,sfrj,rok,"senja
ol",PER
6b8a34817edd,sfrj,rok,Noc ,PER
6b8a34817edd,sfrj,rok,Noc ,PER
6b8a34817edd,sfrj,rok,Noc uoci ,PER
a6052179bccf,sfrj,rok,o,ORG
a6052179bccf,sfrj,rok, vratima,PER
a6052179bccf,sfrj,rok, i zasta,PER
a6052179bccf,sfrj,rok,8:30,MISC
a6052179bccf,sfrj,rok,"8:30, zvono na vra",MISC
a6052179bccf,sfrj,rok,"
Ustajem",MISC
a6052179bccf,sfrj,rok,"8:30, zv",PER
a6052179bccf,sfrj,rok,o na vra,PER
a6052179bccf,sfrj,rok,8:30,ORG
a6052179bccf,sfrj,rok,jem i,ORG
a6052179bccf,sfrj,rok,"8:30, zv",PER
a6052179bccf,sfrj,rok,"8:30, zv",PER
a6052179bccf,sfrj,rok,8:30,MISC
a6052179bccf,sfrj,rok,"8:30, zvono na vra",MISC
a6052179bccf,sfrj,rok,"
Ustajem",MISC
a6052179bccf,sfrj,rok,8:,ORG
a6052179bccf,sfrj,rok, vr,PER
d9287970b325,sfrj,rok,"da gledaj lafčino, vidiš",ORG
d9287970b325,sfrj,rok,"ich in Sarajevo bin, suche",ORG
d9287970b325,sfrj,rok,ch Walter,ORG
d9287970b325,sfrj,rok,"no, vi",PER
d9287970b325,sfrj,rok,"
– Seit i",PER
d9287970b325,sfrj,rok, suche,PER
d9287970b325,sfrj,rok,da gledaj,PER
d9287970b325,sfrj,rok,"o, vi",ORG
d9287970b325,sfrj,rok,Seit i,PER
d9287970b325,sfrj,rok,"ledaj lafčino, vidiš ga?
– Seit ich ",MISC
d7a354aad212,sfrj,rok,"vuk
Da mi",PER
d7a354aad212,sfrj,rok,"
Da ",PER
d7a354aad212,sfrj,rok,no pre,LOC
d7a354aad212,sfrj,rok,Učini da,PER
d7a354aad212,sfrj,rok,"dem vuk
D",PER
d7a354aad212,sfrj,rok,mirno ,PER
d7a354aad212,sfrj,rok,elazim,PER
d7a354aad212,sfrj,rok,eko mrtv,PER
d7a354aad212,sfrj,rok,Učini ,ORG
d7a354aad212,sfrj,rok,Učini da ,PER
d7a354aad212,sfrj,rok,"udem vuk
Da mir",MISC
d7a354aad212,sfrj,rok, prela,PER
d7a354aad212,sfrj,rok,m prek,PER
d7a354aad212,sfrj,rok,rtvih ti,PER
7f04480ae900,sfrj,rok,u čuda ,LOC
7f04480ae900,sfrj,rok,Kaž,ORG
7f04480ae900,sfrj,rok,a svij,LOC
7f04480ae900,sfrj,rok,Ka,ORG
7f04480ae900,sfrj,rok,su č,LOC
7f04480ae900,sfrj,rok,da s,LOC
7f04480ae900,sfrj,rok,su č,LOC
7f04480ae900,sfrj,rok,a svij,PER
7f04480ae900,sfrj,rok,a sv,PER
7f04480ae900,sfrj,rok,svije,PER
7f04480ae900,sfrj,rok,da s,LOC
7f04480ae900,sfrj,rok,su č,LOC
7f04480ae900,sfrj,rok,a su č,PER
7f04480ae900,sfrj,rok,"ta
Pi",PER
7f04480ae900,sfrj,rok, Afr,LOC
7f04480ae900,sfrj,rok, Afr,LOC
7f04480ae900,sfrj,rok, čuda svij,PER
7f04480ae900,sfrj,rok,u čuda svij,LOC
7f04480ae900,sfrj,rok,u ču,LOC
7f04480ae900,sfrj,rok,žu d,LOC
3f0febaac4cb,sfrj,rok,Zenicu,LOC
3f0febaac4cb,sfrj,rok,pođem ,PER
3f0febaac4cb,sfrj,rok,U Zenicu kad,PER
3f0febaac4cb,sfrj,rok,U Zenicu kad,PER
3f0febaac4cb,sfrj,rok,me,ORG
3f0febaac4cb,sfrj,rok,t drot,LOC
3f0febaac4cb,sfrj,rok,me,ORG
3f0febaac4cb,sfrj,rok,t drot,LOC
3f0febaac4cb,sfrj,rok,U Zen,PER
3f0febaac4cb,sfrj,rok,u ka,PER
3f0febaac4cb,sfrj,rok,en,ORG
3f0febaac4cb,sfrj,rok,U Zenicu k,PER
3f0febaac4cb,sfrj,rok,ati ,LOC
3f0febaac4cb,sfrj,rok,enic,LOC
3f0febaac4cb,sfrj,rok,U Zenicu k,PER
3f0febaac4cb,sfrj,rok,ati ,LOC
3f0febaac4cb,sfrj,rok,enic,LOC
11a24c939aa9,sfrj,rok,Zoka,PER
11a24c939aa9,sfrj,rok,Zoka,PER
11a24c939aa9,sfrj,rok,Zoka,PER
11a24c939aa9,sfrj,rok,Zoka,PER
11a24c939aa9,sfrj,rok,Zoka,PER
11a24c939aa9,sfrj,rok,Zoka,PER
11a24c939aa9,sfrj,rok,Zoka,PER
11a24c939aa9,sfrj,rok,Zoka,PER
11a24c939aa9,sfrj,rok,ko sto,PER
11a24c939aa9,sfrj,rok,Zoka,PER
11a24c939aa9,sfrj,rok,Zoka,PER
11a24c939aa9,sfrj,rok,Zoka,PER
614543433860,sfrj,rok,Ov,ORG
614543433860,sfrj,rok,"ada, mal",LOC
614543433860,sfrj,rok,Ovdje su,PER
614543433860,sfrj,rok, vitezi ,LOC
614543433860,sfrj,rok,"la, staj",LOC
614543433860,sfrj,rok,"kada, ma",PER
614543433860,sfrj,rok,"ali
Star",LOC
614543433860,sfrj,rok,"da, mala",LOC
c9311d581d63,sfrj,rok,govske,PER
c9311d581d63,sfrj,rok,Bi,ORG
27f9a5d6535b,sfrj,rok,sto poz,LOC
27f9a5d6535b,sfrj,rok,"ozelim
",PER
27f9a5d6535b,sfrj,rok,Cesto,ORG
27f9a5d6535b,sfrj,rok,Ce,ORG
27f9a5d6535b,sfrj,rok,"to, ces",PER
27f9a5d6535b,sfrj,rok,Cesto,ORG
9636b6683dea,sfrj,rok," jecanje
Stvo",LOC
9636b6683dea,sfrj,rok,Iz,ORG
9636b6683dea,sfrj,rok,Iz,ORG
691c9ad3bc23,sfrj,rok,Tata,PER
7b3ddbe7f666,sfrj,rok,Moze,LOC
b964b3914157,sfrj,rok,Kad ,PER
b964b3914157,sfrj,rok,Kad ,PER
a162993b7247,sfrj,rok,Kad si ku,PER
a162993b7247,sfrj,rok,Kad,PER
a162993b7247,sfrj,rok,i k,PER
e0b2f4aeedce,sfrj,rok,ramvaj,LOC
e0b2f4aeedce,sfrj,rok, tram,PER
e0b2f4aeedce,sfrj,rok,o se s,LOC
e0b2f4aeedce,sfrj,rok, tramv,PER
e0b2f4aeedce,sfrj,rok,Sjedi,PER
e0b2f4aeedce,sfrj,rok, sam u tr,PER
e0b2f4aeedce,sfrj,rok,mvaj,PER
e0b2f4aeedce,sfrj,rok,tramv,PER
802e91c88fe9,sfrj,rok,Ne,ORG
802e91c88fe9,sfrj,rok,Ne,ORG
802e91c88fe9,sfrj,rok,Ne,ORG
802e91c88fe9,sfrj,rok,Ne,ORG
802e91c88fe9,sfrj,rok,Ne,ORG
802e91c88fe9,sfrj,rok,Ne,ORG
0f69d5db184d,sfrj,rok,Eh,PER
0f69d5db184d,sfrj,rok,Eh,ORG
0f69d5db184d,sfrj,rok,Eh da,PER
0f69d5db184d,sfrj,rok,nekom zv,LOC
0f69d5db184d,sfrj,rok,Eh ,PER
0f69d5db184d,sfrj,rok,Eh,ORG
0f69d5db184d,sfrj,rok,Eh da,PER
0f69d5db184d,sfrj,rok,nekom zv,LOC
0f69d5db184d,sfrj,rok,Eh,ORG
0f69d5db184d,sfrj,rok,ezdom,PER
0f69d5db184d,sfrj,rok,Eh da je ,LOC
0f69d5db184d,sfrj,rok,Eh da,PER
55651eeecede,sfrj,rok,TV,ORG
55651eeecede,sfrj,rok,Gle,PER
55651eeecede,sfrj,rok,Gle,PER
55651eeecede,sfrj,rok,Gle,PER
55651eeecede,sfrj,rok, citam TV,LOC
7ad4ee4c1b1b,sfrj,rok,Kad Supermen,PER
7ad4ee4c1b1b,sfrj,rok,d Supe,PER
7ad4ee4c1b1b,sfrj,rok,Kad Super,PER
7ad4ee4c1b1b,sfrj,rok,"i pol
A Tarzan po",LOC
7ad4ee4c1b1b,sfrj,rok,"l
A Ta",PER
7ad4ee4c1b1b,sfrj,rok,rmen pro,PER
7ad4ee4c1b1b,sfrj,rok,eni po,PER
3e1ee03366a1,sfrj,rok,o pozel,LOC
3e1ee03366a1,sfrj,rok,cesto p,PER
1513d0fe280a,sfrj,rok,Večeras opet ,ORG
7f221d55de4e,sfrj,rok, godi,PER
7f221d55de4e,sfrj,rok,rvo s,PER
7f221d55de4e,sfrj,rok,"ne
Prv",LOC
7f221d55de4e,sfrj,rok,Rodjen sam ,PER
7f221d55de4e,sfrj,rok,sam 1,PER
7f221d55de4e,sfrj,rok,2 god,PER
7f221d55de4e,sfrj,rok,sam 1,PER
7f221d55de4e,sfrj,rok,2 god,PER
7f221d55de4e,sfrj,rok,"ne
Prvo ",LOC
7f221d55de4e,sfrj,rok,m 1962 ,PER
7f221d55de4e,sfrj,rok,Rodjen sam ,PER
7f221d55de4e,sfrj,rok,Rodjen sam ,PER
3834ecd5ab81,sfrj,pop,6,ORG
3834ecd5ab81,sfrj,pop,6,ORG
3834ecd5ab81,sfrj,pop,6.0,PER
3834ecd5ab81,sfrj,pop,6,ORG
164c2ac5998d,sfrj,pop,ne mogu da se,LOC
164c2ac5998d,sfrj,pop,u da ,LOC
164c2ac5998d,sfrj,pop,ne mogu,PER
a5449df2a45b,sfrj,pop,a bi ,LOC
a5449df2a45b,sfrj,pop, bi oti,LOC
a5449df2a45b,sfrj,pop, bi otiš,LOC
a5449df2a45b,sfrj,pop,a bi ,LOC
a5449df2a45b,sfrj,pop,a bi ,LOC
817359b9e67e,sfrj,pop,Sta,LOC
6e2a8a8bfbb7,sfrj,pop,Božić,MISC
724dc6046616,sfrj,pop,Kol,LOC
724dc6046616,sfrj,pop,Koliko i,PER
724dc6046616,sfrj,pop,od matu,ORG
0de0cb9ba06e,sfrj,pop,Sve što ,PER
0de0cb9ba06e,sfrj,pop,Sve št,MISC
d1ae37089950,sfrj,pop,Od mene,PER
f8718f57c74b,sfrj,pop,Kemal,PER
f8718f57c74b,sfrj,pop,esmu s V,LOC
f8718f57c74b,sfrj,pop,u s Višn,LOC
f8718f57c74b,sfrj,pop,Kema,PER
f8718f57c74b,sfrj,pop,r pjesm,LOC
f8718f57c74b,sfrj,pop,osio je vj,LOC
4e9169a41981,sfrj,pop,"
Da mi vr",LOC
4e9169a41981,sfrj,pop,Da je ,PER
4e9169a41981,sfrj,pop,Da ,LOC
76cef95d8127,sfrj,pop,Pr,ORG
0886bce40b55,sfrj,pop,Ispal,PER
8e22750b66e2,sfrj,pop,adnj,PER
7f189143629c,sfrj,pop,Pustio sam,LOC
a631ace83fb7,sfrj,pop,e to,PER
a21770e0048e,sfrj,pop,Duj,PER
9ec34dae22f9,sfrj,pop,Ove noci,LOC
9ec34dae22f9,sfrj,pop,djelic k,LOC
9ec34dae22f9,sfrj,pop,"a kraj
Sa",DERIV-PER
9ec34dae22f9,sfrj,pop,"raj
Sa",PER
9ec34dae22f9,sfrj,pop,ic koji ,LOC
9ec34dae22f9,sfrj,pop,Ov,ORG
9ec34dae22f9,sfrj,pop,djelic k,LOC
86deb0a43b8e,sfrj,pop,’o je ,LOC
86deb0a43b8e,sfrj,pop,gu za,PER
86deb0a43b8e,sfrj,pop,doš’o,PER
86deb0a43b8e,sfrj,pop,doš’o,PER
86deb0a43b8e,sfrj,pop,doš’o je,LOC
86deb0a43b8e,sfrj,pop,z nekog ,LOC
86deb0a43b8e,sfrj,pop,e iz ,PER
b7811b19843f,sfrj,pop, ne bih z,LOC
b7811b19843f,sfrj,pop,ad ne ,LOC
b7811b19843f,sfrj,pop, bi me ,LOC
b7811b19843f,sfrj,pop,vili svi,LOC
e39aeb397247,sfrj,pop,Gasi,PER
e39aeb397247,sfrj,pop,Ga,ORG
945b7734c2d1,sfrj,pop,Kokuz,PER
945b7734c2d1,sfrj,pop,"znam
I",PER
b466a0d39ce9,sfrj,pop,Sad,LOC
b466a0d39ce9,sfrj,pop,Sad kad došl,PER
deebe4c55488,sfrj,pop,roša,PER
28a221288177,sfrj,pop,Tu iza,PER
0941848df2d2,sfrj,pop,Zažmiri,PER
0941848df2d2,sfrj,pop,Zažmi,PER
0941848df2d2,sfrj,pop,eli ,PER
7c790947cac6,sfrj,pop,Jazz,ORG
7c790947cac6,sfrj,pop,Jazz,ORG
7c790947cac6,sfrj,pop,Jazz,ORG
7c790947cac6,sfrj,pop,Jazz,ORG
7c790947cac6,sfrj,pop,azz ‘ba,ORG
7c790947cac6,sfrj,pop,Jazz ‘b,PER
7c790947cac6,sfrj,pop,", Ja",PER
7c790947cac6,sfrj,pop,Jazz,ORG
7c790947cac6,sfrj,pop,Jazz,ORG
7c790947cac6,sfrj,pop,Jazz,ORG
7c790947cac6,sfrj,pop,Jazz,ORG
31e21a144da0,sfrj,pop,"liš,",MISC
31e21a144da0,sfrj,pop,"liš,",MISC
31e21a144da0,sfrj,pop,"liš,",MISC
bb4924e9ff1d,sfrj,pop,t vi,PER
af1089894414,sfrj,pop,L,ORG
c0d664cb6e33,sfrj,pop,Probaj,PER
c0d664cb6e33,sfrj,pop,Probaj,PER
c0d664cb6e33,sfrj,pop,Probaj ,ORG
e6714700f498,sfrj,pop,i san na,PER
bac9daa8cd60,sfrj,pop,Pijani ko,PER
bac9daa8cd60,sfrj,pop,Pijani k,PER
1be81fea70d2,sfrj,pop,"Pazi,",PER
7c2f2f962b70,sfrj,pop,Te,ORG
7c2f2f962b70,sfrj,pop,Te,ORG
7c2f2f962b70,sfrj,pop, prohladn,LOC
7c2f2f962b70,sfrj,pop,"ći
Al’ ",LOC
7c2f2f962b70,sfrj,pop, prohla,LOC
7c2f2f962b70,sfrj,pop,"i
Al’",LOC
4158532dab2c,sfrj,pop,Sa,ORG
4158532dab2c,sfrj,pop,Sa,ORG
67b31f16dea5,sfrj,pop,U l,LOC
67b31f16dea5,sfrj,pop,U ljubljan,PER
67b31f16dea5,sfrj,pop,U l,LOC
67b31f16dea5,sfrj,pop,U lju,PER
67b31f16dea5,sfrj,pop,U lju,PER
67b31f16dea5,sfrj,pop,U ljublj,PER
57d928991d34,sfrj,pop,Ako od,PER
f9644520ce4a,sfrj,pop,"na
Bil",PER
f9644520ce4a,sfrj,pop,a je go,PER
f9644520ce4a,sfrj,pop,Pr,ORG
f9644520ce4a,sfrj,pop,Pr,ORG
38c64d17cf97,sfrj,pop, bi,PER
38c64d17cf97,sfrj,pop,jut,PER
2b7c1c383dd4,sfrj,pop,a rad,MISC
c51b0fef2047,sfrj,pop,Pro,LOC
c0924e82e53b,sfrj,pop,Sad,LOC
42aee1593d58,sfrj,pop,Dje,LOC
2809ea070368,sfrj,pop,"ro o meni
O",PER
7b5f559e5a74,sfrj,pop,Ajme Mare,PER
7b5f559e5a74,sfrj,pop,Ajme Mare,PER
7b5f559e5a74,sfrj,pop,Ajme,PER
7b5f559e5a74,sfrj,pop,Ajme Mare,PER
7b5f559e5a74,sfrj,pop,jme Ma,PER
7b5f559e5a74,sfrj,pop,Ajme Mare,PER
7583ff872422,sfrj,pop,et ,PER
7583ff872422,sfrj,pop,et ,PER
7583ff872422,sfrj,pop,I o,LOC
52fdec8ab8a0,sfrj,pop,", nisi ",DERIV-PER
2cdc7ce218b5,sfrj,pop,Men,PER
2ba885f1f723,sfrj,pop,Jelena,PER
2ba885f1f723,sfrj,pop,Jele,PER
2ba885f1f723,sfrj,pop,Jelena,PER
2ba885f1f723,sfrj,pop,Jele,PER
1a2a4874eddd,sfrj,pop,nekud otis,PER
1a2a4874eddd,sfrj,pop,Svi su ,PER
1a2a4874eddd,sfrj,pop,Svi s,PER
86bb99b28b51,sfrj,pop,Lu,ORG
86bb99b28b51,sfrj,pop,Lutao sam g,PER
86bb99b28b51,sfrj,pop,Lutao sam g,PER
f07932cfdb9c,sfrj,pop,Osjetim j,PER
77cb3cc192b6,sfrj,pop,Gd,ORG
a5c0eeab8dc9,sfrj,pop,Kad sat,PER
aa345320934a,sfrj,pop,Prošli,PER
1e67f9ade9f9,sfrj,pop,Grbavice,PER
1e67f9ade9f9,sfrj,pop,te budi ,PER
1e67f9ade9f9,sfrj,pop,"ice
Umorno",PER
1e67f9ade9f9,sfrj,pop,Ko te bu,LOC
1e67f9ade9f9,sfrj,pop,"vice
Umo",PER
1e67f9ade9f9,sfrj,pop, je ,PER
1e67f9ade9f9,sfrj,pop,e budi G,LOC
1e67f9ade9f9,sfrj,pop,Ko te bud,PER
1e67f9ade9f9,sfrj,pop,Ko te bud,PER
7b17091045ba,sfrj,pop,kad,PER
7b17091045ba,sfrj,pop,Pož,LOC
5a694270237e,sfrj,pop,No,ORG
fc955e79692a,sfrj,pop,Slu,PER
fc955e79692a,sfrj,pop,Slu,PER
fc955e79692a,sfrj,pop,Slu,PER
fc955e79692a,sfrj,pop,Slu,PER
eb22d28ddf79,sfrj,pop,svjetlo ,PER
eb22d28ddf79,sfrj,pop,Ne,ORG
27a905f5f8d0,sfrj,pop,Sjene ,PER
540a9846d8b5,sfrj,pop,o m,PER
540a9846d8b5,sfrj,pop,o mi je,MISC
042603a996aa,sfrj,pop,Dob,LOC
042603a996aa,sfrj,pop,Dob,LOC
042603a996aa,sfrj,pop,Dob,LOC
0b0f6fc93d3d,sfrj,pop,Po,ORG
0b0f6fc93d3d,sfrj,pop,Pok,LOC
0b0f6fc93d3d,sfrj,pop,Pokl,PER
aaa5325e4523,sfrj,pop,Zažmiri,PER
aaa5325e4523,sfrj,pop,rija,PER
985078d43864,sfrj,pop,Redaju,PER
985078d43864,sfrj,pop,"se slike
š",DERIV-PER
985078d43864,sfrj,pop,"
šetaj",LOC
985078d43864,sfrj,pop,Redaju,PER
21bda790dc4d,sfrj,pop,"Kao, kao",PER
21bda790dc4d,sfrj,pop,"Kao, kao",PER
51359c1a0862,sfrj,pop,Ukrast ,LOC
00203ae8d1f5,sfrj,pop,Gledam ,PER
0c21244b3722,sfrj,pop,"adih
",PER
0c21244b3722,sfrj,pop,je mladi,LOC
0c21244b3722,sfrj,pop,o se ,PER
0c21244b3722,sfrj,pop,"je mladih
Se",PER
0bd9d64b0c5a,sfrj,pop,Sagradit,PER
0bd9d64b0c5a,sfrj,pop,Sagrad,PER
0bd9d64b0c5a,sfrj,pop,t ć,PER
0bd9d64b0c5a,sfrj,pop,t ć,PER
0bd9d64b0c5a,sfrj,pop,Sagrad,PER
0bd9d64b0c5a,sfrj,pop,Sagra,PER
0bd9d64b0c5a,sfrj,pop,Sagradit,PER
0bd9d64b0c5a,sfrj,pop,Sagrad,PER
b03a1d30400a,sfrj,pop,Evo,LOC
550ee5f5d528,sfrj,pop,Samo je,PER
550ee5f5d528,sfrj,pop,n zi,PER
550ee5f5d528,sfrj,pop,n zi,PER
71ed125cd30f,sfrj,pop,Nostalgicen,PER
71ed125cd30f,sfrj,pop,Nosta,PER
71ed125cd30f,sfrj,pop,en n,PER
71ed125cd30f,sfrj,pop,Nosta,PER
71ed125cd30f,sfrj,pop,e ve,PER
71ed125cd30f,sfrj,pop,Nosta,PER
71ed125cd30f,sfrj,pop,Nosta,PER
71ed125cd30f,sfrj,pop,Nosta,PER
71ed125cd30f,sfrj,pop,e ve,PER
71ed125cd30f,sfrj,pop,Nostalgicen,PER
0b2aad2852c2,sfrj,pop,Moj je ,PER
0b2aad2852c2,sfrj,pop,Mo,ORG
0b2aad2852c2,sfrj,pop,Mo,ORG
504f69295627,sfrj,pop,i nec,PER
0c456a7d0c5a,sfrj,pop,Zov,LOC
0c456a7d0c5a,sfrj,pop,Zov,LOC
8b537f7c9d59,sfrj,pop,Ži,ORG
8b537f7c9d59,sfrj,pop,Ži,ORG
8b537f7c9d59,sfrj,pop,Ži,ORG
8b537f7c9d59,sfrj,pop,Ži,ORG
8b537f7c9d59,sfrj,pop,Ži,ORG
be863e7cd806,sfrj,pop,Kad p,PER
be863e7cd806,sfrj,pop,"bavi,
Žao m",ORG
be863e7cd806,sfrj,pop,Kad p,PER
be863e7cd806,sfrj,pop,"bavi,
Žao m",ORG
bf806b078de0,sfrj,pop,Svaku tv,ORG
bf806b078de0,sfrj,pop,Svaku tvoju ri,ORG
bf806b078de0,sfrj,pop,Sva,ORG
bf806b078de0,sfrj,pop, riječ ja volim mada,MISC
f1275612df28,sfrj,pop,Ne mogu ,PER
f1275612df28,sfrj,pop,oc o,PER
f1275612df28,sfrj,pop,ne m,PER
f1275612df28,sfrj,pop,oc o,PER
f1275612df28,sfrj,pop,oc o,PER
f1275612df28,sfrj,pop,ne m,PER
f1275612df28,sfrj,pop,oc o,PER
f1275612df28,sfrj,pop, noci,PER
f1275612df28,sfrj,pop,oc o,PER
f1275612df28,sfrj,pop,ne m,PER
f1275612df28,sfrj,pop,oc o,PER
f1275612df28,sfrj,pop,oc o,PER
f1275612df28,sfrj,pop,ne m,PER
f1275612df28,sfrj,pop,oc o,PER
9b9edf1b5902,sfrj,pop,"
Mi ",LOC
9b9edf1b5902,sfrj,pop," pijane budale
Mi ",PER
9b9edf1b5902,sfrj,pop,ne budale,PER
9b9edf1b5902,sfrj,pop,Mi smo p,PER
174480937759,sfrj,pop,Kupit,PER
174480937759,sfrj,pop,Kupit,PER
174480937759,sfrj,pop,Kup,LOC
174480937759,sfrj,pop,Kup,LOC
174480937759,sfrj,pop,Kup,LOC
174480937759,sfrj,pop,Kupit c,PER
174480937759,sfrj,pop,si kupi,PER
174480937759,sfrj,pop,cu si k,PER
174480937759,sfrj,pop,Kupit c,PER
174480937759,sfrj,pop,si kupi,PER
174480937759,sfrj,pop,cu si k,PER
174480937759,sfrj,pop,Kupit c,PER
174480937759,sfrj,pop,si kupi,PER
174480937759,sfrj,pop,cu si k,PER
f409c660de0c,sfrj,pop,Ne,ORG
3220819d5bdc,sfrj,pop,Jos me ,PER
c533ecbb822c,sfrj,pop,Prvog n,PER
c533ecbb822c,sfrj,pop,Prvog,PER
c533ecbb822c,sfrj,pop,Prvog,PER
eb0b7493c331,sfrj,pop,Krajcara,PER
eb0b7493c331,sfrj,pop,a sto je ,PER
eb0b7493c331,sfrj,pop, sto je z,PER
eb0b7493c331,sfrj,pop,Kra,PER
eb0b7493c331,sfrj,pop,Kra,PER
eb0b7493c331,sfrj,pop, sto je z,PER
eb0b7493c331,sfrj,pop, sto je z,PER
eb0b7493c331,sfrj,pop,Krajc,PER
eb0b7493c331,sfrj,pop, sto je z,PER
eb0b7493c331,sfrj,pop,Krajc,PER
eb0b7493c331,sfrj,pop, sto je z,PER
eb0b7493c331,sfrj,pop,Krajc,PER
eb0b7493c331,sfrj,pop, sto je z,PER
eb0b7493c331,sfrj,pop,Krajc,PER
eb0b7493c331,sfrj,pop, sto je z,PER
cbfac8f97b3e,sfrj,pop,Laz,PER
cbfac8f97b3e,sfrj,pop,Laz,PER
cbfac8f97b3e,sfrj,pop,Laz,PER
505f1308eab1,sfrj,pop,Save breze,LOC
02c303059492,sfrj,pop,Mornaru,PER
02c303059492,sfrj,pop,Mornaru dr,PER
84a93c4884d7,sfrj,pop,Ti si,PER
84a93c4884d7,sfrj,pop,eni s,PER
84a93c4884d7,sfrj,pop,Ti si,PER
84a93c4884d7,sfrj,pop,eni s,PER
84a93c4884d7,sfrj,pop,Ti si,PER
84a93c4884d7,sfrj,pop,eni s,PER
84a93c4884d7,sfrj,pop,Ti si,PER
84a93c4884d7,sfrj,pop,eni s,PER
84a93c4884d7,sfrj,pop, ti mi,PER
84a93c4884d7,sfrj,pop,Ti si,PER
84a93c4884d7,sfrj,pop,eni s,PER
84a93c4884d7,sfrj,pop,Ti si,PER
84a93c4884d7,sfrj,pop,eni s,PER
cd3ed57a49d2,sfrj,pop,Ka,ORG
dda3bbf1726e,sfrj,pop,Brothers and sisters,MISC
dda3bbf1726e,sfrj,pop,"rate
",MISC
dda3bbf1726e,sfrj,pop,Broth,ORG
dda3bbf1726e,sfrj,pop,thers,PER
dda3bbf1726e,sfrj,pop, sister,PER
dda3bbf1726e,sfrj,pop,e her,PER
dda3bbf1726e,sfrj,pop," and sisters, we’re h",MISC
dda3bbf1726e,sfrj,pop,s,ORG
dda3bbf1726e,sfrj,pop,Brothers and,ORG
dda3bbf1726e,sfrj,pop,"ters, we’re here to ",MISC
dda3bbf1726e,sfrj,pop,"e
Th",PER
912a9087ff09,sfrj,pop,Sasaaaa,PER
912a9087ff09,sfrj,pop,Sasaa,PER
912a9087ff09,sfrj,pop,"aa
Ustan",LOC
a48c67305651,sfrj,pop,Jagode,PER
e8ff9ba231b1,sfrj,pop,Zdaj,PER
e8ff9ba231b1,sfrj,pop,Zdaj ,PER
c3f67d677c16,sfrj,pop,"Zao mi je,",PER
c3f67d677c16,sfrj,pop,Zao mi,PER
c3f67d677c16,sfrj,pop,Zao ,PER
7aabdf09e120,sfrj,narodna_narodnjacka,Ak,ORG
7aabdf09e120,sfrj,narodna_narodnjacka,ako i tre,MISC
9888108cb904,sfrj,narodna_narodnjacka,Amela,PER
9888108cb904,sfrj,narodna_narodnjacka,Amela,PER
9888108cb904,sfrj,narodna_narodnjacka,Ame,LOC
9888108cb904,sfrj,narodna_narodnjacka,Amela,PER
9888108cb904,sfrj,narodna_narodnjacka,Amela,PER
9888108cb904,sfrj,narodna_narodnjacka,Ljuba,PER
df3f08502c8e,sfrj,narodna_narodnjacka,Od tr,PER
df3f08502c8e,sfrj,narodna_narodnjacka,utka ,PER
df3f08502c8e,sfrj,narodna_narodnjacka,Od tre,PER
a7d4e1eee487,sfrj,narodna_narodnjacka,je st,LOC
a7d4e1eee487,sfrj,narodna_narodnjacka,Na d,LOC
a7d4e1eee487,sfrj,narodna_narodnjacka,Na d,PER
a7d4e1eee487,sfrj,narodna_narodnjacka,Na d,PER
45170b5ca2aa,sfrj,narodna_narodnjacka,Ma,ORG
f7c3c27e9ee6,sfrj,narodna_narodnjacka,Da j,MISC
544d76f085bd,sfrj,narodna_narodnjacka, dusu m,PER
544d76f085bd,sfrj,narodna_narodnjacka,a dusu,PER
544d76f085bd,sfrj,narodna_narodnjacka,dusu mi,PER
f58b6d1f4258,sfrj,narodna_narodnjacka,Na po,PER
db0f52f1f8df,sfrj,narodna_narodnjacka,Nasmija,ORG
6681111ee555,sfrj,narodna_narodnjacka,"i
Za ",PER
a693bada174c,sfrj,narodna_narodnjacka,Cuj me m,PER
62852a2aa839,sfrj,narodna_narodnjacka,nja zor,PER
62852a2aa839,sfrj,narodna_narodnjacka,zora,PER
0450d8b52f59,sfrj,narodna_narodnjacka,"dna mala
",PER
0450d8b52f59,sfrj,narodna_narodnjacka,Bil,PER
0450d8b52f59,sfrj,narodna_narodnjacka,oja se zv,PER
0450d8b52f59,sfrj,narodna_narodnjacka,"dna mala
",PER
0450d8b52f59,sfrj,narodna_narodnjacka,dna ,PER
ffe7b47d4884,sfrj,narodna_narodnjacka,Bila ,PER
ffe7b47d4884,sfrj,narodna_narodnjacka,Bila ,PER
83ccfb55c97b,sfrj,narodna_narodnjacka,Ko t,LOC
e798774f0f3b,sfrj,narodna_narodnjacka,Kad telef,PER
e798774f0f3b,sfrj,narodna_narodnjacka,Kad t,PER
e798774f0f3b,sfrj,narodna_narodnjacka,Kad t,PER
e798774f0f3b,sfrj,narodna_narodnjacka,Kad t,PER
e798774f0f3b,sfrj,narodna_narodnjacka,Kad t,PER
e798774f0f3b,sfrj,narodna_narodnjacka,Kad telef,PER
44b80e3f1de5,sfrj,narodna_narodnjacka,Pio sam,PER
44b80e3f1de5,sfrj,narodna_narodnjacka,Pio sa,PER
44b80e3f1de5,sfrj,narodna_narodnjacka,Pio sam,PER
5cd9c9435d5b,sfrj,narodna_narodnjacka,God,PER
5cd9c9435d5b,sfrj,narodna_narodnjacka,Godin,PER
5cd9c9435d5b,sfrj,narodna_narodnjacka,Godin,DERIV-PER
9f70e57a538a,sfrj,narodna_narodnjacka,Ub,ORG
9f70e57a538a,sfrj,narodna_narodnjacka,Ub,ORG
9f70e57a538a,sfrj,narodna_narodnjacka,Ub,ORG
9f70e57a538a,sfrj,narodna_narodnjacka,Ub,ORG
7de6f968ea40,sfrj,narodna_narodnjacka,Ne ,PER
7de6f968ea40,sfrj,narodna_narodnjacka,"vi me,",PER
7de6f968ea40,sfrj,narodna_narodnjacka,Ne ,PER
7de6f968ea40,sfrj,narodna_narodnjacka,"vi me,",PER
7de6f968ea40,sfrj,narodna_narodnjacka,Ne ,PER
7de6f968ea40,sfrj,narodna_narodnjacka,"vi me,",PER
f860c2f23a0b,sfrj,narodna_narodnjacka,Lazes,PER
f860c2f23a0b,sfrj,narodna_narodnjacka,Laz,LOC
f860c2f23a0b,sfrj,narodna_narodnjacka,Lazes ,PER
fc79f19a41d3,sfrj,narodna_narodnjacka,Jos,LOC
4f48e938b129,sfrj,narodna_narodnjacka,Ena,PER
4f48e938b129,sfrj,narodna_narodnjacka,Ena,PER
98f78c5dc367,sfrj,narodna_narodnjacka,svakog d,PER
98f78c5dc367,sfrj,narodna_narodnjacka,Gledam,PER
98f78c5dc367,sfrj,narodna_narodnjacka,Gledam,PER
7b0f51398f1c,sfrj,narodna_narodnjacka,Cu,ORG
baa40c7fba30,sfrj,narodna_narodnjacka,Neko krade ,PER
baa40c7fba30,sfrj,narodna_narodnjacka,Neko k,PER
194bb03fa4dd,sfrj,narodna_narodnjacka,Bogu,PER
4880b9bba86e,sfrj,narodna_narodnjacka,Jano,PER
4880b9bba86e,sfrj,narodna_narodnjacka,Jano,PER
47aa80f811fe,sfrj,narodna_narodnjacka,Ht,ORG
47aa80f811fe,sfrj,narodna_narodnjacka,Ht,ORG
47aa80f811fe,sfrj,narodna_narodnjacka,Ht,ORG
3d75957bde8b,sfrj,narodna_narodnjacka,Bila ,PER
3bedadc37a9b,sfrj,narodna_narodnjacka,Dunava,LOC
3bedadc37a9b,sfrj,narodna_narodnjacka,Jedna mala,PER
3bedadc37a9b,sfrj,narodna_narodnjacka,dna mala,LOC
3bedadc37a9b,sfrj,narodna_narodnjacka,Jedna mala,PER
3bedadc37a9b,sfrj,narodna_narodnjacka,dna mala,LOC
3bedadc37a9b,sfrj,narodna_narodnjacka,Dunava,LOC
3bedadc37a9b,sfrj,narodna_narodnjacka,Jedna ,PER
3bedadc37a9b,sfrj,narodna_narodnjacka,"ava
O",LOC
3bedadc37a9b,sfrj,narodna_narodnjacka,Dunava,LOC
3bedadc37a9b,sfrj,narodna_narodnjacka,Jedna m,PER
3bedadc37a9b,sfrj,narodna_narodnjacka," Dunava
",LOC
3bedadc37a9b,sfrj,narodna_narodnjacka,a Du,PER
0c8d9d5b974a,sfrj,narodna_narodnjacka,Mene,PER
c82308f31dc0,sfrj,narodna_narodnjacka,Bilo m,PER
c82308f31dc0,sfrj,narodna_narodnjacka,je tes,PER
c82308f31dc0,sfrj,narodna_narodnjacka,"
Ali v",PER
c82308f31dc0,sfrj,narodna_narodnjacka,Bilo m,PER
c82308f31dc0,sfrj,narodna_narodnjacka,je tes,PER
c82308f31dc0,sfrj,narodna_narodnjacka,"
Ali v",PER
eac7fe106376,sfrj,narodna_narodnjacka,Te,ORG
eac7fe106376,sfrj,narodna_narodnjacka,"Tece, ",PER
2387189f8544,sfrj,narodna_narodnjacka,Ub,ORG
2387189f8544,sfrj,narodna_narodnjacka,Ub,ORG
42016cc41972,sfrj,narodna_narodnjacka,Moj Prijedore,PER
42016cc41972,sfrj,narodna_narodnjacka,j Prijedo,LOC
42016cc41972,sfrj,narodna_narodnjacka, sev,LOC
42016cc41972,sfrj,narodna_narodnjacka,"ore, ti si pun sevd",MISC
42016cc41972,sfrj,narodna_narodnjacka,Moj Prijedore,PER
42016cc41972,sfrj,narodna_narodnjacka, ti si pu,LOC
42016cc41972,sfrj,narodna_narodnjacka,evda,PER
42016cc41972,sfrj,narodna_narodnjacka,", ti si pun sevdah",PER
42016cc41972,sfrj,narodna_narodnjacka,Moj Prijedore,PER
42016cc41972,sfrj,narodna_narodnjacka,pun ,LOC
9b2568d191c7,sfrj,narodna_narodnjacka,Razbil,PER
6c6d220380c5,sfrj,narodna_narodnjacka,dna ,PER
464e3b1927f8,sfrj,narodna_narodnjacka,Sklop,PER
464e3b1927f8,sfrj,narodna_narodnjacka,Sk,ORG
69a06369ba10,sfrj,narodna_narodnjacka,Padaj,PER
a856e254e3f9,sfrj,narodna_narodnjacka,ve m,PER
a856e254e3f9,sfrj,narodna_narodnjacka,Neko ,PER
1ec52f580b93,sfrj,narodna_narodnjacka,Cujem da,PER
536a41aea14c,sfrj,narodna_narodnjacka,Kad bih m,PER
be8d7680b5a9,sfrj,narodna_narodnjacka,Cu,ORG
7ddff2d0aafb,sfrj,narodna_narodnjacka,Ti ,PER
7ddff2d0aafb,sfrj,narodna_narodnjacka,Ti ,PER
7ddff2d0aafb,sfrj,narodna_narodnjacka,Ti ,PER
e1f21432c9fd,sfrj,narodna_narodnjacka,Odu,LOC
e1f21432c9fd,sfrj,narodna_narodnjacka,Od,ORG
1ef21f7e752a,sfrj,narodna_narodnjacka,Spust,PER
1ef21f7e752a,sfrj,narodna_narodnjacka,sta se ,PER
1b0dec433681,sfrj,narodna_narodnjacka,Po,ORG
f0dd52a92d88,sfrj,narodna_narodnjacka,Put pu,PER
38ebb139ce9a,sfrj,narodna_narodnjacka,Ol,ORG
38ebb139ce9a,sfrj,narodna_narodnjacka,Ol,ORG
93f003b72b96,sfrj,narodna_narodnjacka,Cem,LOC
93f003b72b96,sfrj,narodna_narodnjacka, tug,MISC
8ec992832d98,sfrj,narodna_narodnjacka,U ,ORG
c37ef7ac0b9c,sfrj,narodna_narodnjacka,Ide j,PER
c37ef7ac0b9c,sfrj,narodna_narodnjacka,o na d,LOC
c37ef7ac0b9c,sfrj,narodna_narodnjacka,Ide ja,PER
c37ef7ac0b9c,sfrj,narodna_narodnjacka,"e
Odl",LOC
c37ef7ac0b9c,sfrj,narodna_narodnjacka,ro n,LOC
c37ef7ac0b9c,sfrj,narodna_narodnjacka,"e
Od",MISC
7835701f5fa3,sfrj,narodna_narodnjacka,Ljepotice,PER
7835701f5fa3,sfrj,narodna_narodnjacka,Ljepotice,PER
17464d79618a,sfrj,narodna_narodnjacka,Sjetices,ORG
17464d79618a,sfrj,narodna_narodnjacka,Sjetice,ORG
f34a78444f25,sfrj,narodna_narodnjacka,Biscanke,PER
f34a78444f25,sfrj,narodna_narodnjacka,"sam Biscanke
",LOC
f34a78444f25,sfrj,narodna_narodnjacka, Bis,PER
f34a78444f25,sfrj,narodna_narodnjacka,Biscanke,PER
f34a78444f25,sfrj,narodna_narodnjacka,iscanke,PER
f34a78444f25,sfrj,narodna_narodnjacka,"ke
L",LOC
f34a78444f25,sfrj,narodna_narodnjacka, Biscan,PER
f34a78444f25,sfrj,narodna_narodnjacka,Ljubio sam Biscanke,PER
f34a78444f25,sfrj,narodna_narodnjacka,"ke
L",LOC
d9730d930c96,sfrj,narodna_narodnjacka,Sl,ORG
c98a6a5933f4,sfrj,narodna_narodnjacka,Dovid,PER
c98a6a5933f4,sfrj,narodna_narodnjacka,Dovid,PER
c98a6a5933f4,sfrj,narodna_narodnjacka,Dovid,PER
feee5ab84aa1,sfrj,narodna_narodnjacka,Zadnji ,PER
feee5ab84aa1,sfrj,narodna_narodnjacka,Zadnji ,PER
fee67970f4ee,sfrj,narodna_narodnjacka,Svidjas,ORG
54f3fdec8eff,sfrj,narodna_narodnjacka,Prica,PER
54f3fdec8eff,sfrj,narodna_narodnjacka,"i svi,",PER
54f3fdec8eff,sfrj,narodna_narodnjacka,"i svi,",PER
54f3fdec8eff,sfrj,narodna_narodnjacka,uvaj s,PER
54f3fdec8eff,sfrj,narodna_narodnjacka,Prica,PER
49d9e3644d8e,sfrj,narodna_narodnjacka,Rosna liv,PER
3a2996bad6e4,sfrj,narodna_narodnjacka,Sve,LOC
d96e90e39a21,sfrj,narodna_narodnjacka,Ti,ORG
e17e2c9906f1,sfrj,narodna_narodnjacka,Kad ,PER
e17e2c9906f1,sfrj,narodna_narodnjacka,Kad ,PER
e17e2c9906f1,sfrj,narodna_narodnjacka,Kad po,PER
6eb61a034740,sfrj,narodna_narodnjacka,U ocima ,PER
5fffdf88f0f3,sfrj,narodna_narodnjacka,Stani ma,PER
c639bef77413,sfrj,narodna_narodnjacka,Zn,PER
c639bef77413,sfrj,narodna_narodnjacka,a ze,PER
914c5e1b573a,sfrj,narodna_narodnjacka,d si bolan k,LOC
914c5e1b573a,sfrj,narodna_narodnjacka, si b,LOC
914c5e1b573a,sfrj,narodna_narodnjacka, kud ,LOC
abd0bbcb1a11,sfrj,narodna_narodnjacka,Suzana,PER
abd0bbcb1a11,sfrj,narodna_narodnjacka,"ljena
",PER
abd0bbcb1a11,sfrj,narodna_narodnjacka,Suz,PER
abd0bbcb1a11,sfrj,narodna_narodnjacka,Suz,PER
abd0bbcb1a11,sfrj,narodna_narodnjacka,akao s,PER
abd0bbcb1a11,sfrj,narodna_narodnjacka,Suzana,PER
eb5c788fdb30,sfrj,narodna_narodnjacka,"o
Pro",LOC
eb5c788fdb30,sfrj,narodna_narodnjacka,"leto
",LOC
b3df7302a913,sfrj,narodna_narodnjacka,Ka,ORG
5a45b7ead442,sfrj,narodna_narodnjacka,Sad,LOC
5a45b7ead442,sfrj,narodna_narodnjacka,Sa,ORG
c74d82ef5fe2,sfrj,narodna_narodnjacka,Ja nocas p,PER
c74d82ef5fe2,sfrj,narodna_narodnjacka,Ja ,PER
a6095a04d473,sfrj,narodna_narodnjacka,Nek,PER
a6095a04d473,sfrj,narodna_narodnjacka,oc sa,LOC
a6095a04d473,sfrj,narodna_narodnjacka,m bi,LOC
6f104f4bc433,sfrj,narodna_narodnjacka,Zivot,PER
62e5b87512e8,sfrj,narodna_narodnjacka,Od dj,PER
ba84bdacbdf5,sfrj,narodna_narodnjacka,Tra,LOC
1849d159dd63,sfrj,narodna_narodnjacka,Ti,ORG
f0df30224e90,sfrj,narodna_narodnjacka,Od rasta,PER
f0df30224e90,sfrj,narodna_narodnjacka,Od r,PER
f0df30224e90,sfrj,narodna_narodnjacka,Od rasta,PER
f0df30224e90,sfrj,narodna_narodnjacka,Od ra,PER
56e1e5afe548,sfrj,narodna_narodnjacka,Kako ti n,PER
56e1e5afe548,sfrj,narodna_narodnjacka,Kako t,PER
a0422b1e9356,sfrj,narodna_narodnjacka, da mi je kao neka,ORG
a0422b1e9356,sfrj,narodna_narodnjacka, da mi je,LOC
a0422b1e9356,sfrj,narodna_narodnjacka,d ran,PER
a0422b1e9356,sfrj,narodna_narodnjacka, da mi je kao neka,ORG
a0422b1e9356,sfrj,narodna_narodnjacka,"anije
",LOC
a0422b1e9356,sfrj,narodna_narodnjacka, neka,LOC
a0422b1e9356,sfrj,narodna_narodnjacka, da mi j,LOC
a0422b1e9356,sfrj,narodna_narodnjacka,o nekad r,LOC
a0422b1e9356,sfrj,narodna_narodnjacka,"je
S",LOC
a0422b1e9356,sfrj,narodna_narodnjacka, da mi ,PER
a0422b1e9356,sfrj,narodna_narodnjacka,Eh,PER
a0422b1e9356,sfrj,narodna_narodnjacka, mi j,LOC
a0422b1e9356,sfrj,narodna_narodnjacka,ad ra,PER
a0422b1e9356,sfrj,narodna_narodnjacka,je kao,LOC
a0422b1e9356,sfrj,narodna_narodnjacka,ad ranij,LOC
a0422b1e9356,sfrj,narodna_narodnjacka,", da m",LOC
a0422b1e9356,sfrj,narodna_narodnjacka,neka,PER
a0422b1e9356,sfrj,narodna_narodnjacka,", da",PER
a0422b1e9356,sfrj,narodna_narodnjacka,o nek,LOC
a0422b1e9356,sfrj,narodna_narodnjacka, da mi je kao neka,ORG
a0422b1e9356,sfrj,narodna_narodnjacka, da mi je,LOC
eb29d7040b35,sfrj,narodna_narodnjacka,Nekad ,ORG
ae7d086817a9,sfrj,narodna_narodnjacka,Po,ORG
ccc36edce76b,sfrj,narodna_narodnjacka,Sjecas,PER
ccc36edce76b,sfrj,narodna_narodnjacka,Sjecas,ORG
732bd6da6b45,sfrj,narodna_narodnjacka,Druze mo,PER
732bd6da6b45,sfrj,narodna_narodnjacka,Druze mo,PER
55d8f5314937,sfrj,narodna_narodnjacka,Bosna,LOC
55d8f5314937,sfrj,narodna_narodnjacka,"na, z",LOC
55d8f5314937,sfrj,narodna_narodnjacka,lakala Bo,LOC
55d8f5314937,sfrj,narodna_narodnjacka, zaplak,LOC
55d8f5314937,sfrj,narodna_narodnjacka,lakala,LOC
55d8f5314937,sfrj,narodna_narodnjacka,"na, zapl",LOC
55d8f5314937,sfrj,narodna_narodnjacka,Zaplakal,LOC
55d8f5314937,sfrj,narodna_narodnjacka,Zaplakala,PER
55d8f5314937,sfrj,narodna_narodnjacka,"Bosna, zap",LOC
55d8f5314937,sfrj,narodna_narodnjacka,Bosna,LOC
55d8f5314937,sfrj,narodna_narodnjacka, Bosn,LOC
55d8f5314937,sfrj,narodna_narodnjacka,Zaplakala Bosn,PER
3598a44946f5,sfrj,narodna_narodnjacka,Zast,PER
56937e1a5733,sfrj,narodna_narodnjacka,Opet k,PER
6b4515d7369b,tranzicija,turbo_folk,Naj,LOC
3f3dbf6276e3,tranzicija,turbo_folk, ja ,PER
8254eb464fbd,tranzicija,turbo_folk,Bog,LOC
8254eb464fbd,tranzicija,turbo_folk,Bog,LOC
8254eb464fbd,tranzicija,turbo_folk,Bo,ORG
8254eb464fbd,tranzicija,turbo_folk,Bog mi j,ORG
8254eb464fbd,tranzicija,turbo_folk,Bog mi je ,ORG
9c3d02e4c5ab,tranzicija,turbo_folk,e cvecar sr,LOC
9c3d02e4c5ab,tranzicija,turbo_folk, cvecar sre,PER
749abee27177,tranzicija,turbo_folk,Cveta tr,PER
1ebb1ea9d014,tranzicija,turbo_folk,aste s’ jug,LOC
1ebb1ea9d014,tranzicija,turbo_folk,atile s,LOC
1ebb1ea9d014,tranzicija,turbo_folk,ile se ,LOC
dc2ecd109516,tranzicija,turbo_folk,Ej,PER
dc2ecd109516,tranzicija,turbo_folk,Ej,PER
dc2ecd109516,tranzicija,turbo_folk,"Ej, sudbi",PER
dc2ecd109516,tranzicija,turbo_folk,Ej,PER
dc2ecd109516,tranzicija,turbo_folk,sudbino,PER
dc2ecd109516,tranzicija,turbo_folk,Ej,PER
dc2ecd109516,tranzicija,turbo_folk,Ej,PER
723161dad830,tranzicija,turbo_folk,Te,ORG
723161dad830,tranzicija,turbo_folk,Te,ORG
723161dad830,tranzicija,turbo_folk,Te,ORG
eedd22b387ec,tranzicija,turbo_folk,"Imao, im",ORG
7b36c6f90df7,tranzicija,turbo_folk,Sa,ORG
5fb61344cd5b,tranzicija,turbo_folk," vinu
T",PER
5fb61344cd5b,tranzicija,turbo_folk,Kad ut,PER
5fb61344cd5b,tranzicija,turbo_folk,Ka,ORG
5fb61344cd5b,tranzicija,turbo_folk,utopim bol u,PER
8d86bae679e3,tranzicija,turbo_folk,Reci,PER
8d86bae679e3,tranzicija,turbo_folk,"ite,",PER
8d86bae679e3,tranzicija,turbo_folk,"e, suze",PER
1fd9ccd70f31,tranzicija,turbo_folk,ti se,LOC
1fd9ccd70f31,tranzicija,turbo_folk,Ne,ORG
f8caee2fddc4,tranzicija,turbo_folk,Ko,ORG
7819c29a6986,tranzicija,turbo_folk,Pok,LOC
00326ab26147,tranzicija,turbo_folk,Ra,ORG
00326ab26147,tranzicija,turbo_folk,Ra,ORG
ffc8244dc69a,tranzicija,turbo_folk,Lili,PER
ffc8244dc69a,tranzicija,turbo_folk,Lili,PER
ffc8244dc69a,tranzicija,turbo_folk,Lilili,PER
ffc8244dc69a,tranzicija,turbo_folk,Lili,PER
ffc8244dc69a,tranzicija,turbo_folk,Lili,PER
ffc8244dc69a,tranzicija,turbo_folk,Lilili,PER
ffc8244dc69a,tranzicija,turbo_folk,Lili,PER
ffc8244dc69a,tranzicija,turbo_folk,Lili,PER
ffc8244dc69a,tranzicija,turbo_folk,Lilili,PER
ffc8244dc69a,tranzicija,turbo_folk,Lili,PER
ffc8244dc69a,tranzicija,turbo_folk,Lili,PER
ffc8244dc69a,tranzicija,turbo_folk,Lilili,PER
f4e06367b51f,tranzicija,turbo_folk,Jos osec,PER
f4e06367b51f,tranzicija,turbo_folk, miris c,PER
f4e06367b51f,tranzicija,turbo_folk,Jos osec,PER
f4e06367b51f,tranzicija,turbo_folk, miris c,PER
f4e06367b51f,tranzicija,turbo_folk,Jos osec,PER
f4e06367b51f,tranzicija,turbo_folk, miris c,PER
f4e06367b51f,tranzicija,turbo_folk,Jos osec,PER
f4e06367b51f,tranzicija,turbo_folk, miris c,PER
f4e06367b51f,tranzicija,turbo_folk,Jos osec,PER
f4e06367b51f,tranzicija,turbo_folk, miris c,PER
f4e06367b51f,tranzicija,turbo_folk,Jos osec,PER
f4e06367b51f,tranzicija,turbo_folk, miris c,PER
765781b78661,tranzicija,turbo_folk,Ibrahim,PER
765781b78661,tranzicija,turbo_folk,Ibrahim,PER
765781b78661,tranzicija,turbo_folk,"Ibrahim, Ibrahim",PER
765781b78661,tranzicija,turbo_folk,Ibra,PER
765781b78661,tranzicija,turbo_folk,im sen,PER
765781b78661,tranzicija,turbo_folk,"Ibrahim, I",PER
765781b78661,tranzicija,turbo_folk,"Ibrahim, I",PER
765781b78661,tranzicija,turbo_folk,"rahim
C",PER
765781b78661,tranzicija,turbo_folk,Ibra,PER
765781b78661,tranzicija,turbo_folk, Ibrah,PER
765781b78661,tranzicija,turbo_folk,Ib,ORG
765781b78661,tranzicija,turbo_folk,"im, ",ORG
765781b78661,tranzicija,turbo_folk,"Ibrahim, I",PER
89db5319722f,tranzicija,turbo_folk, nem,PER
89db5319722f,tranzicija,turbo_folk, nemam sre,PER
89db5319722f,tranzicija,turbo_folk,Be,ORG
89db5319722f,tranzicija,turbo_folk,Be,ORG
b6939608f8d7,tranzicija,turbo_folk,Maro,PER
b6939608f8d7,tranzicija,turbo_folk,Maro,PER
b6939608f8d7,tranzicija,turbo_folk,Kad bi moj,PER
b6939608f8d7,tranzicija,turbo_folk,a bi,PER
b6939608f8d7,tranzicija,turbo_folk,i mo,PER
b6939608f8d7,tranzicija,turbo_folk,i mo,PER
b6939608f8d7,tranzicija,turbo_folk,Maro,PER
b6939608f8d7,tranzicija,turbo_folk,Maro,PER
b6939608f8d7,tranzicija,turbo_folk,Kad bi,PER
b6939608f8d7,tranzicija,turbo_folk,i mo,PER
b6939608f8d7,tranzicija,turbo_folk,i mo,PER
403bdb1a5167,tranzicija,turbo_folk,Marinu,PER
403bdb1a5167,tranzicija,turbo_folk,Ve,ORG
403bdb1a5167,tranzicija,turbo_folk,Vec mn,PER
403bdb1a5167,tranzicija,turbo_folk,o dana,PER
403bdb1a5167,tranzicija,turbo_folk,olim j,PER
403bdb1a5167,tranzicija,turbo_folk,Vec mn,PER
403bdb1a5167,tranzicija,turbo_folk,o dana,PER
403bdb1a5167,tranzicija,turbo_folk,olim j,PER
757425defcb8,tranzicija,turbo_folk,Nema vis,PER
1766ebc20072,tranzicija,turbo_folk,Moj Dragane,PER
1766ebc20072,tranzicija,turbo_folk,Moj Dragane,PER
1766ebc20072,tranzicija,turbo_folk,Moj Dragane,PER
1766ebc20072,tranzicija,turbo_folk,Moj Dragane,PER
f61478c52758,tranzicija,turbo_folk,Na star,PER
75e40abcbdd8,tranzicija,turbo_folk,Nemam dra,PER
6fc5c91bd244,tranzicija,turbo_folk,Capirti,PER
223ebe61383a,tranzicija,turbo_folk,Nije s,PER
223ebe61383a,tranzicija,turbo_folk,Nije s,PER
09aea8aa9c0c,tranzicija,turbo_folk,Prizn,PER
09aea8aa9c0c,tranzicija,turbo_folk,Prizn,PER
1e700aac9334,tranzicija,turbo_folk,Odlazi,PER
4d2ffa0616e7,tranzicija,turbo_folk,Za sobo,PER
eff355d1ce78,tranzicija,turbo_folk,Predosec,PER
7aa5fe54e6e7,tranzicija,turbo_folk,Procvetal,PER
cc03312c1d14,tranzicija,turbo_folk,Sanja,PER
c285c7fb2acc,tranzicija,turbo_folk,Nema d,PER
c285c7fb2acc,tranzicija,turbo_folk,Nema dana,PER
c285c7fb2acc,tranzicija,turbo_folk,Ne,ORG
c42250264559,tranzicija,turbo_folk,m u meni,PER
c42250264559,tranzicija,turbo_folk, malo sr,PER
9d8364ebb8c6,tranzicija,turbo_folk,Kad si,PER
b1a93dbf1bab,tranzicija,turbo_folk,Mirise n,PER
b1a93dbf1bab,tranzicija,turbo_folk,Mirise,PER
95df2755c96a,tranzicija,turbo_folk,nu,PER
95df2755c96a,tranzicija,turbo_folk,Na nj,ORG
95df2755c96a,tranzicija,turbo_folk,Na,ORG
9c1cb7bca1f7,tranzicija,turbo_folk,e budis,PER
9c1cb7bca1f7,tranzicija,turbo_folk,Sto ,PER
1cdd87b6299d,tranzicija,turbo_folk,Sanjao ,PER
1cdd87b6299d,tranzicija,turbo_folk,Sanjao ,PER
5595b83b97c3,tranzicija,turbo_folk,oju ,PER
3eba9684b450,tranzicija,turbo_folk,Zal za,PER
51da4a4ce276,tranzicija,turbo_folk,Nocas,PER
f742eb86ed15,tranzicija,turbo_folk,Sam,LOC
f742eb86ed15,tranzicija,turbo_folk,Sam,LOC
fb7e64067b15,tranzicija,turbo_folk,edan,PER
fa9f2311cecf,tranzicija,turbo_folk,e noca,LOC
d6112c5dbdcd,tranzicija,turbo_folk, druze,PER
5b3f80e48750,tranzicija,turbo_folk,Cini mi ,MISC
5b3f80e48750,tranzicija,turbo_folk,Cini mi ,MISC
ac7c35df0fba,tranzicija,turbo_folk,Tri m,PER
ac7c35df0fba,tranzicija,turbo_folk,Tri m,PER
3810b5991972,tranzicija,turbo_folk,Ka,ORG
3810b5991972,tranzicija,turbo_folk,Ka,ORG
ca3452ff9001,tranzicija,turbo_folk,tece,PER
2d946f696ec0,tranzicija,turbo_folk,Vis,LOC
70368e85fe22,tranzicija,turbo_folk,umr,PER
70368e85fe22,tranzicija,turbo_folk,umr,PER
d5bc20bc0d0f,tranzicija,turbo_folk,ad m,PER
c9b6034735be,tranzicija,turbo_folk,Nis,LOC
b6d3a384a2ae,tranzicija,turbo_folk,Imate ,LOC
5d30f486f0cf,tranzicija,turbo_folk,Mi,ORG
5d30f486f0cf,tranzicija,turbo_folk,Mi,ORG
700ea15235e3,tranzicija,turbo_folk,"je, p",PER
700ea15235e3,tranzicija,turbo_folk,pijem,PER
700ea15235e3,tranzicija,turbo_folk,bota ,PER
515abbf11c9e,tranzicija,turbo_folk,i v,PER
a6d5afa7ac2d,tranzicija,turbo_folk,er t,PER
21153f768381,tranzicija,turbo_folk,Ove p,PER
2776056ed278,tranzicija,turbo_folk,eli,PER
53ac9b63cdfb,tranzicija,turbo_folk,Nismo ,PER
53ac9b63cdfb,tranzicija,turbo_folk,i iz l,PER
53ac9b63cdfb,tranzicija,turbo_folk,Nismo ,PER
53ac9b63cdfb,tranzicija,turbo_folk,i iz l,PER
53ac9b63cdfb,tranzicija,turbo_folk,z ljub,PER
53ac9b63cdfb,tranzicija,turbo_folk,Nismo ,PER
d601052cabfc,tranzicija,turbo_folk,Ka,ORG
d601052cabfc,tranzicija,turbo_folk,Ka,ORG
d601052cabfc,tranzicija,turbo_folk,Ka,ORG
dea11c173efa,tranzicija,turbo_folk,Hej,PER
422d5c2b952f,tranzicija,turbo_folk,"dio
Neka",LOC
422d5c2b952f,tranzicija,turbo_folk,Poj,PER
422d5c2b952f,tranzicija,turbo_folk,aj st,PER
422d5c2b952f,tranzicija,turbo_folk,i rad,PER
422d5c2b952f,tranzicija,turbo_folk,Poj,PER
422d5c2b952f,tranzicija,turbo_folk,aj st,PER
422d5c2b952f,tranzicija,turbo_folk,i rad,PER
182239948a6e,tranzicija,turbo_folk,Beograd,LOC
182239948a6e,tranzicija,turbo_folk,Beograd,LOC
182239948a6e,tranzicija,turbo_folk,Beo,PER
182239948a6e,tranzicija,turbo_folk,", a ",PER
182239948a6e,tranzicija,turbo_folk,Beograd,LOC
7d7e3f843998,tranzicija,turbo_folk,St,ORG
7d7e3f843998,tranzicija,turbo_folk,Sta,PER
fc533d438937,tranzicija,turbo_folk,"Idi,",PER
fc533d438937,tranzicija,turbo_folk,"Idi, a",PER
4be8c86cdf91,tranzicija,turbo_folk,Balkanu,LOC
4be8c86cdf91,tranzicija,turbo_folk,Balkanu,LOC
41c8c219e8f1,tranzicija,turbo_folk,Amerika,LOC
41c8c219e8f1,tranzicija,turbo_folk,gata de,LOC
42b67be85235,tranzicija,turbo_folk,edim s,MISC
860548c1d228,tranzicija,turbo_folk,avgust,PER
425b2fee0505,tranzicija,turbo_folk,Voleo ,PER
0cf12255beb2,tranzicija,turbo_folk,Peva,PER
37f5f49b7f96,tranzicija,turbo_folk,Mr,ORG
a88bedd82a8c,tranzicija,turbo_folk,Kad sam,PER
a88bedd82a8c,tranzicija,turbo_folk,Kad ,PER
a88bedd82a8c,tranzicija,turbo_folk,m sr,PER
a88bedd82a8c,tranzicija,turbo_folk,Kad ,PER
a88bedd82a8c,tranzicija,turbo_folk,m sr,PER
a88bedd82a8c,tranzicija,turbo_folk, druga ,PER
d6d64762f82a,tranzicija,turbo_folk,Re,ORG
e1706b9bb0de,tranzicija,turbo_folk,i je jos u ,PER
595d255da19d,tranzicija,turbo_folk,Kad cujem t,PER
1f5d27e30676,tranzicija,turbo_folk, soba bez,PER
2fce2af8169a,tranzicija,turbo_folk,Šumadiju,LOC
2fce2af8169a,tranzicija,turbo_folk,Avale,LOC
2fce2af8169a,tranzicija,turbo_folk,ma grl,LOC
2fce2af8169a,tranzicija,turbo_folk,i Šumadi,MISC
dd0e02675a89,tranzicija,turbo_folk,Što ,PER
9453e90a298b,tranzicija,turbo_folk,Ne mora,PER
c0c13a57f3e4,tranzicija,turbo_folk,ade mo,LOC
1955bfc7fc7b,savremeno,turbo_folk,ina,PER
1955bfc7fc7b,savremeno,turbo_folk," ovo, svi t",LOC
1955bfc7fc7b,savremeno,turbo_folk,Bic,LOC
1955bfc7fc7b,savremeno,turbo_folk," ovo, svi t",LOC
ef7c729e07d1,savremeno,turbo_folk,da ,PER
ef7c729e07d1,savremeno,turbo_folk,dne,PER
ef7c729e07d1,savremeno,turbo_folk,Ae,PER
ef7c729e07d1,savremeno,turbo_folk,da ,PER
ef7c729e07d1,savremeno,turbo_folk,dne,PER
b6c7699bd822,savremeno,turbo_folk,va,PER
b6c7699bd822,savremeno,turbo_folk,svatov,PER
b6c7699bd822,savremeno,turbo_folk,"Svatova, ",PER
b6c7699bd822,savremeno,turbo_folk,va,PER
b6c7699bd822,savremeno,turbo_folk,svatov,PER
b6c7699bd822,savremeno,turbo_folk,va,PER
b6c7699bd822,savremeno,turbo_folk,svatov,PER
b6c7699bd822,savremeno,turbo_folk,"Svatova, ",PER
f3b350910bcb,savremeno,turbo_folk,kri,MISC
5f165b8dfdfa,savremeno,turbo_folk,Vo,ORG
5f165b8dfdfa,savremeno,turbo_folk,Vol,LOC
5f165b8dfdfa,savremeno,turbo_folk,Vol,LOC
5f165b8dfdfa,savremeno,turbo_folk,Vo,ORG
5f165b8dfdfa,savremeno,turbo_folk,Vol,LOC
0eb433ac1cf0,savremeno,turbo_folk,Kao sta,PER
0eb433ac1cf0,savremeno,turbo_folk,Ka,ORG
0eb433ac1cf0,savremeno,turbo_folk,Kao sta,PER
0eb433ac1cf0,savremeno,turbo_folk,Ka,ORG
163c1ddbac2f,savremeno,turbo_folk,Alka,PER
163c1ddbac2f,savremeno,turbo_folk,Alka:,PER
163c1ddbac2f,savremeno,turbo_folk,Alka,PER
163c1ddbac2f,savremeno,turbo_folk,Alka:,PER
163c1ddbac2f,savremeno,turbo_folk,Alka,PER
163c1ddbac2f,savremeno,turbo_folk,Alka:,PER
163c1ddbac2f,savremeno,turbo_folk, se,PER
21fb5b9a2995,savremeno,turbo_folk,Mi,ORG
21fb5b9a2995,savremeno,turbo_folk,Mi,ORG
21fb5b9a2995,savremeno,turbo_folk,Mi,ORG
0ef3cbd1574d,savremeno,turbo_folk,vrat,PER
bb1c86e86ac1,savremeno,turbo_folk,"a
zna",LOC
ef2b0201b1b9,savremeno,turbo_folk,okol,PER
ef2b0201b1b9,savremeno,turbo_folk,Gd,ORG
ef2b0201b1b9,savremeno,turbo_folk,Gdje ste ,LOC
ef2b0201b1b9,savremeno,turbo_folk,Gdje s,PER
cb5db71a6084,savremeno,turbo_folk,"inoc, dr",LOC
cb5db71a6084,savremeno,turbo_folk,o s,PER
cb5db71a6084,savremeno,turbo_folk,"inoc, dr",LOC
5736448786bd,savremeno,turbo_folk,Budva,LOC
5736448786bd,savremeno,turbo_folk,Herceg Novi,LOC
5736448786bd,savremeno,turbo_folk,"Novi
n",LOC
5736448786bd,savremeno,turbo_folk,"va, Herce",LOC
dc96b747a0a6,savremeno,turbo_folk,Nov,PER
dc96b747a0a6,savremeno,turbo_folk,Nova a,PER
cf380eb7b1db,savremeno,turbo_folk,go ,PER
f7f1b97c66bf,savremeno,turbo_folk,Sta,LOC
fb5a9e4b40e6,savremeno,turbo_folk,Kao ,PER
fb5a9e4b40e6,savremeno,turbo_folk,Kao ,PER
fb5a9e4b40e6,savremeno,turbo_folk,Kao ,PER
fb5a9e4b40e6,savremeno,turbo_folk,Kao ,PER
65dbc0e2ec3e,savremeno,turbo_folk,Tre,PER
262d35cb4b84,savremeno,turbo_folk,Hej,PER
262d35cb4b84,savremeno,turbo_folk,Hej,PER
461575dab86e,savremeno,turbo_folk,Svak,MISC
461575dab86e,savremeno,turbo_folk,Svak,MISC
ac7c3f848b50,savremeno,turbo_folk,Skloni s,PER
ac7c3f848b50,savremeno,turbo_folk,a mis,PER
228e857377f6,savremeno,turbo_folk,Lo,ORG
228e857377f6,savremeno,turbo_folk,Lo,ORG
6d2820aefaa8,savremeno,turbo_folk,Pu,ORG
af34f99ded8b,savremeno,turbo_folk,Ne m,PER
af34f99ded8b,savremeno,turbo_folk,Ne mog,PER
409aafa5364a,savremeno,turbo_folk,Iz,ORG
409aafa5364a,savremeno,turbo_folk,Iz,ORG
409aafa5364a,savremeno,turbo_folk,Iz,ORG
409aafa5364a,savremeno,turbo_folk,Iz,ORG
ebc6fb21e796,savremeno,turbo_folk,Lud,PER
8e2f83339e14,savremeno,turbo_folk,Ko,ORG
8e2f83339e14,savremeno,turbo_folk,Ko,ORG
8e2f83339e14,savremeno,turbo_folk,Ko,ORG
8e2f83339e14,savremeno,turbo_folk,Ko,ORG
744033537550,savremeno,turbo_folk,"mi, daj ",ORG
8c136220acd1,savremeno,turbo_folk,Dok s,MISC
e21f806dc982,savremeno,turbo_folk,Osm,PER
e21f806dc982,savremeno,turbo_folk,eh ,PER
e21f806dc982,savremeno,turbo_folk,Osmeh,ORG
e21f806dc982,savremeno,turbo_folk,Osmeh ,PER
5633ee797d95,savremeno,turbo_folk,Ne,ORG
7c50db86b73b,sfrj,narodna_narodnjacka,Ak,ORG
f486b2fa9766,sfrj,narodna_narodnjacka,Hej,PER
f486b2fa9766,sfrj,narodna_narodnjacka,Hej,PER
4058216f23c4,sfrj,narodna_narodnjacka,e t,PER
50732ec8c749,sfrj,narodna_narodnjacka,On mi ,PER
50732ec8c749,sfrj,narodna_narodnjacka,On ,LOC
50732ec8c749,sfrj,narodna_narodnjacka,On ,LOC
41dd799f2e5d,sfrj,narodna_narodnjacka,Sećaš,ORG
41dd799f2e5d,sfrj,narodna_narodnjacka,Sećaš,ORG
e10480b7874c,sfrj,narodna_narodnjacka,Lažu,PER
31455424386c,sfrj,narodna_narodnjacka,Za,PER
31455424386c,sfrj,narodna_narodnjacka,Za,PER
31455424386c,sfrj,narodna_narodnjacka,Za,PER
13574fe878d5,sfrj,narodna_narodnjacka,u duši ,PER
5868967dc478,sfrj,narodna_narodnjacka,Da ,LOC
5868967dc478,sfrj,narodna_narodnjacka,Da ,LOC
5868967dc478,sfrj,narodna_narodnjacka,Da ,LOC
48fbcabd54c1,sfrj,narodna_narodnjacka,Poz,LOC
6782ebd864d7,sfrj,narodna_narodnjacka,"Ne,",PER
6782ebd864d7,sfrj,narodna_narodnjacka,"Ne,",PER
6782ebd864d7,sfrj,narodna_narodnjacka,Ne,ORG
152d83536a69,sfrj,narodna_narodnjacka,Listam dan,PER
30ac1af25d4e,sfrj,narodna_narodnjacka,te i,PER
f6f1921836aa,sfrj,narodna_narodnjacka,Ma,PER
3916ffcb5e77,sfrj,narodna_narodnjacka,Milovane,PER
3916ffcb5e77,sfrj,narodna_narodnjacka,Milov,PER
3916ffcb5e77,sfrj,narodna_narodnjacka," moje
Mi",PER
3916ffcb5e77,sfrj,narodna_narodnjacka,Milovane,PER
3916ffcb5e77,sfrj,narodna_narodnjacka,"Milovane,",PER
3916ffcb5e77,sfrj,narodna_narodnjacka,Milovane,PER
3916ffcb5e77,sfrj,narodna_narodnjacka,"Milovane,",PER
3916ffcb5e77,sfrj,narodna_narodnjacka,Milovane,PER
0ee64052fd7f,sfrj,narodna_narodnjacka,Pr,ORG
1966997c309c,sfrj,narodna_narodnjacka,Bol,LOC
1966997c309c,sfrj,narodna_narodnjacka,Bo,ORG
1966997c309c,sfrj,narodna_narodnjacka,Bo,ORG
3a1d6a4bfc7a,sfrj,narodna_narodnjacka,Zaš,LOC
5c0530b1782f,sfrj,narodna_narodnjacka,Dok je,PER
102f1ed47315,sfrj,narodna_narodnjacka,Capirti,PER
dd092adb0534,sfrj,narodna_narodnjacka,Tak,LOC
d3c4b901cd68,sfrj,narodna_narodnjacka,Na,ORG
add513d76a20,sfrj,narodna_narodnjacka, vid,PER
a27ec3bf1306,sfrj,narodna_narodnjacka,Sto p,PER
df64cbadd5bb,sfrj,narodna_narodnjacka,"ti
",MISC
ad3788533d5b,sfrj,narodna_narodnjacka,Rana za tob,PER
ad3788533d5b,sfrj,narodna_narodnjacka,Rana za tob,PER
3dca284c530b,sfrj,narodna_narodnjacka,oro,PER
54e2f7b898df,sfrj,narodna_narodnjacka,Dos,PER
f31338f5c591,sfrj,narodna_narodnjacka,Dok,LOC
f31338f5c591,sfrj,narodna_narodnjacka,Do,ORG
8f5b1392db00,sfrj,narodna_narodnjacka,će srcu,LOC
1ca4db871e03,sfrj,narodna_narodnjacka,Ljubav,PER
0162d648a9da,sfrj,narodna_narodnjacka,Sva,LOC
52e2c70de47f,sfrj,narodna_narodnjacka,Za ,LOC
b84a0ac4857f,sfrj,narodna_narodnjacka,Um,ORG
b84a0ac4857f,sfrj,narodna_narodnjacka,A n,PER
b84a0ac4857f,sfrj,narodna_narodnjacka,Um,ORG
b84a0ac4857f,sfrj,narodna_narodnjacka,A n,PER
5c82cbfdb20d,sfrj,narodna_narodnjacka, najg,LOC
5c82cbfdb20d,sfrj,narodna_narodnjacka, vrem,LOC
5c82cbfdb20d,sfrj,narodna_narodnjacka,Ostavljaš,LOC
5c82cbfdb20d,sfrj,narodna_narodnjacka, najg,LOC
5c82cbfdb20d,sfrj,narodna_narodnjacka, vrem,LOC
5c82cbfdb20d,sfrj,narodna_narodnjacka,Ostavljaš,LOC
4b4844f6f117,sfrj,narodna_narodnjacka,Vr,ORG
4b4844f6f117,sfrj,narodna_narodnjacka,Vr,ORG
f8351e9dd291,sfrj,narodna_narodnjacka,Draže,PER
f8351e9dd291,sfrj,narodna_narodnjacka,"moje ništa
Nego ",ORG
f8351e9dd291,sfrj,narodna_narodnjacka,"ta
Nego t",LOC
b0a26995a271,sfrj,ostalo,Ako z,PER
52c3ecfd645d,sfrj,ostalo,Sa,ORG
599b0fd1e4ff,sfrj,ostalo,Sva,PER
31c578165ed5,savremeno,pop,Od,ORG
46c8aebf069a,savremeno,pop,Nie ni,PER
46c8aebf069a,savremeno,pop,Nie n,DERIV-PER
46c8aebf069a,savremeno,pop,Nie nikog,DERIV-PER
e25c355852d9,savremeno,pop,Da,ORG
98f71f1f689b,savremeno,pop,Najna ,PER
5ee42c493335,savremeno,pop,Jos,LOC
5f86f0f1c738,savremeno,pop, klubove u ,PER
5f86f0f1c738,savremeno,pop,"centru
T",ORG
5f86f0f1c738,savremeno,pop,Pos,PER
5f86f0f1c738,savremeno,pop,Pos,LOC
5f86f0f1c738,savremeno,pop,"u centru
Tam",ORG
5f86f0f1c738,savremeno,pop,"u centru
",PER
5f86f0f1c738,savremeno,pop,"e u centru
T",PER
5f86f0f1c738,savremeno,pop,bove,PER
5f86f0f1c738,savremeno,pop, cent,PER
5f86f0f1c738,savremeno,pop,"
Tamo",PER
5f86f0f1c738,savremeno,pop,icemo k,PER
f607b398ed91,savremeno,pop,Noc,LOC
84558fa9aeb2,savremeno,pop,Mis,LOC
84558fa9aeb2,savremeno,pop,Mis,LOC
cff3b937d8d8,savremeno,pop,Da,ORG
cff3b937d8d8,savremeno,pop,Da,ORG
cff3b937d8d8,savremeno,pop,Da,ORG
9ab35f81022c,savremeno,pop,Cujem ,PER
3050dac28c86,tranzicija,narodna_narodnjacka, tvo,PER
3050dac28c86,tranzicija,narodna_narodnjacka, tvo,PER
69e0b5089372,tranzicija,narodna_narodnjacka,jaj r,MISC
82e07a947a93,tranzicija,narodna_narodnjacka,Sad,LOC
82e07a947a93,tranzicija,narodna_narodnjacka,Sad,LOC
d51f5bdea42b,tranzicija,narodna_narodnjacka,U ru,PER
327cf10a1b79,tranzicija,narodna_narodnjacka,Osvanu,PER
327cf10a1b79,tranzicija,narodna_narodnjacka,Osvanu,PER
058290d1d54f,tranzicija,narodna_narodnjacka, da ,PER
9918e17d9499,tranzicija,narodna_narodnjacka,anjam s,PER
9918e17d9499,tranzicija,narodna_narodnjacka,Bas nju,PER
9918e17d9499,tranzicija,narodna_narodnjacka,Bas nju,PER
9918e17d9499,tranzicija,narodna_narodnjacka,s nju s,PER
8276e43feba0,tranzicija,narodna_narodnjacka,vu ž,LOC
8276e43feba0,tranzicija,narodna_narodnjacka,Eh,ORG
8276e43feba0,tranzicija,narodna_narodnjacka,Eh,PER
8276e43feba0,tranzicija,narodna_narodnjacka,Eh,ORG
31c0f71d34f1,tranzicija,narodna_narodnjacka,Neno,PER
31c0f71d34f1,tranzicija,narodna_narodnjacka,Neno,PER
31c0f71d34f1,tranzicija,narodna_narodnjacka,St,PER
31c0f71d34f1,tranzicija,narodna_narodnjacka,"mi, ",PER
31c0f71d34f1,tranzicija,narodna_narodnjacka,"no, ",PER
31c0f71d34f1,tranzicija,narodna_narodnjacka,e ja,PER
31c0f71d34f1,tranzicija,narodna_narodnjacka,St,PER
31c0f71d34f1,tranzicija,narodna_narodnjacka,"mi, ",PER
31c0f71d34f1,tranzicija,narodna_narodnjacka,"no, ",PER
31c0f71d34f1,tranzicija,narodna_narodnjacka,e ja,PER
31c0f71d34f1,tranzicija,narodna_narodnjacka,Neno,PER
31c0f71d34f1,tranzicija,narodna_narodnjacka,Neno,PER
31c0f71d34f1,tranzicija,narodna_narodnjacka,radi,PER
31c0f71d34f1,tranzicija,narodna_narodnjacka,radi,PER
fbf6c0a6191e,tranzicija,narodna_narodnjacka,Nisam ,PER
fbf6c0a6191e,tranzicija,narodna_narodnjacka,Nisam n,MISC
ede8a60bd89d,tranzicija,narodna_narodnjacka,"Sunce,",PER
a8a45263f881,tranzicija,narodna_narodnjacka,Hej,PER
aff4eb3fd236,tranzicija,narodna_narodnjacka,"Da li, da li",PER
4000a3196bc5,tranzicija,narodna_narodnjacka,Ot,ORG
fa2e686ce5dc,tranzicija,narodna_narodnjacka,Gospod Boze,PER
fa2e686ce5dc,tranzicija,narodna_narodnjacka,Go,ORG
67bc70b75707,tranzicija,narodna_narodnjacka,Iz,ORG
8840638a18f7,tranzicija,narodna_narodnjacka,bili ljudi,MISC
8840638a18f7,tranzicija,narodna_narodnjacka,i bi,PER
1807b2f6e96a,tranzicija,narodna_narodnjacka,Kamele,ORG
aa5e9225e847,tranzicija,narodna_narodnjacka,lo v,PER
aa5e9225e847,tranzicija,narodna_narodnjacka,Kolovođa,DERIV-PER
62c188736aa3,tranzicija,narodna_narodnjacka, laž,PER
62c188736aa3,tranzicija,narodna_narodnjacka,ljud,PER
109ed1f40042,tranzicija,narodna_narodnjacka, ide,PER
109ed1f40042,tranzicija,narodna_narodnjacka,Sve mi dob,PER
44353168f7f9,tranzicija,narodna_narodnjacka,Lud,LOC
44353168f7f9,tranzicija,narodna_narodnjacka,"Luda,",PER
1febb5a9cf54,tranzicija,narodna_narodnjacka,Mi,ORG
1febb5a9cf54,tranzicija,narodna_narodnjacka,Mi,ORG
5f4cfdc2d727,tranzicija,narodna_narodnjacka,Gr,ORG
77e146a41f11,tranzicija,narodna_narodnjacka,Leg,PER
51173d3a2102,tranzicija,narodna_narodnjacka,Zn,ORG
40d7deaa76b9,tranzicija,narodna_narodnjacka,Ako ,PER
b0631099dc9e,tranzicija,narodna_narodnjacka,Hej,PER
b0631099dc9e,tranzicija,narodna_narodnjacka,"Hej, ",PER
4fd2dc8c51fb,tranzicija,narodna_narodnjacka,Du,ORG
4fd2dc8c51fb,tranzicija,narodna_narodnjacka,Du,ORG
a12acd988f08,tranzicija,narodna_narodnjacka,Sve,LOC
74b50bf72b1a,tranzicija,narodna_narodnjacka,Zasto me,ORG
74b50bf72b1a,tranzicija,narodna_narodnjacka,Zasto ,PER
74b50bf72b1a,tranzicija,narodna_narodnjacka,Za,ORG
3cf3f69db764,tranzicija,narodna_narodnjacka,Od jed,MISC
81a892cc90d6,tranzicija,narodna_narodnjacka,Osudjen sa,PER
47a71d294aeb,tranzicija,narodna_narodnjacka,Velika,PER
9b460d54645b,tranzicija,narodna_narodnjacka,Ni,ORG
3616612e10ff,tranzicija,narodna_narodnjacka,Lagala ,MISC
e0b4ba12fb88,tranzicija,narodna_narodnjacka,Ig,ORG
b31836c975f0,tranzicija,narodna_narodnjacka,Igr,LOC
c0c1c42a01de,tranzicija,narodna_narodnjacka,Ludilo,PER
c0c1c42a01de,tranzicija,narodna_narodnjacka,Ludilo,PER
dd0fcc29191e,tranzicija,narodna_narodnjacka,Alo,ORG
dd0fcc29191e,tranzicija,narodna_narodnjacka,Alo,ORG
dd0fcc29191e,tranzicija,narodna_narodnjacka,Alo,ORG
c56c0289c039,tranzicija,narodna_narodnjacka,vot da se,LOC
c56c0289c039,tranzicija,narodna_narodnjacka,cnu,PER
7853ccd5ddd5,tranzicija,narodna_narodnjacka,Nekad s,ORG
3d8887ed51db,tranzicija,narodna_narodnjacka,Us,ORG
90ef030fee72,tranzicija,narodna_narodnjacka,Sa,ORG
21016b458a04,tranzicija,narodna_narodnjacka,Pal,PER
5c245b832687,tranzicija,narodna_narodnjacka, od ,PER
5c245b832687,tranzicija,narodna_narodnjacka, od ,PER
5c245b832687,tranzicija,narodna_narodnjacka, od ,PER
266cf9848579,tranzicija,narodna_narodnjacka,Verujem,PER
266cf9848579,tranzicija,narodna_narodnjacka,Verujem,PER
4e90ede57c72,tranzicija,narodna_narodnjacka,upoznao str,MISC
73e539009c5f,tranzicija,narodna_narodnjacka,"Ti, s ",PER
73e539009c5f,tranzicija,narodna_narodnjacka,odi,PER
6203720c0b1d,savremeno,pop,e o,PER
6203720c0b1d,savremeno,pop, nestv,PER
6203720c0b1d,savremeno,pop,ako nestva,PER
5a9a2eef8817,savremeno,pop,Bi,ORG
5a9a2eef8817,savremeno,pop, pop,PER
1808bf60c97f,savremeno,pop,Još se,LOC
024121ae0deb,savremeno,pop,Mo,ORG
024121ae0deb,savremeno,pop,Mo,ORG
d10694a08210,savremeno,pop,Usne tvoj,PER
d65ccaf254fd,savremeno,pop,Ja žen,PER
79e1111e15e2,savremeno,pop,Da,ORG
79e1111e15e2,savremeno,pop,Da,ORG
79e1111e15e2,savremeno,pop,a sk,PER
79e1111e15e2,savremeno,pop,Da se smi,PER
79e1111e15e2,savremeno,pop,a sk,PER
79e1111e15e2,savremeno,pop,Da se smi,PER
79e1111e15e2,savremeno,pop,ao s,PER
79e1111e15e2,savremeno,pop,bao ,MISC
45f905efa173,savremeno,pop,kada ,PER
45f905efa173,savremeno,pop,Od trena k,PER
45f905efa173,savremeno,pop,tren,PER
45f905efa173,savremeno,pop,Od trena k,PER
45f905efa173,savremeno,pop,kada ,PER
0b7705cca509,savremeno,pop,Danima k’,PER
8ec8c289067d,savremeno,pop,Tebi,PER
8ec8c289067d,savremeno,pop,Tebi j,PER
8b1fbd12e0cd,savremeno,pop,Zbog nje tr,PER
8b1fbd12e0cd,savremeno,pop,pas u v,PER
8b1fbd12e0cd,savremeno,pop, nje tr,PER
12e1bdf4a972,savremeno,pop,Ladies,MISC
12e1bdf4a972,savremeno,pop,Ladies and dam,PER
12e1bdf4a972,savremeno,pop,vjer,PER
12e1bdf4a972,savremeno,pop,s a,PER
12e1bdf4a972,savremeno,pop,", vjer",PER
12e1bdf4a972,savremeno,pop," dame, vje",PER
12e1bdf4a972,savremeno,pop,Ladies,MISC
33ca08294d69,savremeno,pop,Mijenjao,PER
0062ca7e0be4,savremeno,pop,Kaži vi,PER
3de35df0be31,savremeno,pop,Zavede ,PER
cec0d090abb2,savremeno,pop,Ht,ORG
cec0d090abb2,savremeno,pop,Ht,ORG
cad359bfb1cc,savremeno,pop,Boga,MISC
cad359bfb1cc,savremeno,pop,Boga,MISC
a5fe002a6308,savremeno,pop,Gdj,LOC
a5fe002a6308,savremeno,pop,Gdj,LOC
be2d05ae3515,savremeno,pop,Ne ,LOC
821be034ed66,savremeno,pop,Po,ORG
821be034ed66,savremeno,pop,Po,ORG
aa4b534f2ef3,savremeno,pop,"si, is",PER
e9a4c0ed9119,savremeno,pop,Bez n,PER
e9a4c0ed9119,savremeno,pop,ne m,PER
e9a4c0ed9119,savremeno,pop,Bez n,PER
86142f8d2977,savremeno,pop,Mila,PER
86142f8d2977,savremeno,pop,Mi,ORG
86142f8d2977,savremeno,pop,"Mila,",PER
8f5e61a1813c,savremeno,pop,Crna,LOC
0f7143056ff0,savremeno,pop,znao ,PER
0f7143056ff0,savremeno,pop,Nova ,MISC
0426a3d342fb,savremeno,pop,Na,ORG
0426a3d342fb,savremeno,pop,Na,ORG
280c91abd2ed,savremeno,pop,Ja,ORG
280c91abd2ed,savremeno,pop,Ja,ORG
be12851d2242,savremeno,pop,Ka,ORG
be12851d2242,savremeno,pop,Kaze,PER
be12851d2242,savremeno,pop,Ka,ORG
318028ac384c,savremeno,pop,Od,ORG
318028ac384c,savremeno,pop,Od,ORG
ea8c56d17549,savremeno,pop,Sam,PER
ea8c56d17549,savremeno,pop,b,ORG
ea8c56d17549,savremeno,pop,ja bicu tu,MISC
e81a380bca8e,savremeno,pop,Dado,PER
e81a380bca8e,savremeno,pop,Dad,PER
e81a380bca8e,savremeno,pop,Dad,PER
e81a380bca8e,savremeno,pop,Dado,PER
e81a380bca8e,savremeno,pop,Dad,PER
e81a380bca8e,savremeno,pop,do:,MISC
e81a380bca8e,savremeno,pop,Dado,PER
c442b5ee37b9,savremeno,pop,o do,PER
c442b5ee37b9,savremeno,pop,o do,PER
8a78f8a0e705,savremeno,pop, nemoj ,PER
dd6a479f3806,savremeno,pop,Imam t,ORG
76222f5f9f24,savremeno,pop,Ona j,PER
0d1eda39ff1e,savremeno,pop,Znas da,LOC
0d1eda39ff1e,savremeno,pop,Znas da,LOC
0d1eda39ff1e,savremeno,pop,Zn,ORG
0d1eda39ff1e,savremeno,pop,Znas da,LOC
730d54cd834b,savremeno,pop,Du,ORG
7c6032b0fa3e,savremeno,pop,Ev,ORG
752163e652bb,savremeno,pop,Gd,ORG
495f95ba0cb2,savremeno,pop,Koliko,ORG
477e13de6db2,savremeno,pop,Godine ,ORG
477e13de6db2,savremeno,pop,Godine ,ORG
ac6812439a2d,savremeno,pop,Krivo vri,PER
ac6812439a2d,savremeno,pop,Krivo v,PER
64f69fe787a9,savremeno,hip_hop_rep,Relja,PER
64f69fe787a9,savremeno,hip_hop_rep,Znas ,PER
64f69fe787a9,savremeno,hip_hop_rep,Zna,LOC
64f69fe787a9,savremeno,hip_hop_rep,Znas ,PER
64f69fe787a9,savremeno,hip_hop_rep,ko te,PER
64f69fe787a9,savremeno,hip_hop_rep,e…Zna,PER
64f69fe787a9,savremeno,hip_hop_rep,Zna,LOC
4883f20d94b3,savremeno,hip_hop_rep,i da,PER
4883f20d94b3,savremeno,hip_hop_rep,Svaki d,PER
43b63b1a953e,savremeno,hip_hop_rep,", bro",PER
43b63b1a953e,savremeno,hip_hop_rep,roj d,PER
43b63b1a953e,savremeno,hip_hop_rep, broj,PER
43b63b1a953e,savremeno,hip_hop_rep,Elitni o,PER
43b63b1a953e,savremeno,hip_hop_rep,a…re,PER
43b63b1a953e,savremeno,hip_hop_rep,tni o,ORG
43b63b1a953e,savremeno,hip_hop_rep,"di,  C",ORG
43b63b1a953e,savremeno,hip_hop_rep,"odredi,  Cvi",PER
43b63b1a953e,savremeno,hip_hop_rep,Jeda,PER
43b63b1a953e,savremeno,hip_hop_rep,a…rem,PER
501aca11f9ab,savremeno,hip_hop_rep,I dalje ,PER
828fd99dd873,savremeno,hip_hop_rep,Sp,ORG
828fd99dd873,savremeno,hip_hop_rep,Spusti,PER
828fd99dd873,savremeno,hip_hop_rep,"
Budi mal",ORG
9c17c1706f36,savremeno,hip_hop_rep,Drugovi,PER
4cf219829769,savremeno,hip_hop_rep,na je,PER
4cf219829769,savremeno,hip_hop_rep,Kao ,LOC
4cf219829769,savremeno,hip_hop_rep,"kain, kao ",LOC
4cf219829769,savremeno,hip_hop_rep,Ona je,LOC
4cf219829769,savremeno,hip_hop_rep,"ona je, on",LOC
4cf219829769,savremeno,hip_hop_rep,Ona,LOC
4cf219829769,savremeno,hip_hop_rep,Ona ,PER
4cf219829769,savremeno,hip_hop_rep,"okain, k",PER
4cf219829769,savremeno,hip_hop_rep,Ona ,PER
a3f6abc04e49,savremeno,hip_hop_rep,Relja,PER
a3f6abc04e49,savremeno,hip_hop_rep,Deniro,PER
a3f6abc04e49,savremeno,hip_hop_rep,Grubo,PER
a3f6abc04e49,savremeno,hip_hop_rep,"elja,",ORG
a3f6abc04e49,savremeno,hip_hop_rep,"eniro, ",LOC
a3f6abc04e49,savremeno,hip_hop_rep,1 2 ,PER
a3f6abc04e49,savremeno,hip_hop_rep,2 Rel,ORG
a3f6abc04e49,savremeno,hip_hop_rep,1 ,ORG
a3f6abc04e49,savremeno,hip_hop_rep,"lja, De",LOC
a3f6abc04e49,savremeno,hip_hop_rep,1 ,ORG
a3f6abc04e49,savremeno,hip_hop_rep,1 2 R,PER
645b9d728715,savremeno,hip_hop_rep,na je,PER
645b9d728715,savremeno,hip_hop_rep,"..
K",LOC
645b9d728715,savremeno,hip_hop_rep," kokain, k",LOC
645b9d728715,savremeno,hip_hop_rep,Ona je,LOC
645b9d728715,savremeno,hip_hop_rep,". ona je, ",LOC
645b9d728715,savremeno,hip_hop_rep,Ona,LOC
ad336ffdf9a7,savremeno,hip_hop_rep,ana b,PER
ad336ffdf9a7,savremeno,hip_hop_rep,"me, ak",LOC
ad336ffdf9a7,savremeno,hip_hop_rep,na bat,DERIV-PER
ad336ffdf9a7,savremeno,hip_hop_rep,Ja sam k,PER
ad336ffdf9a7,savremeno,hip_hop_rep,ako ne,PER
2dd426a401c7,savremeno,hip_hop_rep,Brate,PER
2dd426a401c7,savremeno,hip_hop_rep,",
Secas se ka",LOC
2dd426a401c7,savremeno,hip_hop_rep,Brate moj,PER
2dd426a401c7,savremeno,hip_hop_rep,u kao s,ORG
2dd426a401c7,savremeno,hip_hop_rep,su kao svi pr,PER
2dd426a401c7,savremeno,hip_hop_rep,Brat,PER
2dd426a401c7,savremeno,hip_hop_rep,Brate moj,PER
2dd426a401c7,savremeno,hip_hop_rep,Brate moj,PER
3f74b6cce64f,savremeno,hip_hop_rep,I ,ORG
3f74b6cce64f,savremeno,hip_hop_rep,I ,ORG
3f74b6cce64f,savremeno,hip_hop_rep,I ,ORG
3f74b6cce64f,savremeno,hip_hop_rep,I ,ORG
3f74b6cce64f,savremeno,hip_hop_rep,I ,ORG
3f74b6cce64f,savremeno,hip_hop_rep,I p,LOC
6d4e30539625,savremeno,hip_hop_rep,Jea,PER
6d4e30539625,savremeno,hip_hop_rep,Frka,PER
6d4e30539625,savremeno,hip_hop_rep,Cvija,PER
6d4e30539625,savremeno,hip_hop_rep,Elitni Odredi,ORG
6d4e30539625,savremeno,hip_hop_rep,"Jea, ",PER
6d4e30539625,savremeno,hip_hop_rep,", C",PER
6d4e30539625,savremeno,hip_hop_rep,a Frk,PER
6d4e30539625,savremeno,hip_hop_rep,Jea,LOC
6d4e30539625,savremeno,hip_hop_rep,"
Sta",PER
087bf6b30e86,savremeno,hip_hop_rep,Mnoge,PER
cf3e7eb88926,savremeno,hip_hop_rep,Ja n,PER
cf3e7eb88926,savremeno,hip_hop_rep,Ja n,PER
cf3e7eb88926,savremeno,hip_hop_rep,"bavi,",PER
cf3e7eb88926,savremeno,hip_hop_rep,Ja ,LOC
cf3e7eb88926,savremeno,hip_hop_rep,Ja ne,PER
d82247fd1e6a,savremeno,hip_hop_rep,Desilo se,PER
d82247fd1e6a,savremeno,hip_hop_rep,Desi,PER
d82247fd1e6a,savremeno,hip_hop_rep,lo s,PER
d82247fd1e6a,savremeno,hip_hop_rep,nao ,PER
d82247fd1e6a,savremeno,hip_hop_rep, zn,ORG
20496b9e1d57,savremeno,hip_hop_rep,Ljudi ,ORG
20496b9e1d57,savremeno,hip_hop_rep,Lj,ORG
20496b9e1d57,savremeno,hip_hop_rep,Lj,ORG
20496b9e1d57,savremeno,hip_hop_rep,Lju,LOC
20496b9e1d57,savremeno,hip_hop_rep,Ljudi ,ORG
bf7d89102718,savremeno,hip_hop_rep,NE,ORG
bf7d89102718,savremeno,hip_hop_rep,")
N",PER
bf7d89102718,savremeno,hip_hop_rep,i s,ORG
bf7d89102718,savremeno,hip_hop_rep,Nisam s nj,PER
bf7d89102718,savremeno,hip_hop_rep," (NE)
Nis",ORG
bf7d89102718,savremeno,hip_hop_rep,isam s ,PER
bf7d89102718,savremeno,hip_hop_rep,Ni,ORG
bf7d89102718,savremeno,hip_hop_rep,Nisi s,LOC
19d6343912c2,savremeno,hip_hop_rep,Opros,PER
19d6343912c2,savremeno,hip_hop_rep,Oprost,ORG
6f763ab9fed9,savremeno,hip_hop_rep,"aj,
Me",ORG
6f763ab9fed9,savremeno,hip_hop_rep,Znam,PER
6f763ab9fed9,savremeno,hip_hop_rep,"aj,
Me",ORG
6f763ab9fed9,savremeno,hip_hop_rep,Znam kakv,PER
6f763ab9fed9,savremeno,hip_hop_rep,"aj,
Me",ORG
70600fe7e543,savremeno,hip_hop_rep, si sa,MISC
70600fe7e543,savremeno,hip_hop_rep,si sam,MISC
70600fe7e543,savremeno,hip_hop_rep,Samo d,PER
70600fe7e543,savremeno,hip_hop_rep,Samo d,PER
085455d16bef,savremeno,hip_hop_rep,Drima,LOC
085455d16bef,savremeno,hip_hop_rep,Djole G.I,MISC
085455d16bef,savremeno,hip_hop_rep, lep d,PER
085455d16bef,savremeno,hip_hop_rep,"n, Drima, ",ORG
085455d16bef,savremeno,hip_hop_rep,"a, Djole G.I,
",PER
085455d16bef,savremeno,hip_hop_rep,"G.I,
S",LOC
085455d16bef,savremeno,hip_hop_rep,e ,ORG
085455d16bef,savremeno,hip_hop_rep,"le G.I,
",LOC
085455d16bef,savremeno,hip_hop_rep, Dri,ORG
085455d16bef,savremeno,hip_hop_rep,", Djo",ORG
93592f36d37c,savremeno,hip_hop_rep,Nemoj,PER
93592f36d37c,savremeno,hip_hop_rep,Nemoj,PER
93592f36d37c,savremeno,hip_hop_rep,Nemoj,PER
93592f36d37c,savremeno,hip_hop_rep,Nemoj,PER
f4269275fb60,savremeno,hip_hop_rep,Yeah… el,PER
f4269275fb60,savremeno,hip_hop_rep,ni od,PER
114c84d2ca7b,savremeno,hip_hop_rep,mra,PER
114c84d2ca7b,savremeno,hip_hop_rep," su mracne,
L",MISC
114c84d2ca7b,savremeno,hip_hop_rep,jajn,PER
